㑇	zhou	primary
㑊	yi	primary
㕮	fu	primary
㘎	han	primary
㙍	duo	primary
㙘	yao	primary
㙦	xie	primary
㛃	jie	primary
㛚	tong	primary
㛹	pian	primary
㟃	si	primary
㠇	jiu	primary
㠓	meng	primary
㤘	zhou	primary
㥄	ling	primary
㧐	song	primary
㧑	hui	primary
㧟	kuai	primary
㫰	lang	primary
㬊	huan	primary
㬎	xian	primary
㬚	che	primary
㭎	gang	primary
㭕	qu	primary
㮾	lang	primary
㰀	li	primary
㳇	fu	primary
㳘	chong	primary
㳚	xu	primary
㴔	xi	primary
㴔	ji	alt
㵐	jue	primary
㶲	yong	primary
㸆	kao	primary
㸌	huo	primary
㺄	yu	primary
㻬	tu	primary
㽏	gan	primary
㿠	huang	primary
䁖	lou	primary
䂮	lve	primary
䃅	di	primary
䃎	zha	primary
䅟	can	primary
䌹	jiong	primary
䎃	ran	primary
䎖	zeng	primary
䏝	zhuan	primary
䏡	shi	primary
䏲	die	primary
䏲	ti	alt
䐃	jun	primary
䓖	qiong	primary
䓛	qu	primary
䓨	ying	primary
䓫	qi	primary
䓬	zhuo	primary
䗖	di	primary
䗛	xiu	primary
䗪	zhe	primary
䗴	ting	primary
䜣	xin	primary
䝙	chu	primary
䢺	chu	primary
䢼	gong	primary
䣘	tang	primary
䥽	po	primary
䦃	zhuo	primary
䲟	yin	primary
䲠	chun	primary
䲢	teng	primary
䴓	shi	primary
䴔	jiao	primary
䴕	lie	primary
䴖	jing	primary
䴗	ju	primary
䴘	ti	primary
䴙	pi	primary
䶮	yan	primary
一	yi	primary
丁	ding	primary
七	qi	primary
万	wan	primary
万	mo	alt
丈	zhang	primary
三	san	primary
上	shang	primary
下	xia	primary
不	bu	primary
与	yu	primary
丏	mian	primary
丐	gai	primary
丑	chou	primary
专	zhuan	primary
且	qie	primary
丕	pi	primary
世	shi	primary
丘	qiu	primary
丙	bing	primary
业	ye	primary
丛	cong	primary
东	dong	primary
丝	si	primary
丞	cheng	primary
丢	diu	primary
两	liang	primary
严	yan	primary
丧	sang	primary
个	ge	primary
丫	ya	primary
中	zhong	primary
丰	feng	primary
串	chuan	primary
临	lin	primary
丸	wan	primary
丹	dan	primary
为	wei	primary
主	zhu	primary
丽	li	primary
举	ju	primary
乂	yi	primary
乃	nai	primary
久	jiu	primary
么	me	primary
义	yi	primary
之	zhi	primary
乌	wu	primary
乍	zha	primary
乎	hu	primary
乏	fa	primary
乐	le	primary
乐	yue	alt
乒	ping	primary
乓	pang	primary
乔	qiao	primary
乖	guai	primary
乘	cheng	primary
乙	yi	primary
乜	mie	primary
乜	nie	alt
九	jiu	primary
乞	qi	primary
也	ye	primary
习	xi	primary
乡	xiang	primary
书	shu	primary
乩	ji	primary
买	mai	primary
乱	luan	primary
乳	ru	primary
乸	na	primary
乾	qian	primary
了	le	primary
了	liao	alt
予	yu	primary
争	zheng	primary
事	shi	primary
二	er	primary
亍	chu	primary
于	yu	primary
亏	kui	primary
云	yun	primary
互	hu	primary
亓	qi	primary
五	wu	primary
井	jing	primary
亘	gen	primary
亚	ya	primary
些	xie	primary
亟	ji	primary
亟	qi	alt
亡	wang	primary
亢	kang	primary
交	jiao	primary
亥	hai	primary
亦	yi	primary
产	chan	primary
亨	heng	primary
亩	mu	primary
享	xiang	primary
京	jing	primary
亭	ting	primary
亮	liang	primary
亲	qin	primary
亲	qing	alt
亳	bo	primary
亵	xie	primary
亶	dan	primary
亸	duo	primary
亹	wei	primary
人	ren	primary
亿	yi	primary
什	shen	primary
什	shi	alt
仁	ren	primary
仂	le	primary
仃	ding	primary
仄	ze	primary
仅	jin	primary
仆	pu	primary
仇	chou	primary
仇	qiu	alt
仉	zhang	primary
今	jin	primary
介	jie	primary
仍	reng	primary
从	cong	primary
仑	lun	primary
仓	cang	primary
仔	zai	primary
仔	zi	alt
仕	shi	primary
他	ta	primary
仗	zhang	primary
付	fu	primary
仙	xian	primary
仝	tong	primary
仞	ren	primary
仟	qian	primary
仡	ge	primary
代	dai	primary
令	ling	primary
以	yi	primary
仨	sa	primary
仪	yi	primary
仫	mu	primary
们	men	primary
仰	yang	primary
仲	zhong	primary
仳	pi	primary
仵	wu	primary
件	jian	primary
价	jia	primary
价	jie	alt
任	ren	primary
份	fen	primary
仿	fang	primary
企	qi	primary
伈	xin	primary
伉	kang	primary
伊	yi	primary
伋	ji	primary
伍	wu	primary
伎	ji	primary
伏	fu	primary
伐	fa	primary
休	xiu	primary
众	zhong	primary
优	you	primary
伙	huo	primary
会	hui	primary
会	kuai	alt
伛	yu	primary
伞	san	primary
伟	wei	primary
传	chuan	primary
传	zhuan	alt
伢	ya	primary
伣	qian	primary
伤	shang	primary
伥	chang	primary
伦	lun	primary
伧	cang	primary
伪	wei	primary
伫	zhu	primary
伭	xian	primary
伯	bo	primary
伯	bai	alt
估	gu	primary
伲	ni	primary
伴	ban	primary
伶	ling	primary
伸	shen	primary
伺	ci	primary
伺	si	alt
似	shi	primary
似	si	alt
伽	ga	primary
伽	jia	alt
伽	qie	alt
伾	pi	primary
佁	yi	primary
佃	dian	primary
但	dan	primary
位	wei	primary
低	di	primary
住	zhu	primary
佐	zuo	primary
佑	you	primary
体	ti	primary
何	he	primary
佖	bi	primary
佗	tuo	primary
佘	she	primary
余	yu	primary
佚	yi	primary
佛	fu	primary
佛	fo	alt
作	zuo	primary
佝	gou	primary
佞	ning	primary
佟	tong	primary
你	ni	primary
佣	yong	primary
佤	wa	primary
佥	qian	primary
佩	pei	primary
佬	lao	primary
佯	yang	primary
佰	bai	primary
佳	jia	primary
佴	er	primary
佴	nai	alt
佶	ji	primary
佸	huo	primary
佺	quan	primary
佻	tiao	primary
佼	jiao	primary
佽	ci	primary
佾	yi	primary
使	shi	primary
侁	shen	primary
侂	tuo	primary
侃	kan	primary
侄	zhi	primary
侈	chi	primary
侉	kua	primary
例	li	primary
侍	shi	primary
侏	zhu	primary
侑	you	primary
侔	mou	primary
侗	dong	primary
侘	cha	primary
供	gong	primary
依	yi	primary
侠	xia	primary
侣	lv	primary
侥	jiao	primary
侥	yao	alt
侦	zhen	primary
侧	ce	primary
侨	qiao	primary
侩	kuai	primary
侪	chai	primary
侬	nong	primary
侮	wu	primary
侯	hou	primary
侴	chou	primary
侵	qin	primary
侹	ting	primary
便	bian	primary
便	pian	alt
促	cu	primary
俄	e	primary
俅	qiu	primary
俊	jun	primary
俍	liang	primary
俎	zu	primary
俏	qiao	primary
俐	li	primary
俑	yong	primary
俗	su	primary
俘	fu	primary
俙	xi	primary
俚	li	primary
俜	ping	primary
保	bao	primary
俞	yu	primary
俟	qi	primary
俟	si	alt
信	xin	primary
俣	yu	primary
俦	chou	primary
俨	yan	primary
俩	lia	primary
俩	liang	alt
俪	li	primary
俫	lai	primary
俭	jian	primary
修	xiu	primary
俯	fu	primary
俱	ju	primary
俳	pai	primary
俵	biao	primary
俶	chu	primary
俸	feng	primary
俺	an	primary
俾	bi	primary
倌	guan	primary
倍	bei	primary
倏	shu	primary
倒	dao	primary
倓	tan	primary
倔	jue	primary
倕	chui	primary
倘	tang	primary
候	hou	primary
倚	yi	primary
倜	ti	primary
倞	jing	primary
借	jie	primary
倡	chang	primary
倥	kong	primary
倦	juan	primary
倧	zong	primary
倨	ju	primary
倩	qian	primary
倪	ni	primary
倬	zhuo	primary
倭	wo	primary
倮	luo	primary
倴	ben	primary
债	zhai	primary
倻	ye	primary
值	zhi	primary
倾	qing	primary
偁	cheng	primary
偃	yan	primary
假	jia	primary
偈	ji	primary
偌	ruo	primary
偎	wei	primary
偏	pian	primary
偓	wo	primary
偕	xie	primary
做	zuo	primary
停	ting	primary
偡	zhan	primary
健	jian	primary
偬	zong	primary
偭	mian	primary
偰	xie	primary
偲	cai	primary
偶	ou	primary
偷	tou	primary
偻	lou	primary
偻	lv	alt
偾	fen	primary
偿	chang	primary
傀	gui	primary
傀	kui	alt
傃	su	primary
傅	fu	primary
傈	li	primary
傉	nu	primary
傍	bang	primary
傒	xi	primary
傕	jue	primary
傣	dai	primary
傥	tang	primary
傧	bin	primary
储	chu	primary
傩	nuo	primary
催	cui	primary
傲	ao	primary
傺	chi	primary
傻	sha	primary
僇	lu	primary
僎	zhuan	primary
像	xiang	primary
僔	zun	primary
僖	xi	primary
僚	liao	primary
僦	jiu	primary
僧	seng	primary
僬	jiao	primary
僭	jian	primary
僮	tong	primary
僰	bo	primary
僳	su	primary
僵	jiang	primary
僻	pi	primary
儆	jing	primary
儇	xuan	primary
儋	dan	primary
儒	ru	primary
儡	lei	primary
儦	biao	primary
儳	chan	primary
儴	rang	primary
儿	er	primary
兀	wu	primary
允	yun	primary
元	yuan	primary
兄	xiong	primary
充	chong	primary
兆	zhao	primary
先	xian	primary
光	guang	primary
克	ke	primary
免	mian	primary
兑	dui	primary
兔	tu	primary
兕	si	primary
兖	yan	primary
党	dang	primary
兜	dou	primary
兢	jing	primary
入	ru	primary
全	quan	primary
八	ba	primary
公	gong	primary
六	liu	primary
兮	xi	primary
兰	lan	primary
共	gong	primary
关	guan	primary
兴	xing	primary
兵	bing	primary
其	qi	primary
具	ju	primary
典	dian	primary
兹	zi	primary
兹	ci	alt
养	yang	primary
兼	jian	primary
兽	shou	primary
冀	ji	primary
冁	chan	primary
内	nei	primary
冈	gang	primary
冉	ran	primary
册	ce	primary
再	zai	primary
冏	jiong	primary
冒	mao	primary
冔	xu	primary
冕	mian	primary
冗	rong	primary
写	xie	primary
军	jun	primary
农	nong	primary
冠	guan	primary
冢	zhong	primary
冤	yuan	primary
冥	ming	primary
冬	dong	primary
冮	gang	primary
冯	feng	primary
冰	bing	primary
冱	hu	primary
冲	chong	primary
决	jue	primary
况	kuang	primary
冶	ye	primary
冷	leng	primary
冻	dong	primary
冼	xian	primary
冽	lie	primary
净	jing	primary
凄	qi	primary
准	zhun	primary
凇	song	primary
凉	liang	primary
凋	diao	primary
凌	ling	primary
减	jian	primary
凑	cou	primary
凓	li	primary
凘	si	primary
凛	lin	primary
凝	ning	primary
几	ji	primary
凡	fan	primary
凤	feng	primary
凫	fu	primary
凭	ping	primary
凯	kai	primary
凰	huang	primary
凳	deng	primary
凶	xiong	primary
凸	tu	primary
凹	ao	primary
出	chu	primary
击	ji	primary
凼	dang	primary
函	han	primary
凿	zao	primary
刀	dao	primary
刁	diao	primary
刃	ren	primary
分	fen	primary
切	qie	primary
刈	yi	primary
刊	kan	primary
刍	chu	primary
刎	wen	primary
刑	xing	primary
划	hua	primary
刖	yue	primary
列	lie	primary
刘	liu	primary
则	ze	primary
刚	gang	primary
创	chuang	primary
初	chu	primary
删	shan	primary
判	pan	primary
刨	pao	primary
刨	bao	alt
利	li	primary
别	bie	primary
刬	chan	primary
刭	jing	primary
刮	gua	primary
到	dao	primary
刳	ku	primary
制	zhi	primary
刷	shua	primary
券	quan	primary
券	xuan	alt
刹	sha	primary
刹	cha	alt
刺	ci	primary
刻	ke	primary
刽	gui	primary
刿	gui	primary
剀	kai	primary
剁	duo	primary
剂	ji	primary
剃	ti	primary
剅	lou	primary
削	xue	primary
削	xiao	alt
剋	ke	primary
剋	kei	alt
剌	la	primary
前	qian	primary
剐	gua	primary
剑	jian	primary
剔	ti	primary
剕	fei	primary
剖	pou	primary
剜	wan	primary
剞	ji	primary
剟	duo	primary
剡	shan	primary
剥	bo	primary
剥	bao	alt
剧	ju	primary
剩	sheng	primary
剪	jian	primary
副	fu	primary
割	ge	primary
剽	piao	primary
剿	jiao	primary
劁	qiao	primary
劂	jue	primary
劄	zha	primary
劈	pi	primary
劐	huo	primary
劓	yi	primary
力	li	primary
劝	quan	primary
办	ban	primary
功	gong	primary
加	jia	primary
务	wu	primary
劢	mai	primary
劣	lie	primary
动	dong	primary
助	zhu	primary
努	nu	primary
劫	jie	primary
劬	qu	primary
劭	shao	primary
励	li	primary
劲	jin	primary
劲	jing	alt
劳	lao	primary
劼	jie	primary
劾	he	primary
势	shi	primary
勃	bo	primary
勇	yong	primary
勉	mian	primary
勋	xun	primary
勍	qing	primary
勐	meng	primary
勒	lei	primary
勒	le	alt
勔	mian	primary
勖	xu	primary
勘	kan	primary
勚	yi	primary
募	mu	primary
勠	lu	primary
勤	qin	primary
勰	xie	primary
勺	shao	primary
勾	gou	primary
勿	wu	primary
匀	yun	primary
包	bao	primary
匆	cong	primary
匈	xiong	primary
匍	pu	primary
匏	pao	primary
匐	fu	primary
匕	bi	primary
化	hua	primary
北	bei	primary
匙	shi	primary
匙	chi	alt
匜	yi	primary
匝	za	primary
匠	jiang	primary
匡	kuang	primary
匣	xia	primary
匦	gui	primary
匪	fei	primary
匮	kui	primary
匹	pi	primary
区	qu	primary
区	ou	alt
医	yi	primary
匼	ke	primary
匾	bian	primary
匿	ni	primary
十	shi	primary
千	qian	primary
卅	sa	primary
升	sheng	primary
午	wu	primary
卉	hui	primary
半	ban	primary
华	hua	primary
协	xie	primary
卑	bei	primary
卒	zu	primary
卒	cu	alt
卓	zhuo	primary
单	dan	primary
单	chan	alt
单	shan	alt
卖	mai	primary
南	nan	primary
南	na	alt
博	bo	primary
卜	bo	primary
卜	bu	alt
卞	bian	primary
卟	bu	primary
占	zhan	primary
卡	ka	primary
卡	qia	alt
卢	lu	primary
卣	you	primary
卤	lu	primary
卦	gua	primary
卧	wo	primary
卫	wei	primary
卬	ang	primary
卮	zhi	primary
卯	mao	primary
印	yin	primary
危	wei	primary
即	ji	primary
却	que	primary
卵	luan	primary
卷	juan	primary
卸	xie	primary
卺	jin	primary
卿	qing	primary
厂	chang	primary
厄	e	primary
厅	ting	primary
历	li	primary
厉	li	primary
压	ya	primary
厌	yan	primary
厍	she	primary
厕	ce	primary
厖	pang	primary
厖	mang	alt
厘	li	primary
厚	hou	primary
厝	cuo	primary
原	yuan	primary
厢	xiang	primary
厣	yan	primary
厥	jue	primary
厦	sha	primary
厦	xia	alt
厨	chu	primary
厩	jiu	primary
厮	si	primary
去	qu	primary
厾	du	primary
县	xian	primary
叁	san	primary
参	can	primary
参	cen	alt
参	shen	alt
叆	ai	primary
叇	dai	primary
又	you	primary
叉	cha	primary
及	ji	primary
友	you	primary
双	shuang	primary
反	fan	primary
发	fa	primary
叔	shu	primary
叕	zhuo	primary
取	qu	primary
受	shou	primary
变	bian	primary
叙	xu	primary
叚	jia	primary
叚	xia	alt
叛	pan	primary
叟	sou	primary
叠	die	primary
口	kou	primary
古	gu	primary
句	ju	primary
句	gou	alt
另	ling	primary
叨	dao	primary
叨	tao	alt
叩	kou	primary
只	zhi	primary
叫	jiao	primary
召	zhao	primary
召	shao	alt
叭	ba	primary
叮	ding	primary
可	ke	primary
台	tai	primary
叱	chi	primary
史	shi	primary
右	you	primary
叵	po	primary
叶	ye	primary
叶	xie	alt
号	hao	primary
司	si	primary
叹	tan	primary
叻	le	primary
叼	diao	primary
叽	ji	primary
吁	xu	primary
吁	yu	alt
吃	chi	primary
各	ge	primary
吆	yao	primary
合	he	primary
合	ge	alt
吉	ji	primary
吊	diao	primary
同	tong	primary
名	ming	primary
后	hou	primary
吏	li	primary
吐	tu	primary
向	xiang	primary
吒	zha	primary
吓	xia	primary
吓	he	alt
吕	lv	primary
吖	ya	primary
吖	a	alt
吗	ma	primary
君	jun	primary
吝	lin	primary
吞	tun	primary
吟	yin	primary
吠	fei	primary
吡	bi	primary
吣	qin	primary
否	fou	primary
否	pi	alt
吧	ba	primary
吨	dun	primary
吩	fen	primary
含	han	primary
听	ting	primary
吭	keng	primary
吭	hang	alt
吮	shun	primary
启	qi	primary
吱	zhi	primary
吱	zi	alt
吲	yin	primary
吴	wu	primary
吵	chao	primary
吸	xi	primary
吹	chui	primary
吻	wen	primary
吼	hou	primary
吽	hong	primary
吾	wu	primary
呀	ya	primary
呃	e	primary
呆	dai	primary
呇	qi	primary
呇	men	alt
呈	cheng	primary
告	gao	primary
呋	fu	primary
呐	na	primary
呒	wu	primary
呒	m	alt
呓	yi	primary
呔	dai	primary
呕	ou	primary
呖	li	primary
呗	bei	primary
员	yuan	primary
员	yun	alt
呙	guo	primary
呛	qiang	primary
呜	wu	primary
呢	ne	primary
呢	ni	alt
呣	m	primary
呤	ling	primary
呦	you	primary
周	zhou	primary
呱	gu	primary
呱	gua	alt
呲	ci	primary
味	wei	primary
呵	he	primary
呶	nao	primary
呷	ga	primary
呷	xia	alt
呸	pei	primary
呻	shen	primary
呼	hu	primary
命	ming	primary
咀	ju	primary
咀	zui	alt
咂	za	primary
咄	duo	primary
咆	pao	primary
咇	bie	primary
咇	bi	alt
咉	yang	primary
咋	za	primary
咋	ze	alt
咋	zha	alt
和	he	primary
和	hu	alt
和	huo	alt
咍	hai	primary
咎	jiu	primary
咏	yong	primary
咐	fu	primary
咒	zhou	primary
咔	ka	primary
咕	gu	primary
咖	ka	primary
咖	ga	alt
咙	long	primary
咚	dong	primary
咛	ning	primary
咝	si	primary
咡	er	primary
咣	guang	primary
咤	zha	primary
咥	xi	primary
咦	yi	primary
咧	lie	primary
咨	zi	primary
咩	mie	primary
咪	mi	primary
咫	zhi	primary
咬	yao	primary
咯	ge	primary
咯	ka	alt
咯	lo	alt
咯	luo	alt
咱	zan	primary
咳	ke	primary
咳	hai	alt
咴	hui	primary
咸	xian	primary
咺	xuan	primary
咻	xiu	primary
咽	yan	primary
咽	ye	alt
咿	yi	primary
哀	ai	primary
品	pin	primary
哂	shen	primary
哃	tong	primary
哄	hong	primary
哆	duo	primary
哇	wa	primary
哈	ha	primary
哉	zai	primary
哌	pai	primary
响	xiang	primary
哎	ai	primary
哏	gen	primary
哐	kuang	primary
哑	ya	primary
哒	da	primary
哓	xiao	primary
哔	bi	primary
哕	hui	primary
哕	yue	alt
哗	hua	primary
哙	kuai	primary
哚	duo	primary
哝	nong	primary
哞	mou	primary
哟	yo	primary
哢	long	primary
哥	ge	primary
哦	o	primary
哦	e	alt
哧	chi	primary
哨	shao	primary
哩	li	primary
哪	na	primary
哪	ne	alt
哭	ku	primary
哮	xiao	primary
哱	bo	primary
哲	zhe	primary
哳	zha	primary
哺	bu	primary
哼	heng	primary
哼	hng	alt
哽	geng	primary
哿	ge	primary
唁	yan	primary
唆	suo	primary
唇	chun	primary
唉	ai	primary
唏	xi	primary
唐	tang	primary
唑	zuo	primary
唔	wu	primary
唛	ma	primary
唛	mai	alt
唝	gong	primary
唝	hong	alt
唠	lao	primary
唢	suo	primary
唣	zao	primary
唤	huan	primary
唧	ji	primary
唪	feng	primary
唬	hu	primary
售	shou	primary
唯	wei	primary
唰	shua	primary
唱	chang	primary
唳	li	primary
唵	an	primary
唷	yo	primary
唼	sha	primary
唾	tuo	primary
唿	hu	primary
啁	zhao	primary
啁	zhou	alt
啃	ken	primary
啄	zhuo	primary
商	shang	primary
啉	lin	primary
啊	a	primary
啐	cui	primary
啕	tao	primary
啖	dan	primary
啜	chuai	primary
啜	chuo	alt
啡	fei	primary
啤	pi	primary
啥	sha	primary
啦	la	primary
啧	ze	primary
啪	pa	primary
啫	zhe	primary
啬	se	primary
啭	zhuan	primary
啮	nie	primary
啰	luo	primary
啴	chan	primary
啵	bo	primary
啶	ding	primary
啷	lang	primary
啸	xiao	primary
啻	chi	primary
啼	ti	primary
啾	jiu	primary
喀	ka	primary
喁	yong	primary
喁	yu	alt
喂	wei	primary
喃	nan	primary
善	shan	primary
喆	zhe	primary
喇	la	primary
喈	jie	primary
喉	hou	primary
喊	han	primary
喋	die	primary
喋	zha	alt
喏	nuo	primary
喑	yin	primary
喔	o	primary
喔	wo	alt
喘	chuan	primary
喙	hui	primary
喜	xi	primary
喝	he	primary
喟	kui	primary
喤	huang	primary
喧	xuan	primary
喱	li	primary
喳	zha	primary
喳	cha	alt
喵	miao	primary
喷	pen	primary
喹	kui	primary
喻	yu	primary
喽	lou	primary
喾	ku	primary
嗄	a	primary
嗄	sha	alt
嗅	xiu	primary
嗉	su	primary
嗌	ai	primary
嗌	yi	alt
嗍	suo	primary
嗐	hai	primary
嗑	ke	primary
嗒	da	primary
嗓	sang	primary
嗔	chen	primary
嗖	sou	primary
嗜	shi	primary
嗝	ge	primary
嗞	zi	primary
嗟	jie	primary
嗡	weng	primary
嗣	si	primary
嗤	chi	primary
嗥	hao	primary
嗦	suo	primary
嗨	hai	primary
嗪	qin	primary
嗫	nie	primary
嗬	he	primary
嗯	n	primary
嗯	ng	alt
嗲	die	primary
嗲	dia	alt
嗳	ai	primary
嗵	tong	primary
嗷	ao	primary
嗽	sou	primary
嗾	sou	primary
嘀	di	primary
嘁	qi	primary
嘈	cao	primary
嘉	jia	primary
嘌	piao	primary
嘎	ga	primary
嘏	gu	primary
嘘	xu	primary
嘘	shi	alt
嘚	de	primary
嘚	dei	alt
嘛	ma	primary
嘞	lei	primary
嘟	du	primary
嘡	tang	primary
嘣	beng	primary
嘤	ying	primary
嘧	mi	primary
嘬	chuai	primary
嘬	zuo	alt
嘭	peng	primary
嘱	zhu	primary
嘲	chao	primary
嘴	zui	primary
嘶	si	primary
嘹	liao	primary
嘻	xi	primary
嘿	hei	primary
噀	xun	primary
噂	zun	primary
噇	chuang	primary
噌	ceng	primary
噍	jiao	primary
噎	ye	primary
噔	deng	primary
噗	pu	primary
噘	jue	primary
噙	qin	primary
噜	lu	primary
噢	o	primary
噤	jin	primary
器	qi	primary
噩	e	primary
噪	zao	primary
噫	yi	primary
噬	shi	primary
噱	jue	primary
噱	xue	alt
噶	ga	primary
噻	sai	primary
噼	pi	primary
嚄	huo	primary
嚅	ru	primary
嚆	hao	primary
嚎	hao	primary
嚏	ti	primary
嚓	ca	primary
嚓	cha	alt
嚚	yin	primary
嚣	xiao	primary
嚭	pi	primary
嚯	huo	primary
嚷	rang	primary
嚼	jue	primary
嚼	jiao	alt
囊	nang	primary
囔	nang	primary
囚	qiu	primary
四	si	primary
回	hui	primary
囟	xin	primary
因	yin	primary
囡	nan	primary
团	tuan	primary
囤	dun	primary
囤	tun	alt
囫	hu	primary
园	yuan	primary
困	kun	primary
囱	cong	primary
围	wei	primary
囵	lun	primary
囷	qun	primary
囹	ling	primary
固	gu	primary
国	guo	primary
图	tu	primary
囿	you	primary
圃	pu	primary
圄	yu	primary
圆	yuan	primary
圈	quan	primary
圈	juan	alt
圉	yu	primary
圊	qing	primary
圌	chuan	primary
圌	chui	alt
圐	ku	primary
圙	lve	primary
圜	huan	primary
圜	yuan	alt
土	tu	primary
圢	ting	primary
圣	sheng	primary
在	zai	primary
圩	wei	primary
圩	xu	alt
圪	ge	primary
圫	yu	primary
圫	tuo	alt
圬	wu	primary
圭	gui	primary
圮	pi	primary
圯	yi	primary
地	di	primary
地	de	alt
圲	qian	primary
圳	zhen	primary
圹	kuang	primary
场	chang	primary
圻	qi	primary
圾	ji	primary
址	zhi	primary
坂	ban	primary
均	jun	primary
坉	tun	primary
坊	fang	primary
坋	ben	primary
坋	fen	alt
坌	ben	primary
坍	tan	primary
坎	kan	primary
坏	huai	primary
坐	zuo	primary
坑	keng	primary
坒	bi	primary
块	kuai	primary
坚	jian	primary
坛	tan	primary
坜	li	primary
坝	ba	primary
坞	wu	primary
坟	fen	primary
坠	zhui	primary
坡	po	primary
坤	kun	primary
坥	qu	primary
坦	tan	primary
坨	tuo	primary
坩	gan	primary
坪	ping	primary
坫	dian	primary
坬	gua	primary
坬	wa	alt
坭	ni	primary
坯	pi	primary
坰	jiong	primary
坳	ao	primary
坷	ke	primary
坻	chi	primary
坻	di	alt
坼	che	primary
坽	ling	primary
垂	chui	primary
垃	la	primary
垄	long	primary
垆	lu	primary
垈	dai	primary
型	xing	primary
垌	dong	primary
垌	tong	alt
垍	ji	primary
垎	he	primary
垏	lv	primary
垒	lei	primary
垓	gai	primary
垕	hou	primary
垙	guang	primary
垚	yao	primary
垛	duo	primary
垞	cha	primary
垟	yang	primary
垠	yin	primary
垡	fa	primary
垢	gou	primary
垣	yuan	primary
垤	die	primary
垦	ken	primary
垧	shang	primary
垩	e	primary
垫	dian	primary
垭	ya	primary
垮	kua	primary
垯	da	primary
垱	dang	primary
垲	kai	primary
垴	nao	primary
垵	an	primary
垸	yuan	primary
垺	fu	primary
垾	han	primary
垿	xu	primary
埂	geng	primary
埃	ai	primary
埆	que	primary
埇	yong	primary
埋	mai	primary
埋	man	alt
埌	lang	primary
城	cheng	primary
埏	shan	primary
埒	lie	primary
埔	pu	primary
埔	bu	alt
埕	cheng	primary
埗	bu	primary
埘	shi	primary
埙	xun	primary
埚	guo	primary
埝	nian	primary
域	yu	primary
埠	bu	primary
埤	pi	primary
埪	kong	primary
埫	chong	primary
埫	tang	alt
埭	dai	primary
埯	an	primary
埴	zhi	primary
埵	duo	primary
埸	yi	primary
培	pei	primary
基	ji	primary
埼	qi	primary
埽	sao	primary
堂	tang	primary
堃	kun	primary
堆	dui	primary
堇	jin	primary
堉	yu	primary
堋	peng	primary
堌	gu	primary
堍	tu	primary
堎	leng	primary
堐	ya	primary
堑	qian	primary
堕	duo	primary
堙	yin	primary
堞	die	primary
堠	hou	primary
堡	bao	primary
堡	bu	alt
堡	pu	alt
堤	di	primary
堧	ruan	primary
堨	ye	primary
堨	e	alt
堪	kan	primary
堰	yan	primary
堲	ci	primary
堲	ji	alt
堵	du	primary
堼	heng	primary
堽	gang	primary
堾	chun	primary
塄	leng	primary
塅	duan	primary
塆	wan	primary
塌	ta	primary
塍	cheng	primary
塑	su	primary
塔	ta	primary
塘	tang	primary
塝	bang	primary
塞	sai	primary
塞	se	alt
塥	ge	primary
填	tian	primary
塬	yuan	primary
塱	lang	primary
塾	shu	primary
墀	chi	primary
墁	man	primary
境	jing	primary
墅	shu	primary
墈	kan	primary
墉	yong	primary
墐	jin	primary
墒	shang	primary
墓	mu	primary
墕	yan	primary
墘	qian	primary
墙	qiang	primary
墚	liang	primary
增	zeng	primary
墟	xu	primary
墡	shan	primary
墣	pu	primary
墦	fan	primary
墨	mo	primary
墩	dun	primary
墼	ji	primary
壁	bi	primary
壅	yong	primary
壑	he	primary
壕	hao	primary
壤	rang	primary
士	shi	primary
壬	ren	primary
壮	zhuang	primary
声	sheng	primary
壳	ke	primary
壳	qiao	alt
壶	hu	primary
壸	kun	primary
壹	yi	primary
处	chu	primary
备	bei	primary
复	fu	primary
夏	xia	primary
夐	xiong	primary
夔	kui	primary
夕	xi	primary
外	wai	primary
夙	su	primary
多	duo	primary
夜	ye	primary
够	gou	primary
夤	yin	primary
夥	huo	primary
大	da	primary
大	dai	alt
天	tian	primary
太	tai	primary
夫	fu	primary
夬	guai	primary
夭	yao	primary
央	yang	primary
夯	hang	primary
失	shi	primary
头	tou	primary
夷	yi	primary
夸	kua	primary
夹	jia	primary
夹	ga	alt
夺	duo	primary
夼	kuang	primary
奁	lian	primary
奂	huan	primary
奄	yan	primary
奇	qi	primary
奇	ji	alt
奈	nai	primary
奉	feng	primary
奋	fen	primary
奎	kui	primary
奏	zou	primary
契	qi	primary
奓	zha	primary
奔	ben	primary
奕	yi	primary
奖	jiang	primary
套	tao	primary
奘	zang	primary
奘	zhuang	alt
奚	xi	primary
奠	dian	primary
奡	ao	primary
奢	she	primary
奥	ao	primary
奭	shi	primary
女	nv	primary
奴	nu	primary
奶	nai	primary
奸	jian	primary
她	ta	primary
好	hao	primary
妁	shuo	primary
如	ru	primary
妃	fei	primary
妄	wang	primary
妆	zhuang	primary
妇	fu	primary
妈	ma	primary
妊	ren	primary
妍	yan	primary
妒	du	primary
妓	ji	primary
妖	yao	primary
妗	jin	primary
妘	yun	primary
妙	miao	primary
妞	niu	primary
妣	bi	primary
妤	yu	primary
妥	tuo	primary
妧	wan	primary
妧	yuan	alt
妨	fang	primary
妩	wu	primary
妪	yu	primary
妫	gui	primary
妭	ba	primary
妮	ni	primary
妯	zhou	primary
妲	da	primary
妹	mei	primary
妻	qi	primary
妾	qie	primary
姆	mu	primary
姈	ling	primary
姊	zi	primary
始	shi	primary
姐	jie	primary
姑	gu	primary
姒	si	primary
姓	xing	primary
委	wei	primary
姗	shan	primary
姘	pin	primary
姚	yao	primary
姜	jiang	primary
姝	shu	primary
姞	ji	primary
姣	jiao	primary
姤	gou	primary
姥	lao	primary
姨	yi	primary
姬	ji	primary
姮	heng	primary
姱	kua	primary
姶	e	primary
姹	cha	primary
姻	yin	primary
姽	gui	primary
姿	zi	primary
娀	song	primary
威	wei	primary
娃	wa	primary
娄	lou	primary
娅	ya	primary
娆	rao	primary
娇	jiao	primary
娈	luan	primary
娉	ping	primary
娌	li	primary
娑	suo	primary
娓	wei	primary
娘	niang	primary
娜	na	primary
娜	nuo	alt
娟	juan	primary
娠	shen	primary
娣	di	primary
娥	e	primary
娩	mian	primary
娱	yu	primary
娲	wa	primary
娴	xian	primary
娵	ju	primary
娶	qu	primary
娼	chang	primary
婀	e	primary
婆	po	primary
婉	wan	primary
婊	biao	primary
婌	shu	primary
婍	qi	primary
婕	jie	primary
婘	quan	primary
婚	hun	primary
婞	xing	primary
婠	wan	primary
婢	bi	primary
婤	chou	primary
婤	zhou	alt
婧	jing	primary
婪	lan	primary
婫	kun	primary
婳	hua	primary
婴	ying	primary
婵	chan	primary
婶	shen	primary
婷	ting	primary
婺	wu	primary
婻	nan	primary
婼	chuo	primary
婼	ruo	alt
婿	xu	primary
媂	di	primary
媄	mei	primary
媆	ruan	primary
媒	mei	primary
媓	huang	primary
媖	ying	primary
媚	mei	primary
媛	yuan	primary
媞	shi	primary
媪	ao	primary
媭	xu	primary
媱	yao	primary
媲	pi	primary
媳	xi	primary
媵	ying	primary
媸	chi	primary
媾	gou	primary
嫁	jia	primary
嫂	sao	primary
嫄	yuan	primary
嫉	ji	primary
嫌	xian	primary
嫒	ai	primary
嫔	pin	primary
嫕	yi	primary
嫖	piao	primary
嫘	lei	primary
嫚	man	primary
嫜	zhang	primary
嫠	li	primary
嫡	di	primary
嫣	yan	primary
嫦	chang	primary
嫩	nen	primary
嫪	lao	primary
嫫	mo	primary
嫭	hu	primary
嫱	qiang	primary
嫽	liao	primary
嬉	xi	primary
嬖	bi	primary
嬗	shan	primary
嬛	huan	primary
嬛	xuan	alt
嬥	tiao	primary
嬬	ru	primary
嬴	ying	primary
嬷	ma	primary
嬷	mo	alt
嬿	yan	primary
孀	shuang	primary
孅	qian	primary
孅	xian	alt
子	zi	primary
孑	jie	primary
孓	jue	primary
孔	kong	primary
孕	yun	primary
孖	ma	primary
孖	zi	alt
字	zi	primary
存	cun	primary
孙	sun	primary
孚	fu	primary
孛	bei	primary
孜	zi	primary
孝	xiao	primary
孟	meng	primary
孢	bao	primary
季	ji	primary
孤	gu	primary
孥	nu	primary
学	xue	primary
孩	hai	primary
孪	luan	primary
孬	nao	primary
孰	shu	primary
孱	can	primary
孱	chan	alt
孳	zi	primary
孵	fu	primary
孺	ru	primary
孽	nie	primary
宁	ning	primary
它	ta	primary
宄	gui	primary
宅	zhai	primary
宇	yu	primary
守	shou	primary
安	an	primary
宋	song	primary
完	wan	primary
宏	hong	primary
宓	mi	primary
宓	fu	alt
宕	dang	primary
宗	zong	primary
官	guan	primary
宙	zhou	primary
定	ding	primary
宛	wan	primary
宜	yi	primary
宝	bao	primary
实	shi	primary
宠	chong	primary
审	shen	primary
客	ke	primary
宣	xuan	primary
室	shi	primary
宥	you	primary
宦	huan	primary
宧	yi	primary
宪	xian	primary
宫	gong	primary
宬	cheng	primary
宰	zai	primary
害	hai	primary
宴	yan	primary
宵	xiao	primary
家	jia	primary
宸	chen	primary
容	rong	primary
宽	kuan	primary
宾	bin	primary
宿	su	primary
宿	xiu	alt
寁	zan	primary
寂	ji	primary
寄	ji	primary
寅	yin	primary
密	mi	primary
寇	kou	primary
富	fu	primary
寐	mei	primary
寒	han	primary
寓	yu	primary
寝	qin	primary
寞	mo	primary
察	cha	primary
寡	gua	primary
寤	wu	primary
寥	liao	primary
寨	zhai	primary
寮	liao	primary
寰	huan	primary
寸	cun	primary
对	dui	primary
寺	si	primary
寻	xun	primary
导	dao	primary
寿	shou	primary
封	feng	primary
射	she	primary
将	jiang	primary
尉	wei	primary
尉	yu	alt
尊	zun	primary
小	xiao	primary
少	shao	primary
尔	er	primary
尕	ga	primary
尖	jian	primary
尘	chen	primary
尚	shang	primary
尜	ga	primary
尝	chang	primary
尢	you	primary
尢	wang	alt
尤	you	primary
尥	liao	primary
尧	yao	primary
尨	mang	primary
尪	wang	primary
尬	ga	primary
就	jiu	primary
尴	gan	primary
尸	shi	primary
尹	yin	primary
尺	chi	primary
尺	che	alt
尻	kao	primary
尼	ni	primary
尽	jin	primary
尾	wei	primary
尾	yi	alt
尿	niao	primary
尿	sui	alt
局	ju	primary
屁	pi	primary
层	ceng	primary
屃	xi	primary
居	ju	primary
屈	qu	primary
屉	ti	primary
届	jie	primary
屋	wu	primary
屎	shi	primary
屏	ping	primary
屏	bing	alt
屐	ji	primary
屑	xie	primary
展	zhan	primary
屙	e	primary
属	shu	primary
屠	tu	primary
屡	lv	primary
屣	xi	primary
履	lv	primary
屦	ju	primary
屯	tun	primary
山	shan	primary
屹	yi	primary
屺	qi	primary
屼	wu	primary
屾	shen	primary
屿	yu	primary
岁	sui	primary
岂	qi	primary
岈	ya	primary
岊	jie	primary
岌	ji	primary
岍	qian	primary
岐	qi	primary
岑	cen	primary
岔	cha	primary
岖	qu	primary
岗	gang	primary
岘	xian	primary
岙	ao	primary
岚	lan	primary
岛	dao	primary
岜	ba	primary
岞	zuo	primary
岠	ju	primary
岢	ke	primary
岣	gou	primary
岨	qu	primary
岨	ju	alt
岩	yan	primary
岫	xiu	primary
岬	jia	primary
岭	ling	primary
岱	dai	primary
岳	yue	primary
岵	hu	primary
岷	min	primary
岸	an	primary
岽	dong	primary
岿	kui	primary
峁	mao	primary
峂	tong	primary
峃	xue	primary
峄	yi	primary
峋	xun	primary
峒	dong	primary
峒	tong	alt
峗	wei	primary
峘	huan	primary
峙	zhi	primary
峙	shi	alt
峛	li	primary
峛	lie	alt
峡	xia	primary
峣	yao	primary
峤	jiao	primary
峤	qiao	alt
峥	zheng	primary
峦	luan	primary
峧	jiao	primary
峨	e	primary
峪	yu	primary
峭	qiao	primary
峰	feng	primary
峱	nao	primary
峻	jun	primary
峿	yu	primary
峿	wu	alt
崀	lang	primary
崁	kan	primary
崂	lao	primary
崃	lai	primary
崄	xian	primary
崆	kong	primary
崇	chong	primary
崌	ju	primary
崎	qi	primary
崒	zu	primary
崔	cui	primary
崖	ya	primary
崚	leng	primary
崛	jue	primary
崞	guo	primary
崟	yin	primary
崡	han	primary
崤	xiao	primary
崦	yan	primary
崧	song	primary
崩	beng	primary
崭	zhan	primary
崮	gu	primary
崴	wai	primary
崶	feng	primary
崽	zai	primary
崾	yao	primary
崿	e	primary
嵁	kan	primary
嵅	han	primary
嵇	ji	primary
嵊	sheng	primary
嵋	mei	primary
嵌	qian	primary
嵎	yu	primary
嵖	cha	primary
嵘	rong	primary
嵚	qin	primary
嵛	yu	primary
嵝	lou	primary
嵩	song	primary
嵫	zi	primary
嵬	wei	primary
嵯	cuo	primary
嵲	nie	primary
嵴	ji	primary
嶂	zhang	primary
嶅	ao	primary
嶍	xi	primary
嶒	ceng	primary
嶓	bo	primary
嶙	lin	primary
嶝	deng	primary
嶟	zun	primary
嶦	zhan	primary
嶦	shan	alt
嶲	xi	primary
嶷	yi	primary
巅	dian	primary
巇	xi	primary
巉	chan	primary
巍	wei	primary
川	chuan	primary
州	zhou	primary
巡	xun	primary
巢	chao	primary
工	gong	primary
左	zuo	primary
巧	qiao	primary
巨	ju	primary
巩	gong	primary
巫	wu	primary
差	cha	primary
差	chai	alt
差	ci	alt
巯	qiu	primary
己	ji	primary
已	yi	primary
巳	si	primary
巴	ba	primary
巷	xiang	primary
巷	hang	alt
巽	xun	primary
巾	jin	primary
币	bi	primary
市	shi	primary
布	bu	primary
帅	shuai	primary
帆	fan	primary
师	shi	primary
希	xi	primary
帏	wei	primary
帐	zhang	primary
帑	tang	primary
帔	pei	primary
帕	pa	primary
帖	tie	primary
帘	lian	primary
帙	zhi	primary
帚	zhou	primary
帛	bo	primary
帜	zhi	primary
帝	di	primary
帡	ping	primary
带	dai	primary
帧	zhen	primary
帨	shui	primary
席	xi	primary
帮	bang	primary
帱	chou	primary
帱	dao	alt
帷	wei	primary
常	chang	primary
帻	ze	primary
帼	guo	primary
帽	mao	primary
幂	mi	primary
幄	wo	primary
幅	fu	primary
幌	huang	primary
幔	man	primary
幕	mu	primary
幖	biao	primary
幛	zhang	primary
幞	fu	primary
幡	fan	primary
幢	chuang	primary
幢	zhuang	alt
幪	meng	primary
干	gan	primary
平	ping	primary
年	nian	primary
并	bing	primary
幸	xing	primary
幺	yao	primary
幻	huan	primary
幼	you	primary
幽	you	primary
广	guang	primary
庄	zhuang	primary
庆	qing	primary
庇	bi	primary
床	chuang	primary
庋	gui	primary
序	xu	primary
庐	lu	primary
庑	wu	primary
库	ku	primary
应	ying	primary
底	di	primary
庖	pao	primary
店	dian	primary
庙	miao	primary
庚	geng	primary
府	fu	primary
庞	pang	primary
废	fei	primary
庠	xiang	primary
庤	zhi	primary
庥	xiu	primary
度	du	primary
度	duo	alt
座	zuo	primary
庭	ting	primary
庱	cheng	primary
庳	bi	primary
庵	an	primary
庶	shu	primary
康	kang	primary
庸	yong	primary
庹	tuo	primary
庼	qing	primary
庾	yu	primary
廆	gui	primary
廆	wei	alt
廉	lian	primary
廊	lang	primary
廋	sou	primary
廑	jin	primary
廒	ao	primary
廓	kuo	primary
廖	liao	primary
廙	yi	primary
廛	chan	primary
廨	xie	primary
廪	lin	primary
延	yan	primary
廷	ting	primary
建	jian	primary
廿	nian	primary
开	kai	primary
弁	bian	primary
异	yi	primary
弃	qi	primary
弄	nong	primary
弄	long	alt
弆	ju	primary
弇	yan	primary
弈	yi	primary
弊	bi	primary
弋	yi	primary
式	shi	primary
弑	shi	primary
弓	gong	primary
引	yin	primary
弗	fu	primary
弘	hong	primary
弛	chi	primary
弟	di	primary
张	zhang	primary
弢	tao	primary
弥	mi	primary
弦	xian	primary
弧	hu	primary
弨	chao	primary
弩	nu	primary
弭	mi	primary
弯	wan	primary
弱	ruo	primary
弶	jiang	primary
弸	peng	primary
弹	dan	primary
弹	tan	alt
强	qiang	primary
强	jiang	alt
弼	bi	primary
彀	gou	primary
归	gui	primary
当	dang	primary
录	lu	primary
彖	tuan	primary
彗	hui	primary
彘	zhi	primary
彝	yi	primary
彟	yue	primary
形	xing	primary
彤	tong	primary
彦	yan	primary
彧	yu	primary
彩	cai	primary
彪	biao	primary
彬	bin	primary
彭	peng	primary
彰	zhang	primary
影	ying	primary
彳	chi	primary
彷	pang	primary
役	yi	primary
彻	che	primary
彼	bi	primary
往	wang	primary
征	zheng	primary
徂	cu	primary
径	jing	primary
待	dai	primary
徇	xun	primary
很	hen	primary
徉	yang	primary
徊	huai	primary
律	lv	primary
徐	xu	primary
徒	tu	primary
徕	lai	primary
得	de	primary
得	dei	alt
徘	pai	primary
徙	xi	primary
徛	ji	primary
徜	chang	primary
御	yu	primary
徨	huang	primary
循	xun	primary
徭	yao	primary
微	wei	primary
徵	zheng	primary
徵	zhi	alt
德	de	primary
徼	jiao	primary
徽	hui	primary
心	xin	primary
必	bi	primary
忆	yi	primary
忉	dao	primary
忌	ji	primary
忍	ren	primary
忏	chan	primary
忐	tan	primary
忑	te	primary
忒	te	primary
忒	tui	alt
忖	cun	primary
志	zhi	primary
忘	wang	primary
忙	mang	primary
忝	tian	primary
忞	min	primary
忠	zhong	primary
忡	chong	primary
忤	wu	primary
忧	you	primary
忪	song	primary
快	kuai	primary
忭	bian	primary
忮	zhi	primary
忱	chen	primary
忳	tun	primary
念	nian	primary
忸	niu	primary
忺	xian	primary
忻	xin	primary
忽	hu	primary
忾	kai	primary
忿	fen	primary
怀	huai	primary
态	tai	primary
怂	song	primary
怃	wu	primary
怄	ou	primary
怅	chang	primary
怆	chuang	primary
怊	chao	primary
怍	zuo	primary
怎	zen	primary
怏	yang	primary
怒	nu	primary
怔	zheng	primary
怕	pa	primary
怖	bu	primary
怙	hu	primary
怛	da	primary
怜	lian	primary
思	si	primary
怠	dai	primary
怡	yi	primary
急	ji	primary
怦	peng	primary
性	xing	primary
怨	yuan	primary
怩	ni	primary
怪	guai	primary
怫	fu	primary
怯	qie	primary
怵	chu	primary
总	zong	primary
怼	dui	primary
怿	yi	primary
恁	nen	primary
恂	xun	primary
恃	shi	primary
恋	lian	primary
恍	huang	primary
恐	kong	primary
恒	heng	primary
恓	xi	primary
恔	jiao	primary
恕	shu	primary
恙	yang	primary
恚	hui	primary
恝	jia	primary
恢	hui	primary
恣	zi	primary
恤	xu	primary
恧	nv	primary
恨	hen	primary
恩	en	primary
恪	ke	primary
恫	dong	primary
恬	tian	primary
恭	gong	primary
息	xi	primary
恰	qia	primary
恳	ken	primary
恶	e	primary
恶	wu	alt
恸	tong	primary
恹	yan	primary
恺	kai	primary
恻	ce	primary
恼	nao	primary
恽	yun	primary
恿	yong	primary
悃	kun	primary
悄	qiao	primary
悆	yu	primary
悈	jie	primary
悉	xi	primary
悌	ti	primary
悍	han	primary
悒	yi	primary
悔	hui	primary
悖	bei	primary
悚	song	primary
悛	quan	primary
悝	kui	primary
悟	wu	primary
悠	you	primary
悢	liang	primary
患	huan	primary
悦	yue	primary
您	nin	primary
悫	que	primary
悬	xuan	primary
悭	qian	primary
悯	min	primary
悰	cong	primary
悱	fei	primary
悲	bei	primary
悴	cui	primary
悸	ji	primary
悻	xing	primary
悼	dao	primary
情	qing	primary
惆	chou	primary
惇	dun	primary
惊	jing	primary
惋	wan	primary
惎	ji	primary
惑	huo	primary
惔	tan	primary
惕	ti	primary
惘	wang	primary
惙	chuo	primary
惚	hu	primary
惛	hun	primary
惜	xi	primary
惝	chang	primary
惟	wei	primary
惠	hui	primary
惦	dian	primary
惧	ju	primary
惨	can	primary
惩	cheng	primary
惫	bei	primary
惬	qie	primary
惭	can	primary
惮	dan	primary
惯	guan	primary
惰	duo	primary
想	xiang	primary
惴	zhui	primary
惶	huang	primary
惹	re	primary
惺	xing	primary
愀	qiao	primary
愁	chou	primary
愃	xuan	primary
愆	qian	primary
愈	yu	primary
愉	yu	primary
愍	min	primary
愎	bi	primary
意	yi	primary
愐	mian	primary
愔	yin	primary
愕	e	primary
愚	yu	primary
感	gan	primary
愠	yun	primary
愣	leng	primary
愤	fen	primary
愦	kui	primary
愧	kui	primary
愫	su	primary
愭	qi	primary
愿	yuan	primary
慆	tao	primary
慈	ci	primary
慊	qian	primary
慊	qie	alt
慌	huang	primary
慎	shen	primary
慑	she	primary
慕	mu	primary
慝	te	primary
慢	man	primary
慥	zao	primary
慧	hui	primary
慨	kai	primary
慬	qin	primary
慭	yin	primary
慰	wei	primary
慵	yong	primary
慷	kang	primary
憋	bie	primary
憎	zeng	primary
憔	qiao	primary
憕	cheng	primary
憙	xi	primary
憧	chong	primary
憨	han	primary
憩	qi	primary
憬	jing	primary
憭	liao	primary
憷	chu	primary
憺	dan	primary
憾	han	primary
懂	dong	primary
懈	xie	primary
懊	ao	primary
懋	mao	primary
懑	men	primary
懒	lan	primary
懔	lin	primary
懦	nuo	primary
懵	meng	primary
懿	yi	primary
戆	gang	primary
戆	zhuang	alt
戈	ge	primary
戊	wu	primary
戋	jian	primary
戌	xu	primary
戌	qu	alt
戍	shu	primary
戎	rong	primary
戏	xi	primary
成	cheng	primary
我	wo	primary
戒	jie	primary
戕	qiang	primary
或	huo	primary
戗	qiang	primary
战	zhan	primary
戚	qi	primary
戛	jia	primary
戛	ga	alt
戟	ji	primary
戡	kan	primary
戢	ji	primary
戣	kui	primary
戤	gai	primary
戥	deng	primary
截	jie	primary
戬	jian	primary
戭	yan	primary
戮	lu	primary
戳	chuo	primary
戴	dai	primary
户	hu	primary
戽	hu	primary
戾	li	primary
房	fang	primary
所	suo	primary
扁	bian	primary
扁	pian	alt
扂	dian	primary
扃	jiong	primary
扅	yi	primary
扆	yi	primary
扇	shan	primary
扈	hu	primary
扉	fei	primary
扊	yan	primary
手	shou	primary
才	cai	primary
扎	zha	primary
扎	za	alt
扑	pu	primary
扒	ba	primary
扒	pa	alt
打	da	primary
扔	reng	primary
托	tuo	primary
扛	kang	primary
扛	gang	alt
扞	gan	primary
扞	han	alt
扣	kou	primary
扦	qian	primary
执	zhi	primary
扩	kuo	primary
扪	men	primary
扫	sao	primary
扬	yang	primary
扭	niu	primary
扮	ban	primary
扯	che	primary
扰	rao	primary
扳	ban	primary
扶	fu	primary
批	pi	primary
扺	zhi	primary
扼	e	primary
扽	den	primary
找	zhao	primary
承	cheng	primary
技	ji	primary
抃	bian	primary
抄	chao	primary
抉	jue	primary
把	ba	primary
抑	yi	primary
抒	shu	primary
抓	zhua	primary
抔	pou	primary
投	tou	primary
抖	dou	primary
抗	kang	primary
折	zhe	primary
折	she	alt
抚	fu	primary
抛	pao	primary
抟	tuan	primary
抠	kou	primary
抡	lun	primary
抢	qiang	primary
护	hu	primary
报	bao	primary
抨	peng	primary
披	pi	primary
抬	tai	primary
抱	bao	primary
抵	di	primary
抹	mo	primary
抹	ma	alt
抻	chen	primary
押	ya	primary
抽	chou	primary
抿	min	primary
拂	fu	primary
拃	zha	primary
拄	zhu	primary
担	dan	primary
拆	chai	primary
拇	mu	primary
拈	nian	primary
拉	la	primary
拊	fu	primary
拌	ban	primary
拍	pai	primary
拎	lin	primary
拐	guai	primary
拒	ju	primary
拓	tuo	primary
拓	ta	alt
拔	ba	primary
拖	tuo	primary
拗	ao	primary
拗	niu	alt
拘	ju	primary
拙	zhuo	primary
招	zhao	primary
拜	bai	primary
拟	ni	primary
拢	long	primary
拣	jian	primary
拤	qia	primary
拥	yong	primary
拦	lan	primary
拧	ning	primary
拨	bo	primary
择	ze	primary
择	zhai	alt
括	kuo	primary
拭	shi	primary
拮	jie	primary
拯	zheng	primary
拱	gong	primary
拳	quan	primary
拴	shuan	primary
拶	za	primary
拶	zan	alt
拷	kao	primary
拼	pin	primary
拽	zhuai	primary
拾	shi	primary
拾	she	alt
拿	na	primary
持	chi	primary
挂	gua	primary
指	zhi	primary
挈	qie	primary
按	an	primary
挎	kua	primary
挑	tiao	primary
挓	zha	primary
挖	wa	primary
挚	zhi	primary
挛	luan	primary
挝	wo	primary
挞	ta	primary
挟	xie	primary
挠	nao	primary
挡	dang	primary
挣	zheng	primary
挤	ji	primary
挥	hui	primary
挦	xian	primary
挨	ai	primary
挪	nuo	primary
挫	cuo	primary
振	zhen	primary
挲	sa	primary
挲	suo	alt
挹	yi	primary
挺	ting	primary
挽	wan	primary
捂	wu	primary
捃	jun	primary
捅	tong	primary
捆	kun	primary
捉	zhuo	primary
捋	lv	primary
捋	luo	alt
捌	ba	primary
捍	han	primary
捎	shao	primary
捏	nie	primary
捐	juan	primary
捕	bu	primary
捞	lao	primary
损	sun	primary
捡	jian	primary
换	huan	primary
捣	dao	primary
捧	peng	primary
捩	lie	primary
捭	bai	primary
据	ju	primary
捯	dao	primary
捶	chui	primary
捷	jie	primary
捺	na	primary
捻	nian	primary
捽	zuo	primary
掀	xian	primary
掂	dian	primary
掇	duo	primary
授	shou	primary
掉	diao	primary
掊	pou	primary
掌	zhang	primary
掎	ji	primary
掏	tao	primary
掐	qia	primary
排	pai	primary
掖	ye	primary
掘	jue	primary
掞	shan	primary
掞	yan	alt
掠	lve	primary
探	tan	primary
掣	che	primary
接	jie	primary
控	kong	primary
推	tui	primary
掩	yan	primary
措	cuo	primary
掬	ju	primary
掭	tian	primary
掮	qian	primary
掰	bai	primary
掳	lu	primary
掴	guai	primary
掷	zhi	primary
掸	dan	primary
掺	can	primary
掺	chan	alt
掼	guan	primary
掾	yuan	primary
揄	yu	primary
揆	kui	primary
揉	rou	primary
揍	zou	primary
描	miao	primary
提	ti	primary
提	di	alt
插	cha	primary
揕	zhen	primary
揖	yi	primary
揠	ya	primary
握	wo	primary
揣	chuai	primary
揩	kai	primary
揪	jiu	primary
揭	jie	primary
揳	xie	primary
援	yuan	primary
揶	ye	primary
揸	zha	primary
揽	lan	primary
揿	qin	primary
搀	chan	primary
搁	ge	primary
搂	lou	primary
搅	jiao	primary
搋	chuai	primary
搌	zhan	primary
搏	bo	primary
搐	chu	primary
搒	bang	primary
搒	peng	alt
搓	cuo	primary
搔	sao	primary
搛	jian	primary
搜	sou	primary
搞	gao	primary
搠	shuo	primary
搡	sang	primary
搦	nuo	primary
搪	tang	primary
搬	ban	primary
搭	da	primary
搴	qian	primary
携	xie	primary
搽	cha	primary
摁	en	primary
摄	she	primary
摅	shu	primary
摆	bai	primary
摇	yao	primary
摈	bin	primary
摊	tan	primary
摏	chong	primary
摒	bing	primary
摔	shuai	primary
摘	zhai	primary
摛	chi	primary
摞	luo	primary
摧	cui	primary
摩	mo	primary
摩	ma	alt
摭	zhi	primary
摴	chu	primary
摸	mo	primary
摹	mo	primary
摽	biao	primary
撂	liao	primary
撄	ying	primary
撅	jue	primary
撇	pie	primary
撑	cheng	primary
撒	sa	primary
撕	si	primary
撖	han	primary
撙	zun	primary
撞	zhuang	primary
撤	che	primary
撩	liao	primary
撬	qiao	primary
播	bo	primary
撮	cuo	primary
撮	zuo	alt
撰	zhuan	primary
撵	nian	primary
撷	xie	primary
撸	lu	primary
撺	cuan	primary
撼	han	primary
擀	gan	primary
擂	lei	primary
擅	shan	primary
操	cao	primary
擎	qing	primary
擐	huan	primary
擒	qin	primary
擘	bai	primary
擘	bo	alt
擞	sou	primary
擢	zhuo	primary
擤	xing	primary
擦	ca	primary
擿	ti	primary
攀	pan	primary
攉	huo	primary
攒	zan	primary
攒	cuan	alt
攘	rang	primary
攥	zuan	primary
攫	jue	primary
攮	nang	primary
支	zhi	primary
收	shou	primary
攸	you	primary
改	gai	primary
攻	gong	primary
攽	ban	primary
放	fang	primary
政	zheng	primary
故	gu	primary
效	xiao	primary
敉	mi	primary
敌	di	primary
敏	min	primary
救	jiu	primary
敔	yu	primary
敕	chi	primary
敖	ao	primary
教	jiao	primary
敛	lian	primary
敝	bi	primary
敞	chang	primary
敢	gan	primary
散	san	primary
敦	dun	primary
敩	xiao	primary
敫	jiao	primary
敬	jing	primary
数	shu	primary
数	shuo	alt
敲	qiao	primary
整	zheng	primary
敷	fu	primary
文	wen	primary
斋	zhai	primary
斌	bin	primary
斐	fei	primary
斑	ban	primary
斓	lan	primary
斗	dou	primary
料	liao	primary
斛	hu	primary
斜	xie	primary
斝	jia	primary
斟	zhen	primary
斠	jiao	primary
斡	wo	primary
斤	jin	primary
斥	chi	primary
斧	fu	primary
斩	zhan	primary
斫	zhuo	primary
断	duan	primary
斯	si	primary
新	xin	primary
斶	chu	primary
方	fang	primary
於	yu	primary
施	shi	primary
旁	pang	primary
旃	zhan	primary
旄	mao	primary
旅	lv	primary
旆	pei	primary
旋	xuan	primary
旌	jing	primary
旎	ni	primary
族	zu	primary
旐	zhao	primary
旒	liu	primary
旖	yi	primary
旗	qi	primary
旞	sui	primary
无	wu	primary
无	mo	alt
既	ji	primary
日	ri	primary
旦	dan	primary
旧	jiu	primary
旨	zhi	primary
早	zao	primary
旬	xun	primary
旭	xu	primary
旮	ga	primary
旯	la	primary
旰	gan	primary
旱	han	primary
旴	xu	primary
旵	chan	primary
时	shi	primary
旷	kuang	primary
旸	yang	primary
旺	wang	primary
旻	min	primary
旿	wu	primary
昀	yun	primary
昂	ang	primary
昃	ze	primary
昄	ban	primary
昆	kun	primary
昇	sheng	primary
昈	hu	primary
昉	fang	primary
昊	hao	primary
昌	chang	primary
明	ming	primary
昏	hun	primary
昒	hu	primary
易	yi	primary
昔	xi	primary
昕	xin	primary
昙	tan	primary
昝	zan	primary
星	xing	primary
映	ying	primary
昡	xuan	primary
昣	zhen	primary
昤	ling	primary
春	chun	primary
昧	mei	primary
昨	zuo	primary
昪	bian	primary
昫	xu	primary
昭	zhao	primary
是	shi	primary
昱	yu	primary
昳	die	primary
昴	mao	primary
昵	ni	primary
昶	chang	primary
昺	bing	primary
昼	zhou	primary
昽	long	primary
显	xian	primary
晁	chao	primary
晃	huang	primary
晅	xuan	primary
晊	zhi	primary
晋	jin	primary
晌	shang	primary
晏	yan	primary
晐	gai	primary
晒	shai	primary
晓	xiao	primary
晔	ye	primary
晕	yun	primary
晖	hui	primary
晗	han	primary
晙	jun	primary
晚	wan	primary
晞	xi	primary
晟	cheng	primary
晡	bu	primary
晢	zhe	primary
晤	wu	primary
晦	hui	primary
晨	chen	primary
晪	tian	primary
晫	zhuo	primary
普	pu	primary
景	jing	primary
晰	xi	primary
晱	shan	primary
晴	qing	primary
晶	jing	primary
晷	gui	primary
智	zhi	primary
晾	liang	primary
暂	zan	primary
暄	xuan	primary
暅	geng	primary
暇	xia	primary
暌	kui	primary
暑	shu	primary
暕	jian	primary
暖	nuan	primary
暗	an	primary
暝	ming	primary
暧	ai	primary
暨	ji	primary
暮	mu	primary
暲	zhang	primary
暴	bao	primary
暵	han	primary
暶	xuan	primary
暹	xian	primary
暾	tun	primary
暿	xi	primary
曈	tong	primary
曌	zhao	primary
曙	shu	primary
曛	xun	primary
曜	yao	primary
曝	pu	primary
曝	bao	alt
曦	xi	primary
曩	nang	primary
曰	yue	primary
曲	qu	primary
曳	ye	primary
更	geng	primary
曷	he	primary
曹	cao	primary
曼	man	primary
曾	ceng	primary
曾	zeng	alt
替	ti	primary
最	zui	primary
月	yue	primary
有	you	primary
朋	peng	primary
服	fu	primary
朏	fei	primary
朐	qu	primary
朓	tiao	primary
朔	shuo	primary
朕	zhen	primary
朗	lang	primary
望	wang	primary
朝	chao	primary
朝	zhao	alt
期	qi	primary
期	ji	alt
朦	meng	primary
木	mu	primary
未	wei	primary
末	mo	primary
本	ben	primary
札	zha	primary
术	shu	primary
术	zhu	alt
朱	zhu	primary
朳	ba	primary
朴	pu	primary
朴	piao	alt
朴	po	alt
朵	duo	primary
朸	li	primary
机	ji	primary
朽	xiu	primary
杀	sha	primary
杂	za	primary
权	quan	primary
杄	qian	primary
杆	gan	primary
杈	cha	primary
杉	shan	primary
杉	sha	alt
杌	wu	primary
李	li	primary
杏	xing	primary
材	cai	primary
村	cun	primary
杓	biao	primary
杕	di	primary
杖	zhang	primary
杙	yi	primary
杜	du	primary
杞	qi	primary
束	shu	primary
杠	gang	primary
条	tiao	primary
来	lai	primary
杧	mang	primary
杨	yang	primary
杩	ma	primary
杪	miao	primary
杭	hang	primary
杯	bei	primary
杰	jie	primary
杲	gao	primary
杳	yao	primary
杵	chu	primary
杷	pa	primary
杻	chou	primary
杻	niu	alt
杼	zhu	primary
松	song	primary
板	ban	primary
极	ji	primary
构	gou	primary
枅	ji	primary
枇	pi	primary
枉	wang	primary
枋	fang	primary
枍	yi	primary
析	xi	primary
枕	zhen	primary
林	lin	primary
枘	rui	primary
枚	mei	primary
果	guo	primary
枝	zhi	primary
枞	cong	primary
枞	zong	alt
枢	shu	primary
枣	zao	primary
枥	li	primary
枧	jian	primary
枨	cheng	primary
枪	qiang	primary
枫	feng	primary
枭	xiao	primary
枯	ku	primary
枰	ping	primary
枲	xi	primary
枳	zhi	primary
枵	xiao	primary
架	jia	primary
枷	jia	primary
枸	gou	primary
枸	ju	alt
枹	bao	primary
柁	duo	primary
柁	tuo	alt
柃	ling	primary
柄	bing	primary
柈	ban	primary
柊	zhong	primary
柏	bai	primary
柏	bo	alt
某	mou	primary
柑	gan	primary
柒	qi	primary
染	ran	primary
柔	rou	primary
柖	shao	primary
柘	zhe	primary
柙	xia	primary
柚	you	primary
柜	gui	primary
柜	ju	alt
柝	tuo	primary
柞	zha	primary
柞	zuo	alt
柠	ning	primary
柢	di	primary
查	cha	primary
查	zha	alt
柩	jiu	primary
柬	jian	primary
柯	ke	primary
柰	nai	primary
柱	zhu	primary
柳	liu	primary
柴	chai	primary
柷	chu	primary
柷	zhu	alt
柽	cheng	primary
柿	shi	primary
栀	zhi	primary
栅	zha	primary
栅	shan	alt
标	biao	primary
栈	zhan	primary
栉	zhi	primary
栊	long	primary
栋	dong	primary
栌	lu	primary
栎	li	primary
栎	yue	alt
栏	lan	primary
栐	yong	primary
树	shu	primary
栒	xun	primary
栓	shuan	primary
栖	qi	primary
栗	li	primary
栝	gua	primary
栟	ben	primary
校	xiao	primary
校	jiao	alt
栩	xu	primary
株	zhu	primary
栲	kao	primary
栳	lao	primary
栴	zhan	primary
样	yang	primary
核	he	primary
核	hu	alt
根	gen	primary
栻	shi	primary
格	ge	primary
栽	zai	primary
栾	luan	primary
桀	jie	primary
桁	heng	primary
桂	gui	primary
桃	tao	primary
桄	guang	primary
桅	wei	primary
框	kuang	primary
案	an	primary
桉	an	primary
桊	juan	primary
桌	zhuo	primary
桎	zhi	primary
桐	tong	primary
桑	sang	primary
桓	huan	primary
桔	ju	primary
桔	jie	alt
桕	jiu	primary
桠	ya	primary
桡	rao	primary
桢	zhen	primary
档	dang	primary
桤	qi	primary
桥	qiao	primary
桦	hua	primary
桧	gui	primary
桧	hui	alt
桨	jiang	primary
桩	zhuang	primary
桫	suo	primary
桯	ting	primary
桲	po	primary
桲	bo	alt
桴	fu	primary
桶	tong	primary
桷	jue	primary
桹	lang	primary
梁	liang	primary
梃	ting	primary
梅	mei	primary
梆	bang	primary
梌	tu	primary
梏	gu	primary
梓	zi	primary
梗	geng	primary
梠	lv	primary
梢	shao	primary
梣	cen	primary
梣	chen	alt
梣	qin	alt
梦	meng	primary
梧	wu	primary
梨	li	primary
梭	suo	primary
梯	ti	primary
械	xie	primary
梳	shu	primary
梴	chan	primary
梵	fan	primary
梼	tao	primary
梽	zhi	primary
梾	lai	primary
梿	lian	primary
检	jian	primary
棁	zhuo	primary
棂	ling	primary
棉	mian	primary
棋	qi	primary
棍	gun	primary
棐	fei	primary
棒	bang	primary
棓	bang	primary
棓	bei	alt
棕	zong	primary
棘	ji	primary
棚	peng	primary
棠	tang	primary
棣	di	primary
棤	cuo	primary
棨	qi	primary
棪	yan	primary
棫	yu	primary
棬	quan	primary
森	sen	primary
棰	chui	primary
棱	leng	primary
棱	ling	alt
棵	ke	primary
棹	zhao	primary
棺	guan	primary
棻	fen	primary
棼	fen	primary
棽	shen	primary
棽	chen	alt
椀	wan	primary
椁	guo	primary
椅	yi	primary
椆	chou	primary
椋	liang	primary
植	zhi	primary
椎	chui	primary
椎	zhui	alt
椐	ju	primary
椑	bei	primary
椒	jiao	primary
椓	zhuo	primary
椟	du	primary
椠	qian	primary
椤	luo	primary
椪	peng	primary
椭	tuo	primary
椰	ye	primary
椴	duan	primary
椸	yi	primary
椹	shen	primary
椽	chuan	primary
椿	chun	primary
楂	zha	primary
楒	si	primary
楔	xie	primary
楗	jian	primary
楙	mao	primary
楚	chu	primary
楝	lian	primary
楞	leng	primary
楠	nan	primary
楣	mei	primary
楦	xuan	primary
楩	pian	primary
楪	ye	primary
楪	die	alt
楫	ji	primary
楮	chu	primary
楯	dun	primary
楯	shun	alt
楷	kai	primary
楷	jie	alt
楸	qiu	primary
楹	ying	primary
楼	lou	primary
概	gai	primary
榃	tan	primary
榄	lan	primary
榅	wen	primary
榆	yu	primary
榇	chen	primary
榈	lv	primary
榉	ju	primary
榍	xie	primary
榑	fu	primary
榔	lang	primary
榕	rong	primary
榖	gu	primary
榛	zhen	primary
榜	bang	primary
榧	fei	primary
榨	zha	primary
榫	sun	primary
榭	xie	primary
榰	zhi	primary
榱	cui	primary
榴	liu	primary
榷	que	primary
榻	ta	primary
槁	gao	primary
槃	pan	primary
槊	shuo	primary
槌	chui	primary
槎	cha	primary
槐	huai	primary
槔	gao	primary
槚	jia	primary
槛	kan	primary
槛	jian	alt
槜	zui	primary
槟	bin	primary
槟	bing	alt
槠	zhu	primary
槭	qi	primary
槱	you	primary
槲	hu	primary
槽	cao	primary
槿	jin	primary
樊	fan	primary
樗	chu	primary
樘	tang	primary
樟	zhang	primary
模	mo	primary
模	mu	alt
樨	xi	primary
横	heng	primary
樯	qiang	primary
樱	ying	primary
樵	qiao	primary
樽	zun	primary
樾	yue	primary
橄	gan	primary
橇	qiao	primary
橐	tuo	primary
橑	lao	primary
橑	liao	alt
橘	ju	primary
橙	cheng	primary
橛	jue	primary
橞	hui	primary
橡	xiang	primary
橥	zhu	primary
橦	tong	primary
橱	chu	primary
橹	lu	primary
橼	yuan	primary
檀	tan	primary
檄	xi	primary
檎	qin	primary
檐	yan	primary
檑	lei	primary
檗	bo	primary
檞	jie	primary
檠	qing	primary
檩	lin	primary
檫	cha	primary
檬	meng	primary
櫆	kui	primary
欂	bo	primary
欠	qian	primary
次	ci	primary
欢	huan	primary
欣	xin	primary
欤	yu	primary
欧	ou	primary
欲	yu	primary
欸	ai	primary
欸	ea	alt
欹	yi	primary
欹	qi	alt
欺	qi	primary
欻	chua	primary
欻	xu	alt
款	kuan	primary
歃	sha	primary
歅	yin	primary
歆	xin	primary
歇	xie	primary
歉	qian	primary
歌	ge	primary
歙	she	primary
止	zhi	primary
正	zheng	primary
此	ci	primary
步	bu	primary
武	wu	primary
歧	qi	primary
歪	wai	primary
歹	dai	primary
死	si	primary
歼	jian	primary
殁	mo	primary
殂	cu	primary
殃	yang	primary
殄	tian	primary
殆	dai	primary
殇	shang	primary
殉	xun	primary
殊	shu	primary
残	can	primary
殍	piao	primary
殒	yun	primary
殓	lian	primary
殖	zhi	primary
殖	shi	alt
殚	dan	primary
殛	ji	primary
殡	bin	primary
殣	jin	primary
殪	yi	primary
殳	shu	primary
殴	ou	primary
段	duan	primary
殷	yin	primary
殷	yan	alt
殿	dian	primary
毁	hui	primary
毂	gu	primary
毅	yi	primary
毋	wu	primary
毌	guan	primary
母	mu	primary
每	mei	primary
毐	ai	primary
毒	du	primary
毓	yu	primary
比	bi	primary
毕	bi	primary
毖	bi	primary
毗	pi	primary
毙	bi	primary
毛	mao	primary
毡	zhan	primary
毪	mu	primary
毫	hao	primary
毯	tan	primary
毳	cui	primary
毵	san	primary
毹	shu	primary
毽	jian	primary
氅	chang	primary
氆	pu	primary
氇	lu	primary
氍	qu	primary
氏	shi	primary
氏	zhi	alt
氐	di	primary
民	min	primary
氓	mang	primary
气	qi	primary
氕	pie	primary
氖	nai	primary
氘	dao	primary
氙	xian	primary
氚	chuan	primary
氛	fen	primary
氟	fu	primary
氡	dong	primary
氢	qing	primary
氤	yin	primary
氦	hai	primary
氧	yang	primary
氨	an	primary
氩	ya	primary
氪	ke	primary
氮	dan	primary
氯	lv	primary
氰	qing	primary
氲	yun	primary
水	shui	primary
永	yong	primary
氾	fan	primary
氿	gui	primary
氿	jiu	alt
汀	ting	primary
汁	zhi	primary
求	qiu	primary
汆	cuan	primary
汇	hui	primary
汈	diao	primary
汉	han	primary
汊	cha	primary
汋	zhuo	primary
汐	xi	primary
汔	qi	primary
汕	shan	primary
汗	han	primary
汛	xun	primary
汜	si	primary
汝	ru	primary
汞	gong	primary
江	jiang	primary
池	chi	primary
污	wu	primary
汤	tang	primary
汧	qian	primary
汨	mi	primary
汩	gu	primary
汪	wang	primary
汫	jing	primary
汭	rui	primary
汰	tai	primary
汲	ji	primary
汴	bian	primary
汶	wen	primary
汹	xiong	primary
汽	qi	primary
汾	fen	primary
沁	qin	primary
沂	yi	primary
沃	wo	primary
沄	yun	primary
沅	yuan	primary
沆	hang	primary
沇	yan	primary
沈	shen	primary
沉	chen	primary
沌	dun	primary
沌	zhuan	alt
沏	qi	primary
沐	mu	primary
沓	da	primary
沓	ta	alt
沔	mian	primary
沘	bi	primary
沙	sha	primary
沚	zhi	primary
沛	pei	primary
沟	gou	primary
没	mei	primary
没	mo	alt
沣	feng	primary
沤	ou	primary
沥	li	primary
沦	lun	primary
沧	cang	primary
沨	feng	primary
沩	wei	primary
沪	hu	primary
沫	mo	primary
沭	shu	primary
沮	ju	primary
沱	tuo	primary
河	he	primary
沸	fei	primary
油	you	primary
沺	tian	primary
治	zhi	primary
沼	zhao	primary
沽	gu	primary
沾	zhan	primary
沿	yan	primary
泂	jiong	primary
泃	ju	primary
泄	xie	primary
泅	qiu	primary
泇	jia	primary
泉	quan	primary
泊	po	primary
泊	bo	alt
泌	mi	primary
泌	bi	alt
泐	le	primary
泓	hong	primary
泔	gan	primary
法	fa	primary
泖	mao	primary
泗	si	primary
泙	ping	primary
泚	ci	primary
泛	fan	primary
泜	zhi	primary
泞	ning	primary
泠	ling	primary
泡	pao	primary
波	bo	primary
泣	qi	primary
泥	ni	primary
注	zhu	primary
泪	lei	primary
泫	xuan	primary
泮	pan	primary
泯	min	primary
泰	tai	primary
泱	yang	primary
泳	yong	primary
泵	beng	primary
泷	long	primary
泷	shuang	alt
泸	lu	primary
泺	luo	primary
泻	xie	primary
泼	po	primary
泽	ze	primary
泾	jing	primary
洁	jie	primary
洄	hui	primary
洇	yin	primary
洈	wei	primary
洋	yang	primary
洌	lie	primary
洎	ji	primary
洑	fu	primary
洒	sa	primary
洓	se	primary
洓	qi	alt
洗	xi	primary
洗	xian	alt
洘	kao	primary
洙	zhu	primary
洚	jiang	primary
洛	luo	primary
洞	dong	primary
洞	tong	alt
洢	yi	primary
洣	mi	primary
津	jin	primary
洧	wei	primary
洨	xiao	primary
洪	hong	primary
洫	xu	primary
洭	kuang	primary
洮	tao	primary
洱	er	primary
洲	zhou	primary
洳	ru	primary
洴	ping	primary
洵	xun	primary
洸	guang	primary
洹	huan	primary
洺	ming	primary
活	huo	primary
洼	wa	primary
洽	qia	primary
派	pai	primary
洿	wu	primary
流	liu	primary
浃	jia	primary
浅	qian	primary
浆	jiang	primary
浇	jiao	primary
浈	zhen	primary
浉	shi	primary
浊	zhuo	primary
测	ce	primary
浍	hui	primary
济	ji	primary
浏	liu	primary
浐	chan	primary
浑	hun	primary
浒	hu	primary
浒	xu	alt
浓	nong	primary
浔	xun	primary
浕	jin	primary
浙	zhe	primary
浚	jun	primary
浚	xun	alt
浛	han	primary
浜	bang	primary
浞	zhuo	primary
浟	you	primary
浠	xi	primary
浡	bo	primary
浣	huan	primary
浥	yi	primary
浦	pu	primary
浩	hao	primary
浪	lang	primary
浬	li	primary
浭	geng	primary
浮	fu	primary
浯	wu	primary
浰	lian	primary
浰	li	alt
浲	feng	primary
浴	yu	primary
海	hai	primary
浸	jin	primary
浼	mei	primary
涂	tu	primary
涄	ping	primary
涅	nie	primary
消	xiao	primary
涉	she	primary
涌	yong	primary
涌	chong	alt
涍	xiao	primary
涎	xian	primary
涐	e	primary
涑	su	primary
涓	juan	primary
涔	cen	primary
涕	ti	primary
涘	si	primary
涛	tao	primary
涝	lao	primary
涞	lai	primary
涟	lian	primary
涠	wei	primary
涡	wo	primary
涡	guo	alt
涢	yun	primary
涣	huan	primary
涤	di	primary
润	run	primary
涧	jian	primary
涨	zhang	primary
涩	se	primary
涪	fu	primary
涫	guan	primary
涮	shuan	primary
涯	ya	primary
液	ye	primary
涴	wo	primary
涴	yuan	alt
涵	han	primary
涸	he	primary
涿	zhuo	primary
淀	dian	primary
淄	zi	primary
淅	xi	primary
淆	xiao	primary
淇	qi	primary
淋	lin	primary
淌	tang	primary
淏	hao	primary
淑	shu	primary
淖	nao	primary
淘	tao	primary
淙	cong	primary
淜	ping	primary
淜	peng	alt
淝	fei	primary
淞	song	primary
淟	tian	primary
淠	pi	primary
淡	dan	primary
淤	yu	primary
淦	gan	primary
淫	yin	primary
淬	cui	primary
淮	huai	primary
淯	yu	primary
深	shen	primary
淳	chun	primary
淴	hu	primary
混	hun	primary
淹	yan	primary
添	tian	primary
淼	miao	primary
清	qing	primary
渊	yuan	primary
渌	lu	primary
渍	zi	primary
渎	du	primary
渐	jian	primary
渑	mian	primary
渔	yu	primary
渗	shen	primary
渚	zhu	primary
渝	yu	primary
渟	ting	primary
渠	qu	primary
渡	du	primary
渣	zha	primary
渤	bo	primary
渥	wo	primary
温	wen	primary
渫	xie	primary
渭	wei	primary
港	gang	primary
渰	yan	primary
渲	xuan	primary
渴	ke	primary
游	you	primary
渺	miao	primary
渼	mei	primary
湃	pai	primary
湄	mei	primary
湉	tian	primary
湍	tuan	primary
湎	mian	primary
湑	xu	primary
湓	pen	primary
湔	jian	primary
湖	hu	primary
湘	xiang	primary
湛	zhan	primary
湜	shi	primary
湝	jie	primary
湟	huang	primary
湣	min	primary
湫	jiao	primary
湫	qiu	alt
湮	yan	primary
湲	yuan	primary
湴	ban	primary
湾	wan	primary
湿	shi	primary
溁	ying	primary
溃	kui	primary
溃	hui	alt
溅	jian	primary
溆	xu	primary
溇	lou	primary
溉	gai	primary
溍	jin	primary
溏	tang	primary
源	yuan	primary
溘	ke	primary
溚	ta	primary
溚	da	alt
溜	liu	primary
溞	sao	primary
溟	ming	primary
溠	zha	primary
溢	yi	primary
溥	pu	primary
溦	wei	primary
溧	li	primary
溪	xi	primary
溯	su	primary
溱	qin	primary
溲	sou	primary
溴	xiu	primary
溵	yin	primary
溶	rong	primary
溷	hun	primary
溹	suo	primary
溺	ni	primary
溻	ta	primary
溽	ru	primary
滁	chu	primary
滂	pang	primary
滃	weng	primary
滆	ge	primary
滇	dian	primary
滉	huang	primary
滋	zi	primary
滍	zhi	primary
滏	fu	primary
滑	hua	primary
滓	zi	primary
滔	tao	primary
滕	teng	primary
滗	bi	primary
滘	jiao	primary
滚	gun	primary
滞	zhi	primary
滟	yan	primary
滠	she	primary
满	man	primary
滢	ying	primary
滤	lv	primary
滥	lan	primary
滦	luan	primary
滧	yao	primary
滧	xiao	alt
滨	bin	primary
滩	tan	primary
滪	yu	primary
滫	xiu	primary
滴	di	primary
滹	hu	primary
漂	piao	primary
漆	qi	primary
漈	ji	primary
漉	lu	primary
漋	long	primary
漏	lou	primary
漓	li	primary
演	yan	primary
漕	cao	primary
漖	jiao	primary
漠	mo	primary
漤	lan	primary
漦	chi	primary
漩	xuan	primary
漪	yi	primary
漫	man	primary
漭	mang	primary
漯	luo	primary
漱	shu	primary
漳	zhang	primary
漴	zhuang	primary
漴	chong	alt
漴	shuang	alt
漶	huan	primary
漷	huo	primary
漹	yan	primary
漻	liao	primary
漼	cui	primary
漾	yang	primary
潆	ying	primary
潇	xiao	primary
潋	lian	primary
潍	wei	primary
潏	yu	primary
潖	pa	primary
潘	pan	primary
潜	qian	primary
潞	lu	primary
潟	xi	primary
潢	huang	primary
潦	lao	primary
潦	liao	alt
潩	yi	primary
潭	tan	primary
潮	chao	primary
潲	shao	primary
潴	zhu	primary
潵	sa	primary
潸	shan	primary
潺	chan	primary
潼	tong	primary
潽	pu	primary
潾	lin	primary
澂	cheng	primary
澄	cheng	primary
澄	deng	alt
澈	che	primary
澉	gan	primary
澌	si	primary
澍	shu	primary
澎	peng	primary
澛	lu	primary
澜	lan	primary
澡	zao	primary
澥	xie	primary
澧	li	primary
澪	ling	primary
澭	yong	primary
澳	ao	primary
澴	huan	primary
澶	chan	primary
澹	dan	primary
澹	tan	alt
澼	pi	primary
澽	ju	primary
激	ji	primary
濂	lian	primary
濉	sui	primary
濋	chu	primary
濑	lai	primary
濒	bin	primary
濞	bi	primary
濠	hao	primary
濡	ru	primary
濩	huo	primary
濮	pu	primary
濯	zhuo	primary
瀌	biao	primary
瀍	chan	primary
瀑	pu	primary
瀑	bao	alt
瀔	gu	primary
瀚	han	primary
瀛	ying	primary
瀣	xie	primary
瀱	ji	primary
瀵	fen	primary
瀹	yue	primary
瀼	rang	primary
灈	qu	primary
灌	guan	primary
灏	hao	primary
灞	ba	primary
火	huo	primary
灭	mie	primary
灯	deng	primary
灰	hui	primary
灵	ling	primary
灶	zao	primary
灸	jiu	primary
灼	zhuo	primary
灾	zai	primary
灿	can	primary
炀	yang	primary
炅	jiong	primary
炅	gui	alt
炆	wen	primary
炉	lu	primary
炊	chui	primary
炌	kai	primary
炎	yan	primary
炒	chao	primary
炔	gui	primary
炔	que	alt
炕	kang	primary
炖	dun	primary
炘	xin	primary
炙	zhi	primary
炜	wei	primary
炝	qiang	primary
炟	da	primary
炣	ke	primary
炫	xuan	primary
炬	ju	primary
炭	tan	primary
炮	pao	primary
炮	bao	alt
炯	jiong	primary
炱	tai	primary
炳	bing	primary
炷	zhu	primary
炸	zha	primary
点	dian	primary
炻	shi	primary
炼	lian	primary
炽	chi	primary
烀	hu	primary
烁	shuo	primary
烂	lan	primary
烃	ting	primary
烈	lie	primary
烊	yang	primary
烔	tong	primary
烘	hong	primary
烙	lao	primary
烙	luo	alt
烛	zhu	primary
烜	xuan	primary
烝	zheng	primary
烟	yan	primary
烠	hui	primary
烤	kao	primary
烦	fan	primary
烧	shao	primary
烨	ye	primary
烩	hui	primary
烫	tang	primary
烬	jin	primary
热	re	primary
烯	xi	primary
烶	ting	primary
烷	wan	primary
烹	peng	primary
烺	lang	primary
烻	yan	primary
烻	shan	alt
烽	feng	primary
焆	juan	primary
焉	yan	primary
焊	han	primary
焌	jun	primary
焌	qu	alt
焐	wu	primary
焓	han	primary
焕	huan	primary
焖	men	primary
焗	ju	primary
焘	dao	primary
焘	tao	alt
焙	bei	primary
焚	fen	primary
焜	kun	primary
焞	tun	primary
焦	jiao	primary
焯	chao	primary
焰	yan	primary
焱	yan	primary
然	ran	primary
煁	chen	primary
煃	kui	primary
煅	duan	primary
煊	xuan	primary
煋	xing	primary
煌	huang	primary
煎	jian	primary
煓	tuan	primary
煜	yu	primary
煞	sha	primary
煟	wei	primary
煤	mei	primary
煦	xu	primary
照	zhao	primary
煨	wei	primary
煮	zhu	primary
煲	bao	primary
煳	hu	primary
煴	yun	primary
煸	bian	primary
煺	tui	primary
煽	shan	primary
熄	xi	primary
熇	he	primary
熊	xiong	primary
熏	xun	primary
熔	rong	primary
熘	liu	primary
熙	xi	primary
熛	biao	primary
熜	cong	primary
熟	shu	primary
熟	shou	alt
熠	yi	primary
熥	teng	primary
熨	yun	primary
熨	yu	alt
熬	ao	primary
熵	shang	primary
熹	xi	primary
熻	xi	primary
燃	ran	primary
燊	shen	primary
燋	jiao	primary
燎	liao	primary
燏	yu	primary
燔	fan	primary
燕	yan	primary
燚	yi	primary
燠	yu	primary
燥	zao	primary
燧	sui	primary
燮	xie	primary
燹	xian	primary
爆	bao	primary
爇	ruo	primary
爔	xi	primary
爚	yue	primary
爝	jue	primary
爟	guan	primary
爨	cuan	primary
爪	zhao	primary
爪	zhua	alt
爬	pa	primary
爰	yuan	primary
爱	ai	primary
爵	jue	primary
父	fu	primary
爷	ye	primary
爸	ba	primary
爹	die	primary
爻	yao	primary
爽	shuang	primary
爿	pan	primary
牁	ke	primary
牂	zang	primary
片	pian	primary
版	ban	primary
牌	pai	primary
牍	du	primary
牒	die	primary
牖	you	primary
牙	ya	primary
牚	cheng	primary
牛	niu	primary
牝	pin	primary
牟	mou	primary
牟	mu	alt
牡	mu	primary
牢	lao	primary
牤	mang	primary
牥	fang	primary
牦	mao	primary
牧	mu	primary
物	wu	primary
牮	jian	primary
牯	gu	primary
牲	sheng	primary
牵	qian	primary
特	te	primary
牺	xi	primary
牻	mang	primary
牾	wu	primary
牿	gu	primary
犀	xi	primary
犁	li	primary
犄	ji	primary
犇	ben	primary
犊	du	primary
犋	ju	primary
犍	jian	primary
犍	qian	alt
犏	pian	primary
犒	kao	primary
犟	jiang	primary
犨	chou	primary
犬	quan	primary
犯	fan	primary
犰	qiu	primary
犴	an	primary
犴	han	alt
状	zhuang	primary
犷	guang	primary
犸	ma	primary
犹	you	primary
狁	yun	primary
狂	kuang	primary
狃	niu	primary
狄	di	primary
狈	bei	primary
狉	pi	primary
狍	pao	primary
狎	xia	primary
狐	hu	primary
狒	fei	primary
狗	gou	primary
狙	ju	primary
狝	xian	primary
狞	ning	primary
狠	hen	primary
狡	jiao	primary
狨	rong	primary
狩	shou	primary
独	du	primary
狭	xia	primary
狮	shi	primary
狯	kuai	primary
狰	zheng	primary
狱	yu	primary
狲	sun	primary
狳	yu	primary
狴	bi	primary
狷	juan	primary
狸	li	primary
狺	yin	primary
狻	suan	primary
狼	lang	primary
猁	li	primary
猃	xian	primary
猄	jing	primary
猇	xiao	primary
猊	ni	primary
猎	lie	primary
猕	mi	primary
猖	chang	primary
猗	yi	primary
猛	meng	primary
猜	cai	primary
猝	cu	primary
猞	she	primary
猡	luo	primary
猢	hu	primary
猥	wei	primary
猩	xing	primary
猪	zhu	primary
猫	mao	primary
猬	wei	primary
献	xian	primary
猯	tuan	primary
猰	ya	primary
猱	nao	primary
猴	hou	primary
猷	you	primary
猹	cha	primary
猺	yao	primary
猾	hua	primary
猿	yuan	primary
獍	jing	primary
獐	zhang	primary
獒	ao	primary
獗	jue	primary
獠	liao	primary
獬	xie	primary
獭	ta	primary
獯	xun	primary
獴	meng	primary
獾	huan	primary
玃	jue	primary
玄	xuan	primary
率	lv	primary
率	shuai	alt
玉	yu	primary
王	wang	primary
玎	ding	primary
玑	ji	primary
玒	hong	primary
玓	di	primary
玕	gan	primary
玖	jiu	primary
玘	qi	primary
玙	yu	primary
玚	chang	primary
玚	yang	alt
玛	ma	primary
玞	fu	primary
玟	wen	primary
玠	jie	primary
玡	ya	primary
玢	bin	primary
玢	fen	alt
玤	bang	primary
玥	yue	primary
玦	jue	primary
玩	wan	primary
玫	mei	primary
玭	pin	primary
玮	wei	primary
环	huan	primary
现	xian	primary
玱	qiang	primary
玲	ling	primary
玳	dai	primary
玶	ping	primary
玷	dian	primary
玹	xuan	primary
玺	xi	primary
玻	bo	primary
玼	ci	primary
玿	shao	primary
珀	po	primary
珂	ke	primary
珅	shen	primary
珇	zu	primary
珈	jia	primary
珉	min	primary
珊	shan	primary
珋	liu	primary
珌	bi	primary
珍	zhen	primary
珏	jue	primary
珐	fa	primary
珑	long	primary
珒	jin	primary
珕	li	primary
珖	guang	primary
珙	gong	primary
珛	xiu	primary
珝	xu	primary
珞	luo	primary
珠	zhu	primary
珢	yin	primary
珣	xun	primary
珥	er	primary
珦	xiang	primary
珧	yao	primary
珩	hang	primary
珩	heng	alt
珪	gui	primary
珫	chong	primary
班	ban	primary
珰	dang	primary
珲	hui	primary
珲	hun	alt
珵	cheng	primary
珷	wu	primary
珸	wu	primary
珹	cheng	primary
珺	jun	primary
珽	ting	primary
琀	han	primary
球	qiu	primary
琄	xuan	primary
琅	lang	primary
理	li	primary
琇	xiu	primary
琈	fu	primary
琉	liu	primary
琊	ya	primary
琎	jin	primary
琏	lian	primary
琐	suo	primary
琔	dian	primary
琚	ju	primary
琛	chen	primary
琟	wei	primary
琡	chu	primary
琢	zuo	primary
琢	zhuo	alt
琤	cheng	primary
琥	hu	primary
琦	qi	primary
琨	kun	primary
琪	qi	primary
琫	beng	primary
琬	wan	primary
琭	lu	primary
琮	cong	primary
琯	guan	primary
琰	yan	primary
琲	bei	primary
琳	lin	primary
琴	qin	primary
琵	pi	primary
琶	pa	primary
琼	qiong	primary
瑀	yu	primary
瑁	mao	primary
瑂	mei	primary
瑃	chun	primary
瑄	xuan	primary
瑅	ti	primary
瑆	xing	primary
瑑	zhuan	primary
瑓	lian	primary
瑔	quan	primary
瑕	xia	primary
瑖	duan	primary
瑗	yuan	primary
瑙	nao	primary
瑚	hu	primary
瑛	ying	primary
瑜	yu	primary
瑝	huang	primary
瑞	rui	primary
瑟	se	primary
瑢	rong	primary
瑧	zhen	primary
瑨	jin	primary
瑬	liu	primary
瑭	tang	primary
瑰	gui	primary
瑱	zhen	primary
瑱	tian	alt
瑳	cuo	primary
瑶	yao	primary
瑷	ai	primary
瑾	jin	primary
璀	cui	primary
璁	cong	primary
璃	li	primary
璆	qiu	primary
璇	xuan	primary
璈	ao	primary
璋	zhang	primary
璎	ying	primary
璐	lu	primary
璒	deng	primary
璘	lin	primary
璜	huang	primary
璞	pu	primary
璟	jing	primary
璠	fan	primary
璥	jing	primary
璧	bi	primary
璨	can	primary
璩	qu	primary
璪	zao	primary
璬	jiao	primary
璮	tan	primary
璱	se	primary
璲	sui	primary
璺	wen	primary
瓀	ruan	primary
瓒	zan	primary
瓖	xiang	primary
瓘	guan	primary
瓜	gua	primary
瓞	die	primary
瓠	hu	primary
瓢	piao	primary
瓣	ban	primary
瓤	rang	primary
瓦	wa	primary
瓮	weng	primary
瓯	ou	primary
瓴	ling	primary
瓶	ping	primary
瓷	ci	primary
瓻	chi	primary
瓿	bu	primary
甄	zhen	primary
甍	meng	primary
甏	beng	primary
甑	zeng	primary
甓	pi	primary
甗	yan	primary
甘	gan	primary
甚	shen	primary
甜	tian	primary
生	sheng	primary
甡	shen	primary
甥	sheng	primary
甦	su	primary
用	yong	primary
甩	shuai	primary
甪	lu	primary
甫	fu	primary
甬	yong	primary
甭	beng	primary
甯	ning	primary
田	tian	primary
由	you	primary
甲	jia	primary
申	shen	primary
电	dian	primary
男	nan	primary
甸	dian	primary
町	ting	primary
町	ding	alt
画	hua	primary
甾	zai	primary
畀	bi	primary
畅	chang	primary
畈	fan	primary
畋	tian	primary
界	jie	primary
畎	quan	primary
畏	wei	primary
畔	pan	primary
畖	wa	primary
留	liu	primary
畚	ben	primary
畛	zhen	primary
畜	chu	primary
畜	xu	alt
畤	zhi	primary
略	lve	primary
畦	qi	primary
番	fan	primary
番	pan	alt
畬	she	primary
畬	yu	alt
畯	jun	primary
畲	she	primary
畴	chou	primary
畸	ji	primary
畹	wan	primary
畿	ji	primary
疁	liu	primary
疃	tuan	primary
疆	jiang	primary
疍	dan	primary
疏	shu	primary
疐	zhi	primary
疑	yi	primary
疔	ding	primary
疖	jie	primary
疗	liao	primary
疙	ge	primary
疚	jiu	primary
疝	shan	primary
疟	nve	primary
疟	yao	alt
疠	li	primary
疡	yang	primary
疢	chen	primary
疣	you	primary
疤	ba	primary
疥	jie	primary
疫	yi	primary
疬	li	primary
疭	zong	primary
疮	chuang	primary
疯	feng	primary
疰	zhu	primary
疱	pao	primary
疲	pi	primary
疳	gan	primary
疴	ke	primary
疵	ci	primary
疸	dan	primary
疹	zhen	primary
疼	teng	primary
疽	ju	primary
疾	ji	primary
痂	jia	primary
痃	xuan	primary
痄	zha	primary
病	bing	primary
症	zheng	primary
痈	yong	primary
痉	jing	primary
痊	quan	primary
痍	yi	primary
痒	yang	primary
痓	chi	primary
痔	zhi	primary
痕	hen	primary
痘	dou	primary
痛	tong	primary
痞	pi	primary
痢	li	primary
痣	zhi	primary
痤	cuo	primary
痦	wu	primary
痧	sha	primary
痨	lao	primary
痪	huan	primary
痫	xian	primary
痰	tan	primary
痱	fei	primary
痴	chi	primary
痹	bi	primary
痼	gu	primary
痿	wei	primary
瘀	yu	primary
瘁	cui	primary
瘃	zhu	primary
瘅	dan	primary
瘆	shen	primary
瘊	hou	primary
瘌	la	primary
瘐	yu	primary
瘕	jia	primary
瘗	yi	primary
瘘	lou	primary
瘙	sao	primary
瘛	chi	primary
瘟	wen	primary
瘠	ji	primary
瘢	ban	primary
瘤	liu	primary
瘥	chai	primary
瘦	shou	primary
瘩	da	primary
瘪	bie	primary
瘫	tan	primary
瘭	biao	primary
瘰	luo	primary
瘳	chou	primary
瘴	zhang	primary
瘵	zhai	primary
瘸	que	primary
瘼	mo	primary
瘾	yin	primary
瘿	ying	primary
癀	huang	primary
癃	long	primary
癌	ai	primary
癍	ban	primary
癔	yi	primary
癖	pi	primary
癗	lei	primary
癜	dian	primary
癞	lai	primary
癣	xuan	primary
癫	dian	primary
癯	qu	primary
癸	gui	primary
登	deng	primary
白	bai	primary
百	bai	primary
癿	qie	primary
癿	bie	alt
皂	zao	primary
的	de	primary
的	di	alt
皆	jie	primary
皇	huang	primary
皈	gui	primary
皋	gao	primary
皎	jiao	primary
皑	ai	primary
皓	hao	primary
皕	bi	primary
皖	wan	primary
皙	xi	primary
皛	xiao	primary
皞	hao	primary
皤	po	primary
皦	jiao	primary
皭	jiao	primary
皮	pi	primary
皱	zhou	primary
皲	jun	primary
皴	cun	primary
皿	min	primary
盂	yu	primary
盅	zhong	primary
盆	pen	primary
盈	ying	primary
盉	he	primary
益	yi	primary
盍	he	primary
盎	ang	primary
盏	zhan	primary
盐	yan	primary
监	jian	primary
盒	he	primary
盔	kui	primary
盖	gai	primary
盖	ge	alt
盗	dao	primary
盘	pan	primary
盛	sheng	primary
盛	cheng	alt
盟	meng	primary
盥	guan	primary
盦	an	primary
目	mu	primary
盯	ding	primary
盱	xu	primary
盲	mang	primary
直	zhi	primary
盷	tian	primary
相	xiang	primary
盹	dun	primary
盼	pan	primary
盾	dun	primary
省	sheng	primary
省	xing	alt
眄	mian	primary
眇	miao	primary
眈	dan	primary
眉	mei	primary
眊	mao	primary
看	kan	primary
眍	kou	primary
眙	yi	primary
眚	sheng	primary
真	zhen	primary
眠	mian	primary
眢	yuan	primary
眦	zi	primary
眨	zha	primary
眩	xuan	primary
眬	long	primary
眭	sui	primary
眯	mi	primary
眵	chi	primary
眶	kuang	primary
眷	juan	primary
眸	mou	primary
眺	tiao	primary
眼	yan	primary
着	zhe	primary
着	zhao	alt
着	zhuo	alt
睁	zheng	primary
睃	suo	primary
睄	shao	primary
睇	di	primary
睎	xi	primary
睐	lai	primary
睑	jian	primary
睚	ya	primary
睛	jing	primary
睡	shui	primary
睢	sui	primary
督	du	primary
睥	pi	primary
睦	mu	primary
睨	ni	primary
睫	jie	primary
睬	cai	primary
睹	du	primary
睽	kui	primary
睾	gao	primary
睿	rui	primary
瞀	mao	primary
瞄	miao	primary
瞅	chou	primary
瞋	chen	primary
瞌	ke	primary
瞍	sou	primary
瞎	xia	primary
瞑	ming	primary
瞒	man	primary
瞟	piao	primary
瞠	cheng	primary
瞢	meng	primary
瞥	pie	primary
瞧	qiao	primary
瞩	zhu	primary
瞪	deng	primary
瞫	shen	primary
瞬	shun	primary
瞭	liao	primary
瞰	kan	primary
瞳	tong	primary
瞵	lin	primary
瞻	zhan	primary
瞽	gu	primary
瞿	qu	primary
矍	jue	primary
矗	chu	primary
矛	mao	primary
矜	jin	primary
矞	yu	primary
矢	shi	primary
矣	yi	primary
知	zhi	primary
矧	shen	primary
矩	ju	primary
矫	jiao	primary
矬	cuo	primary
短	duan	primary
矮	ai	primary
矰	zeng	primary
石	shi	primary
石	dan	alt
矶	ji	primary
矸	gan	primary
矻	ku	primary
矼	gang	primary
矾	fan	primary
矿	kuang	primary
砀	dang	primary
码	ma	primary
砂	sha	primary
砄	jue	primary
砆	fu	primary
砉	huo	primary
砉	hua	alt
砌	qi	primary
砍	kan	primary
砑	ya	primary
砒	pi	primary
研	yan	primary
砖	zhuan	primary
砗	che	primary
砘	dun	primary
砚	yan	primary
砜	feng	primary
砝	fa	primary
砟	zha	primary
砠	ju	primary
砣	tuo	primary
砥	di	primary
砧	zhen	primary
砫	zhu	primary
砬	la	primary
砭	bian	primary
砮	nu	primary
砰	peng	primary
破	po	primary
砵	bo	primary
砷	shen	primary
砸	za	primary
砹	ai	primary
砺	li	primary
砻	long	primary
砼	tong	primary
砾	li	primary
础	chu	primary
硁	keng	primary
硅	gui	primary
硇	nao	primary
硊	wei	primary
硊	hui	alt
硌	ge	primary
硍	xian	primary
硍	yin	alt
硎	xing	primary
硐	dong	primary
硒	xi	primary
硔	hong	primary
硔	gong	alt
硕	shuo	primary
硖	xia	primary
硗	qiao	primary
硙	wei	primary
硚	qiao	primary
硝	xiao	primary
硪	wo	primary
硫	liu	primary
硬	ying	primary
硭	mang	primary
确	que	primary
硼	peng	primary
硿	kong	primary
碃	qing	primary
碇	ding	primary
碈	min	primary
碈	hun	alt
碉	diao	primary
碌	lu	primary
碌	liu	alt
碍	ai	primary
碎	sui	primary
碏	que	primary
碑	bei	primary
碓	dui	primary
碗	wan	primary
碘	dian	primary
碚	bei	primary
碛	qi	primary
碜	chen	primary
碟	die	primary
碡	du	primary
碡	zhou	alt
碣	jie	primary
碥	bian	primary
碧	bi	primary
碨	wei	primary
碰	peng	primary
碱	jian	primary
碲	di	primary
碳	tan	primary
碴	cha	primary
碶	qi	primary
碹	xuan	primary
碾	nian	primary
磁	ci	primary
磅	bang	primary
磅	pang	alt
磉	sang	primary
磊	lei	primary
磋	cuo	primary
磏	lian	primary
磏	qian	alt
磐	pan	primary
磔	zhe	primary
磕	ke	primary
磙	gun	primary
磜	qi	primary
磡	kan	primary
磨	mo	primary
磬	qing	primary
磲	qu	primary
磴	deng	primary
磷	lin	primary
磹	tan	primary
磻	pan	primary
礁	jiao	primary
礅	dun	primary
礌	lei	primary
礓	jiang	primary
礞	meng	primary
礴	bo	primary
礵	shuang	primary
示	shi	primary
礼	li	primary
社	she	primary
祀	si	primary
祁	qi	primary
祃	ma	primary
祆	xian	primary
祇	qi	primary
祈	qi	primary
祉	zhi	primary
祊	beng	primary
祋	dui	primary
祎	yi	primary
祏	shi	primary
祐	you	primary
祓	fu	primary
祕	mi	primary
祖	zu	primary
祗	zhi	primary
祚	zuo	primary
祛	qu	primary
祜	hu	primary
祝	zhu	primary
神	shen	primary
祟	sui	primary
祠	ci	primary
祢	mi	primary
祥	xiang	primary
祧	tiao	primary
票	piao	primary
祭	ji	primary
祭	zhai	alt
祯	zhen	primary
祲	jin	primary
祷	dao	primary
祸	huo	primary
祺	qi	primary
祼	guan	primary
祾	ling	primary
禀	bing	primary
禁	jin	primary
禄	lu	primary
禅	chan	primary
禅	shan	alt
禊	xi	primary
禋	yin	primary
福	fu	primary
禒	xian	primary
禔	zhi	primary
禘	di	primary
禚	zhuo	primary
禛	zhen	primary
禤	xuan	primary
禧	xi	primary
禳	rang	primary
禹	yu	primary
禺	yu	primary
离	li	primary
禽	qin	primary
禾	he	primary
秀	xiu	primary
私	si	primary
秃	tu	primary
秆	gan	primary
秉	bing	primary
秋	qiu	primary
种	zhong	primary
种	chong	alt
科	ke	primary
秒	miao	primary
秕	bi	primary
秘	mi	primary
秘	bi	alt
租	zu	primary
秣	mo	primary
秤	cheng	primary
秦	qin	primary
秧	yang	primary
秩	zhi	primary
秫	shu	primary
秬	ju	primary
秭	zi	primary
积	ji	primary
称	cheng	primary
称	chen	alt
秸	jie	primary
移	yi	primary
秽	hui	primary
秾	nong	primary
稀	xi	primary
稂	lang	primary
稃	fu	primary
稆	lv	primary
程	cheng	primary
稌	tu	primary
稍	shao	primary
税	shui	primary
稑	lu	primary
稔	ren	primary
稗	bai	primary
稙	zhi	primary
稚	zhi	primary
稞	ke	primary
稠	chou	primary
稣	su	primary
稳	wen	primary
稷	ji	primary
稹	zhen	primary
稻	dao	primary
稼	jia	primary
稽	ji	primary
稿	gao	primary
穄	ji	primary
穆	mu	primary
穑	se	primary
穗	sui	primary
穙	pu	primary
穜	zhong	primary
穜	tong	alt
穟	sui	primary
穰	rang	primary
穴	xue	primary
究	jiu	primary
穷	qiong	primary
穸	xi	primary
穹	qiong	primary
空	kong	primary
穿	chuan	primary
窀	zhun	primary
突	tu	primary
窃	qie	primary
窄	zhai	primary
窅	yao	primary
窈	yao	primary
窊	wa	primary
窍	qiao	primary
窎	diao	primary
窑	yao	primary
窒	zhi	primary
窕	tiao	primary
窖	jiao	primary
窗	chuang	primary
窘	jiong	primary
窜	cuan	primary
窝	wo	primary
窟	ku	primary
窠	ke	primary
窣	su	primary
窥	kui	primary
窦	dou	primary
窨	xun	primary
窨	yin	alt
窬	yu	primary
窭	ju	primary
窳	yu	primary
窸	xi	primary
窿	long	primary
立	li	primary
竑	hong	primary
竖	shu	primary
竘	qu	primary
站	zhan	primary
竞	jing	primary
竟	jing	primary
章	zhang	primary
竣	jun	primary
童	tong	primary
竦	song	primary
竫	jing	primary
竭	jie	primary
端	duan	primary
竹	zhu	primary
竺	zhu	primary
竽	yu	primary
竿	gan	primary
笃	du	primary
笄	ji	primary
笆	ba	primary
笈	ji	primary
笊	zhao	primary
笋	sun	primary
笏	hu	primary
笑	xiao	primary
笔	bi	primary
笕	jian	primary
笙	sheng	primary
笛	di	primary
笞	chi	primary
笠	li	primary
笤	tiao	primary
笥	si	primary
符	fu	primary
笨	ben	primary
笪	da	primary
笫	zi	primary
第	di	primary
笮	ze	primary
笮	zuo	alt
笯	nu	primary
笱	gou	primary
笳	jia	primary
笸	po	primary
笺	jian	primary
笼	long	primary
笾	bian	primary
筀	gui	primary
筅	xian	primary
筇	qiong	primary
等	deng	primary
筋	jin	primary
筌	quan	primary
筏	fa	primary
筐	kuang	primary
筑	zhu	primary
筒	tong	primary
答	da	primary
策	ce	primary
筘	kou	primary
筚	bi	primary
筛	shai	primary
筜	dang	primary
筝	zheng	primary
筠	yun	primary
筠	jun	alt
筢	pa	primary
筤	lang	primary
筥	ju	primary
筦	guan	primary
筮	shi	primary
筱	xiao	primary
筲	shao	primary
筵	yan	primary
筶	gao	primary
筷	kuai	primary
筹	chou	primary
筻	gang	primary
筼	yun	primary
签	qian	primary
简	jian	primary
箅	bi	primary
箍	gu	primary
箐	qing	primary
箓	lu	primary
箔	bo	primary
箕	ji	primary
箖	lin	primary
算	suan	primary
箜	kong	primary
管	guan	primary
箢	yuan	primary
箦	ze	primary
箧	qie	primary
箨	tuo	primary
箩	luo	primary
箪	dan	primary
箫	xiao	primary
箬	ruo	primary
箭	jian	primary
箱	xiang	primary
箴	zhen	primary
箸	zhu	primary
篁	huang	primary
篆	zhuan	primary
篇	pian	primary
篌	hou	primary
篑	kui	primary
篓	lou	primary
篙	gao	primary
篚	fei	primary
篝	gou	primary
篡	cuan	primary
篥	li	primary
篦	bi	primary
篪	chi	primary
篮	lan	primary
篯	jian	primary
篱	li	primary
篷	peng	primary
篼	dou	primary
篾	mie	primary
簃	yi	primary
簇	cu	primary
簉	zao	primary
簋	gui	primary
簌	su	primary
簏	lu	primary
簕	le	primary
簖	duan	primary
簝	liao	primary
簟	dian	primary
簠	fu	primary
簧	huang	primary
簪	zan	primary
簰	pai	primary
簸	bo	primary
簿	bu	primary
籀	zhou	primary
籁	lai	primary
籍	ji	primary
籥	yue	primary
米	mi	primary
籴	di	primary
类	lei	primary
籼	xian	primary
籽	zi	primary
粉	fen	primary
粑	ba	primary
粒	li	primary
粕	po	primary
粗	cu	primary
粘	zhan	primary
粘	nian	alt
粜	tiao	primary
粝	li	primary
粞	xi	primary
粟	su	primary
粢	zi	primary
粤	yue	primary
粥	zhou	primary
粪	fen	primary
粮	liang	primary
粱	liang	primary
粲	can	primary
粳	jing	primary
粹	cui	primary
粼	lin	primary
粽	zong	primary
精	jing	primary
粿	guo	primary
糁	san	primary
糁	shen	alt
糅	rou	primary
糇	hou	primary
糈	xu	primary
糊	hu	primary
糌	zan	primary
糍	ci	primary
糒	bei	primary
糕	gao	primary
糖	tang	primary
糗	qiu	primary
糙	cao	primary
糜	mi	primary
糜	mei	alt
糟	zao	primary
糠	kang	primary
糨	jiang	primary
糯	nuo	primary
糵	nie	primary
系	xi	primary
系	ji	alt
紊	wen	primary
素	su	primary
索	suo	primary
紧	jin	primary
紫	zi	primary
累	lei	primary
絜	jie	primary
絜	xie	alt
絮	xu	primary
絷	zhi	primary
綦	qi	primary
綮	qi	primary
綮	qing	alt
縠	hu	primary
縢	teng	primary
縻	mi	primary
繁	fan	primary
繁	po	alt
繄	yi	primary
繇	yao	primary
繇	you	alt
纂	zuan	primary
纛	dao	primary
纠	jiu	primary
纡	yu	primary
红	hong	primary
纣	zhou	primary
纤	xian	primary
纤	qian	alt
纥	ge	primary
纥	he	alt
约	yue	primary
约	yao	alt
级	ji	primary
纨	wan	primary
纩	kuang	primary
纪	ji	primary
纫	ren	primary
纬	wei	primary
纭	yun	primary
纮	hong	primary
纯	chun	primary
纰	pi	primary
纱	sha	primary
纲	gang	primary
纳	na	primary
纴	ren	primary
纵	zong	primary
纶	lun	primary
纶	guan	alt
纷	fen	primary
纸	zhi	primary
纹	wen	primary
纺	fang	primary
纻	zhu	primary
纼	zhen	primary
纽	niu	primary
纾	shu	primary
线	xian	primary
绀	gan	primary
绁	xie	primary
绂	fu	primary
练	lian	primary
组	zu	primary
绅	shen	primary
细	xi	primary
织	zhi	primary
终	zhong	primary
绉	zhou	primary
绊	ban	primary
绋	fu	primary
绌	chu	primary
绍	shao	primary
绎	yi	primary
经	jing	primary
绐	dai	primary
绑	bang	primary
绒	rong	primary
结	jie	primary
绔	ku	primary
绕	rao	primary
绖	die	primary
绗	hang	primary
绘	hui	primary
给	gei	primary
给	ji	alt
绚	xuan	primary
绛	jiang	primary
络	luo	primary
络	lao	alt
绝	jue	primary
绞	jiao	primary
统	tong	primary
绠	geng	primary
绡	xiao	primary
绢	juan	primary
绣	xiu	primary
绤	xi	primary
绥	sui	primary
绦	tao	primary
继	ji	primary
绨	ti	primary
绩	ji	primary
绪	xu	primary
绫	ling	primary
续	xu	primary
绮	qi	primary
绯	fei	primary
绰	chuo	primary
绰	chao	alt
绱	shang	primary
绲	gun	primary
绳	sheng	primary
维	wei	primary
绵	mian	primary
绶	shou	primary
绷	beng	primary
绸	chou	primary
绹	tao	primary
绺	liu	primary
绻	quan	primary
综	zong	primary
综	zeng	alt
绽	zhan	primary
绾	wan	primary
绿	lv	primary
绿	lu	alt
缀	zhui	primary
缁	zi	primary
缂	ke	primary
缃	xiang	primary
缄	jian	primary
缅	mian	primary
缆	lan	primary
缇	ti	primary
缈	miao	primary
缉	ji	primary
缉	qi	alt
缊	yun	primary
缌	si	primary
缎	duan	primary
缐	xian	primary
缑	gou	primary
缒	zhui	primary
缓	huan	primary
缔	di	primary
缕	lv	primary
编	bian	primary
缗	min	primary
缘	yuan	primary
缙	jin	primary
缚	fu	primary
缛	ru	primary
缜	zhen	primary
缝	feng	primary
缞	cui	primary
缟	gao	primary
缠	chan	primary
缡	li	primary
缢	yi	primary
缣	jian	primary
缤	bin	primary
缥	piao	primary
缦	man	primary
缧	lei	primary
缨	ying	primary
缩	suo	primary
缩	su	alt
缪	mou	primary
缪	miao	alt
缪	miu	alt
缫	sao	primary
缬	xie	primary
缭	liao	primary
缮	shan	primary
缯	zeng	primary
缰	jiang	primary
缱	qian	primary
缲	qiao	primary
缳	huan	primary
缴	jiao	primary
缵	zuan	primary
缶	fou	primary
缸	gang	primary
缺	que	primary
罂	ying	primary
罄	qing	primary
罅	xia	primary
罍	lei	primary
罐	guan	primary
网	wang	primary
罔	wang	primary
罕	han	primary
罗	luo	primary
罘	fu	primary
罚	fa	primary
罟	gu	primary
罡	gang	primary
罢	ba	primary
罨	yan	primary
罩	zhao	primary
罪	zui	primary
置	zhi	primary
罱	lan	primary
署	shu	primary
罴	pi	primary
罶	liu	primary
罹	li	primary
罽	ji	primary
罾	zeng	primary
羁	ji	primary
羊	yang	primary
羌	qiang	primary
美	mei	primary
羑	you	primary
羓	ba	primary
羔	gao	primary
羕	yang	primary
羖	gu	primary
羚	ling	primary
羝	di	primary
羞	xiu	primary
羟	qiang	primary
羡	xian	primary
群	qun	primary
羧	suo	primary
羯	jie	primary
羰	tang	primary
羱	yuan	primary
羲	xi	primary
羸	lei	primary
羹	geng	primary
羼	chan	primary
羽	yu	primary
羿	yi	primary
翀	chong	primary
翁	weng	primary
翂	fen	primary
翃	hong	primary
翅	chi	primary
翈	xia	primary
翊	yi	primary
翌	yi	primary
翎	ling	primary
翔	xiang	primary
翕	xi	primary
翘	qiao	primary
翙	hui	primary
翚	hui	primary
翛	xiao	primary
翟	di	primary
翟	zhai	alt
翠	cui	primary
翡	fei	primary
翥	zhu	primary
翦	jian	primary
翩	pian	primary
翮	he	primary
翯	he	primary
翰	han	primary
翱	ao	primary
翳	yi	primary
翷	lin	primary
翻	fan	primary
翼	yi	primary
翾	xuan	primary
耀	yao	primary
老	lao	primary
考	kao	primary
耄	mao	primary
者	zhe	primary
耆	qi	primary
耇	gou	primary
耋	die	primary
而	er	primary
耍	shua	primary
耏	nai	primary
耏	er	alt
耐	nai	primary
耑	duan	primary
耒	lei	primary
耔	zi	primary
耕	geng	primary
耖	chao	primary
耗	hao	primary
耘	yun	primary
耙	ba	primary
耙	pa	alt
耜	si	primary
耠	huo	primary
耢	lao	primary
耤	ji	primary
耥	tang	primary
耦	ou	primary
耧	lou	primary
耨	nou	primary
耩	jiang	primary
耪	pang	primary
耰	you	primary
耱	mo	primary
耳	er	primary
耵	ding	primary
耶	ye	primary
耷	da	primary
耸	song	primary
耻	chi	primary
耽	dan	primary
耿	geng	primary
聂	nie	primary
聃	dan	primary
聆	ling	primary
聊	liao	primary
聋	long	primary
职	zhi	primary
聍	ning	primary
聒	gua	primary
聒	guo	alt
联	lian	primary
聘	pin	primary
聚	ju	primary
聩	kui	primary
聪	cong	primary
聱	ao	primary
聿	yu	primary
肃	su	primary
肄	yi	primary
肆	si	primary
肇	zhao	primary
肉	rou	primary
肋	le	primary
肋	lei	alt
肌	ji	primary
肓	huang	primary
肖	xiao	primary
肘	zhou	primary
肚	du	primary
肛	gang	primary
肝	gan	primary
肟	wo	primary
肠	chang	primary
股	gu	primary
肢	zhi	primary
肤	fu	primary
肥	fei	primary
肩	jian	primary
肪	fang	primary
肫	zhun	primary
肭	na	primary
肮	ang	primary
肯	ken	primary
肱	gong	primary
育	yu	primary
肴	yao	primary
肷	qian	primary
肸	xi	primary
肺	fei	primary
肼	jing	primary
肽	tai	primary
肾	shen	primary
肿	zhong	primary
胀	zhang	primary
胁	xie	primary
胂	shen	primary
胃	wei	primary
胄	zhou	primary
胆	dan	primary
胈	ba	primary
背	bei	primary
胍	gua	primary
胎	tai	primary
胖	pang	primary
胖	pan	alt
胗	zhen	primary
胙	zuo	primary
胚	pei	primary
胛	jia	primary
胜	sheng	primary
胝	zhi	primary
胞	bao	primary
胠	qu	primary
胡	hu	primary
胣	chi	primary
胤	yin	primary
胥	xu	primary
胧	long	primary
胨	dong	primary
胩	ka	primary
胪	lu	primary
胫	jing	primary
胬	nu	primary
胭	yan	primary
胯	kua	primary
胰	yi	primary
胱	guang	primary
胲	hai	primary
胳	ge	primary
胴	dong	primary
胶	jiao	primary
胸	xiong	primary
胺	an	primary
胼	pian	primary
能	neng	primary
脂	zhi	primary
脆	cui	primary
脉	mai	primary
脉	mo	alt
脊	ji	primary
脍	kuai	primary
脎	sa	primary
脏	zang	primary
脐	qi	primary
脑	nao	primary
脒	mi	primary
脓	nong	primary
脔	luan	primary
脖	bo	primary
脘	wan	primary
脚	jiao	primary
脞	cuo	primary
脟	lie	primary
脩	xiu	primary
脬	pao	primary
脯	pu	primary
脯	fu	alt
脱	tuo	primary
脲	niao	primary
脶	luo	primary
脸	lian	primary
脾	pi	primary
脿	biao	primary
腆	tian	primary
腈	jing	primary
腊	la	primary
腋	ye	primary
腌	yan	primary
腌	a	alt
腐	fu	primary
腑	fu	primary
腒	ju	primary
腓	fei	primary
腔	qiang	primary
腕	wan	primary
腘	guo	primary
腙	zong	primary
腚	ding	primary
腠	cou	primary
腥	xing	primary
腧	shu	primary
腨	shuan	primary
腩	nan	primary
腭	e	primary
腮	sai	primary
腯	tu	primary
腰	yao	primary
腱	jian	primary
腴	yu	primary
腹	fu	primary
腺	xian	primary
腻	ni	primary
腼	mian	primary
腽	wa	primary
腾	teng	primary
腿	tui	primary
膀	bang	primary
膀	pang	alt
膂	lv	primary
膈	ge	primary
膊	bo	primary
膏	gao	primary
膑	bin	primary
膘	biao	primary
膙	jiang	primary
膛	tang	primary
膜	mo	primary
膝	xi	primary
膦	lin	primary
膨	peng	primary
膳	shan	primary
膺	ying	primary
膻	shan	primary
膻	dan	alt
臀	tun	primary
臂	bi	primary
臂	bei	alt
臃	yong	primary
臆	yi	primary
臊	sao	primary
臌	gu	primary
臑	nao	primary
臜	za	primary
臣	chen	primary
臧	zang	primary
自	zi	primary
臬	nie	primary
臭	chou	primary
臭	xiu	alt
至	zhi	primary
致	zhi	primary
臻	zhen	primary
臼	jiu	primary
臾	yu	primary
舀	yao	primary
舁	yu	primary
舂	chong	primary
舄	xi	primary
舅	jiu	primary
舆	yu	primary
舌	she	primary
舍	she	primary
舐	shi	primary
舒	shu	primary
舔	tian	primary
舛	chuan	primary
舜	shun	primary
舞	wu	primary
舟	zhou	primary
舠	dao	primary
舢	shan	primary
舣	yi	primary
舥	pa	primary
航	hang	primary
舫	fang	primary
般	ban	primary
舭	bi	primary
舯	zhong	primary
舰	jian	primary
舱	cang	primary
舲	ling	primary
舳	zhu	primary
舴	ze	primary
舵	duo	primary
舶	bo	primary
舷	xian	primary
舸	ge	primary
船	chuan	primary
舻	lu	primary
舾	xi	primary
艄	shao	primary
艅	yu	primary
艇	ting	primary
艉	wei	primary
艋	meng	primary
艎	huang	primary
艏	shou	primary
艘	sou	primary
艚	cao	primary
艟	chong	primary
艨	meng	primary
艮	gen	primary
良	liang	primary
艰	jian	primary
色	se	primary
色	shai	alt
艳	yan	primary
艴	fu	primary
艴	bo	alt
艺	yi	primary
艽	jiao	primary
艾	ai	primary
艾	yi	alt
艿	nai	primary
节	jie	primary
芃	peng	primary
芄	wan	primary
芈	mi	primary
芊	qian	primary
芋	yu	primary
芍	shao	primary
芎	qiong	primary
芎	xiong	alt
芏	du	primary
芑	qi	primary
芒	mang	primary
芗	xiang	primary
芘	pi	primary
芘	bi	alt
芙	fu	primary
芜	wu	primary
芝	zhi	primary
芟	shan	primary
芠	wen	primary
芡	qian	primary
芣	fu	primary
芤	kou	primary
芥	jie	primary
芥	gai	alt
芦	lu	primary
芨	ji	primary
芩	qin	primary
芪	qi	primary
芫	yan	primary
芫	yuan	alt
芬	fen	primary
芭	ba	primary
芮	rui	primary
芯	xin	primary
芰	ji	primary
花	hua	primary
芳	fang	primary
芴	wu	primary
芷	zhi	primary
芸	yun	primary
芹	qin	primary
芼	mao	primary
芽	ya	primary
芾	fei	primary
芾	fu	alt
苁	cong	primary
苄	bian	primary
苇	wei	primary
苈	li	primary
苉	pi	primary
苊	e	primary
苋	xian	primary
苌	chang	primary
苍	cang	primary
苎	zhu	primary
苏	su	primary
苑	yuan	primary
苒	ran	primary
苓	ling	primary
苔	tai	primary
苕	shao	primary
苗	miao	primary
苘	qing	primary
苛	ke	primary
苜	mu	primary
苞	bao	primary
苟	gou	primary
苠	min	primary
苡	yi	primary
苣	ju	primary
苣	qu	alt
苤	pie	primary
若	ruo	primary
苦	ku	primary
苧	ning	primary
苫	shan	primary
苯	ben	primary
英	ying	primary
苴	ju	primary
苷	gan	primary
苹	ping	primary
苻	fu	primary
苾	bi	primary
茀	fu	primary
茁	zhuo	primary
茂	mao	primary
范	fan	primary
茄	jia	primary
茄	qie	alt
茅	mao	primary
茆	mao	primary
茈	ci	primary
茈	zi	alt
茉	mo	primary
茋	zhi	primary
茋	di	alt
茌	chi	primary
茎	jing	primary
茏	long	primary
茑	niao	primary
茓	xue	primary
茔	ying	primary
茕	qiong	primary
茗	ming	primary
茚	yin	primary
茛	gen	primary
茜	qian	primary
茜	xi	alt
茝	chai	primary
茧	jian	primary
茨	ci	primary
茫	mang	primary
茬	cha	primary
茭	jiao	primary
茯	fu	primary
茱	zhu	primary
茳	jiang	primary
茴	hui	primary
茵	yin	primary
茶	cha	primary
茸	rong	primary
茹	ru	primary
茺	chong	primary
茼	tong	primary
茽	zhong	primary
荀	xun	primary
荁	huan	primary
荃	quan	primary
荄	gai	primary
荆	jing	primary
荇	xing	primary
草	cao	primary
荏	ren	primary
荐	jian	primary
荑	ti	primary
荑	yi	alt
荒	huang	primary
荓	ping	primary
荔	li	primary
荖	lao	primary
荙	da	primary
荚	jia	primary
荛	rao	primary
荜	bi	primary
荞	qiao	primary
荟	hui	primary
荠	ji	primary
荠	qi	alt
荡	dang	primary
荣	rong	primary
荤	hun	primary
荥	xing	primary
荥	ying	alt
荦	luo	primary
荧	ying	primary
荨	xun	primary
荨	qian	alt
荩	jin	primary
荪	sun	primary
荫	yin	primary
荬	mai	primary
荭	hong	primary
荮	zhou	primary
药	yao	primary
荷	he	primary
荸	bi	primary
荻	di	primary
荼	tu	primary
荽	sui	primary
莅	li	primary
莆	pu	primary
莉	li	primary
莎	sha	primary
莎	suo	alt
莒	ju	primary
莓	mei	primary
莘	shen	primary
莘	xin	alt
莙	jun	primary
莛	ting	primary
莜	you	primary
莝	cuo	primary
莞	guan	primary
莞	wan	alt
莠	you	primary
莨	lang	primary
莨	liang	alt
莩	fu	primary
莪	e	primary
莫	mo	primary
莰	kan	primary
莱	lai	primary
莲	lian	primary
莳	shi	primary
莴	wo	primary
莶	xian	primary
获	huo	primary
莸	you	primary
莹	ying	primary
莺	ying	primary
莼	chun	primary
莽	mang	primary
莿	ci	primary
菀	wan	primary
菁	jing	primary
菂	di	primary
菅	jian	primary
菇	gu	primary
菉	lu	primary
菊	ju	primary
菌	jun	primary
菍	nie	primary
菏	he	primary
菔	fu	primary
菖	chang	primary
菘	song	primary
菜	cai	primary
菝	ba	primary
菟	tu	primary
菠	bo	primary
菡	han	primary
菥	xi	primary
菩	pu	primary
菪	dang	primary
菰	gu	primary
菱	ling	primary
菲	fei	primary
菹	ju	primary
菹	zu	alt
菼	tan	primary
菽	shu	primary
萁	qi	primary
萃	cui	primary
萄	tao	primary
萆	bi	primary
萋	qi	primary
萌	meng	primary
萍	ping	primary
萎	wei	primary
萏	dan	primary
萑	huan	primary
萘	nai	primary
萚	tuo	primary
萜	tie	primary
萝	luo	primary
萣	ding	primary
萤	ying	primary
营	ying	primary
萦	ying	primary
萧	xiao	primary
萨	sa	primary
萩	qiu	primary
萱	xuan	primary
萳	nan	primary
萸	yu	primary
萹	bian	primary
萼	e	primary
落	luo	primary
落	la	alt
落	lao	alt
葆	bao	primary
葎	lv	primary
葑	feng	primary
葖	tu	primary
著	zhu	primary
著	zhuo	alt
葙	xiang	primary
葚	ren	primary
葚	shen	alt
葛	ge	primary
葜	qia	primary
葡	pu	primary
董	dong	primary
葩	pa	primary
葫	hu	primary
葬	zang	primary
葭	jia	primary
葰	sui	primary
葰	jun	alt
葰	suo	alt
葱	cong	primary
葳	wei	primary
葴	zhen	primary
葵	kui	primary
葶	ting	primary
葸	xi	primary
葺	qi	primary
蒂	di	primary
蒄	guan	primary
蒇	chan	primary
蒈	kai	primary
蒉	kui	primary
蒋	jiang	primary
蒌	lou	primary
蒎	pai	primary
蒐	sou	primary
蒗	lang	primary
蒙	meng	primary
蒜	suan	primary
蒟	ju	primary
蒡	bang	primary
蒨	qian	primary
蒯	kuai	primary
蒱	pu	primary
蒲	pu	primary
蒴	shuo	primary
蒸	zheng	primary
蒹	jian	primary
蒺	ji	primary
蒻	ruo	primary
蒽	en	primary
蒿	hao	primary
蓁	zhen	primary
蓂	ming	primary
蓂	mi	alt
蓄	xu	primary
蓇	gu	primary
蓉	rong	primary
蓊	weng	primary
蓍	shi	primary
蓏	luo	primary
蓐	ru	primary
蓑	suo	primary
蓓	bei	primary
蓖	bi	primary
蓝	lan	primary
蓟	ji	primary
蓠	li	primary
蓢	lang	primary
蓣	yu	primary
蓥	ying	primary
蓦	mo	primary
蓬	peng	primary
蓰	xi	primary
蓼	liao	primary
蓿	xu	primary
蔀	bu	primary
蔃	qiang	primary
蔈	biao	primary
蔈	piao	alt
蔊	han	primary
蔌	su	primary
蔑	mie	primary
蔓	man	primary
蔓	wan	alt
蔗	zhe	primary
蔚	wei	primary
蔚	yu	alt
蔟	cu	primary
蔡	cai	primary
蔫	nian	primary
蔬	shu	primary
蔷	qiang	primary
蔸	dou	primary
蔹	lian	primary
蔺	lin	primary
蔻	kou	primary
蔼	ai	primary
蔽	bi	primary
蕃	fan	primary
蕃	bo	alt
蕈	xun	primary
蕉	jiao	primary
蕊	rui	primary
蕖	qu	primary
蕗	lu	primary
蕙	hui	primary
蕞	zui	primary
蕤	rui	primary
蕨	jue	primary
蕰	wen	primary
蕲	qi	primary
蕴	yun	primary
蕹	weng	primary
蕺	ji	primary
蕻	hong	primary
蕾	lei	primary
薁	yu	primary
薁	ao	alt
薄	bao	primary
薄	bo	alt
薅	hao	primary
薇	wei	primary
薏	yi	primary
薛	xue	primary
薜	bi	primary
薢	xie	primary
薤	xie	primary
薨	hong	primary
薪	xin	primary
薮	sou	primary
薯	shu	primary
薰	xun	primary
薳	wei	primary
薷	ru	primary
薸	piao	primary
薹	tai	primary
薿	ni	primary
藁	gao	primary
藉	ji	primary
藉	jie	alt
藏	cang	primary
藏	zang	alt
藐	miao	primary
藓	xian	primary
藕	ou	primary
藜	li	primary
藟	lei	primary
藠	jiao	primary
藤	teng	primary
藦	mo	primary
藨	biao	primary
藩	fan	primary
藻	zao	primary
藿	huo	primary
蘅	heng	primary
蘑	mo	primary
蘖	nie	primary
蘘	rang	primary
蘧	qu	primary
蘩	fan	primary
蘸	zhan	primary
蘼	mi	primary
虎	hu	primary
虏	lu	primary
虐	nve	primary
虑	lv	primary
虒	si	primary
虓	xiao	primary
虔	qian	primary
虚	xu	primary
虞	yu	primary
虢	guo	primary
虤	yan	primary
虫	chong	primary
虬	qiu	primary
虮	ji	primary
虱	shi	primary
虷	han	primary
虷	gan	alt
虸	zi	primary
虹	hong	primary
虹	jiang	alt
虺	hui	primary
虻	meng	primary
虼	ge	primary
虽	sui	primary
虾	xia	primary
虿	chai	primary
蚀	shi	primary
蚁	yi	primary
蚂	ma	primary
蚄	fang	primary
蚆	ba	primary
蚊	wen	primary
蚋	rui	primary
蚌	bang	primary
蚌	beng	alt
蚍	pi	primary
蚓	yin	primary
蚕	can	primary
蚜	ya	primary
蚝	hao	primary
蚣	gong	primary
蚤	zao	primary
蚧	jie	primary
蚨	fu	primary
蚩	chi	primary
蚪	dou	primary
蚬	xian	primary
蚯	qiu	primary
蚰	you	primary
蚱	zha	primary
蚲	ping	primary
蚴	you	primary
蚶	han	primary
蚺	ran	primary
蛀	zhu	primary
蛃	bing	primary
蛄	gu	primary
蛆	qu	primary
蛇	she	primary
蛉	ling	primary
蛊	gu	primary
蛋	dan	primary
蛎	li	primary
蛏	cheng	primary
蛐	qu	primary
蛑	mou	primary
蛔	hui	primary
蛘	yang	primary
蛙	wa	primary
蛛	zhu	primary
蛞	kuo	primary
蛟	jiao	primary
蛤	ha	primary
蛤	ge	alt
蛩	qiong	primary
蛭	zhi	primary
蛮	man	primary
蛰	zhe	primary
蛱	jia	primary
蛲	nao	primary
蛳	si	primary
蛴	qi	primary
蛸	shao	primary
蛸	xiao	alt
蛹	yong	primary
蛾	e	primary
蜀	shu	primary
蜂	feng	primary
蜃	shen	primary
蜇	zhe	primary
蜈	wu	primary
蜉	fu	primary
蜊	li	primary
蜍	chu	primary
蜎	yuan	primary
蜐	jie	primary
蜒	yan	primary
蜓	ting	primary
蜕	tui	primary
蜗	wo	primary
蜘	zhi	primary
蜚	fei	primary
蜜	mi	primary
蜞	qi	primary
蜡	la	primary
蜢	meng	primary
蜣	qiang	primary
蜥	xi	primary
蜩	tiao	primary
蜮	yu	primary
蜱	pi	primary
蜴	yi	primary
蜷	quan	primary
蜻	qing	primary
蜾	guo	primary
蜿	wan	primary
蝇	ying	primary
蝈	guo	primary
蝉	chan	primary
蝌	ke	primary
蝎	xie	primary
蝓	yu	primary
蝗	huang	primary
蝘	yan	primary
蝙	bian	primary
蝠	fu	primary
蝣	you	primary
蝤	qiu	primary
蝤	you	alt
蝥	mao	primary
蝮	fu	primary
蝰	kui	primary
蝲	la	primary
蝴	hu	primary
蝶	die	primary
蝻	nan	primary
蝼	lou	primary
蝽	chun	primary
蝾	rong	primary
螂	lang	primary
螃	pang	primary
螅	xi	primary
螈	yuan	primary
螋	sou	primary
融	rong	primary
螗	tang	primary
螟	ming	primary
螠	yi	primary
螣	te	primary
螣	teng	alt
螨	man	primary
螫	shi	primary
螬	cao	primary
螭	chi	primary
螯	ao	primary
螱	wei	primary
螳	tang	primary
螵	piao	primary
螺	luo	primary
螽	zhong	primary
蟀	shuai	primary
蟆	ma	primary
蟊	mao	primary
蟋	xi	primary
蟏	xiao	primary
蟑	zhang	primary
蟒	mang	primary
蟛	peng	primary
蟠	pan	primary
蟥	huang	primary
蟪	hui	primary
蟫	yin	primary
蟮	shan	primary
蟹	xie	primary
蟾	chan	primary
蠃	luo	primary
蠊	lian	primary
蠋	zhu	primary
蠓	meng	primary
蠕	ru	primary
蠖	huo	primary
蠡	li	primary
蠢	chun	primary
蠲	juan	primary
蠹	du	primary
蠼	qu	primary
血	xue	primary
血	xie	alt
衃	pei	primary
衄	nv	primary
衅	xin	primary
行	xing	primary
行	hang	alt
行	heng	alt
衍	yan	primary
衎	kan	primary
衒	xuan	primary
衔	xian	primary
街	jie	primary
衙	ya	primary
衠	zhun	primary
衡	heng	primary
衢	qu	primary
衣	yi	primary
补	bu	primary
表	biao	primary
衩	cha	primary
衫	shan	primary
衬	chen	primary
衮	gun	primary
衰	shuai	primary
衲	na	primary
衷	zhong	primary
衽	ren	primary
衾	qin	primary
衿	jin	primary
袁	yuan	primary
袂	mei	primary
袄	ao	primary
袅	niao	primary
袆	hui	primary
袈	jia	primary
袋	dai	primary
袍	pao	primary
袒	tan	primary
袖	xiu	primary
袗	zhen	primary
袜	wa	primary
袢	pan	primary
袤	mao	primary
袪	qu	primary
被	bei	primary
袭	xi	primary
袯	bo	primary
袱	fu	primary
袷	jia	primary
袷	qia	alt
袼	ge	primary
裁	cai	primary
裂	lie	primary
装	zhuang	primary
裆	dang	primary
裈	kun	primary
裉	ken	primary
裎	cheng	primary
裒	pou	primary
裔	yi	primary
裕	yu	primary
裘	qiu	primary
裙	qun	primary
裛	yi	primary
裟	sha	primary
裢	lian	primary
裣	lian	primary
裤	ku	primary
裥	jian	primary
裨	bi	primary
裰	duo	primary
裱	biao	primary
裳	shang	primary
裴	pei	primary
裸	luo	primary
裹	guo	primary
裼	ti	primary
裼	xi	alt
裾	ju	primary
褂	gua	primary
褊	bian	primary
褐	he	primary
褒	bao	primary
褓	bao	primary
褕	yu	primary
褙	bei	primary
褚	chu	primary
褛	lv	primary
褟	ta	primary
褡	da	primary
褥	ru	primary
褪	tui	primary
褪	tun	alt
褫	chi	primary
褯	jie	primary
褰	qian	primary
褴	lan	primary
褶	zhe	primary
襁	qiang	primary
襄	xiang	primary
襕	lan	primary
襚	sui	primary
襜	chan	primary
襞	bi	primary
襟	jin	primary
襦	ru	primary
襫	shi	primary
襻	pan	primary
西	xi	primary
要	yao	primary
覃	tan	primary
覃	qin	alt
覆	fu	primary
见	jian	primary
见	xian	alt
观	guan	primary
觃	yan	primary
规	gui	primary
觅	mi	primary
视	shi	primary
觇	chan	primary
览	lan	primary
觉	jue	primary
觉	jiao	alt
觊	ji	primary
觋	xi	primary
觌	di	primary
觎	yu	primary
觏	gou	primary
觐	jin	primary
觑	qu	primary
角	jiao	primary
角	jue	alt
觖	jue	primary
觚	gu	primary
觜	zi	primary
觞	shang	primary
觟	hua	primary
解	jie	primary
解	xie	alt
觥	gong	primary
触	chu	primary
觫	su	primary
觭	ji	primary
觯	zhi	primary
觱	bi	primary
觳	hu	primary
觿	xi	primary
言	yan	primary
訄	qiu	primary
訇	hong	primary
訚	yin	primary
訾	zi	primary
詈	li	primary
詟	zhe	primary
詹	zhan	primary
誉	yu	primary
誊	teng	primary
誓	shi	primary
謇	jian	primary
警	jing	primary
譬	pi	primary
计	ji	primary
订	ding	primary
讣	fu	primary
认	ren	primary
讥	ji	primary
讦	jie	primary
讧	hong	primary
讨	tao	primary
让	rang	primary
讪	shan	primary
讫	qi	primary
训	xun	primary
议	yi	primary
讯	xun	primary
记	ji	primary
讱	ren	primary
讲	jiang	primary
讳	hui	primary
讴	ou	primary
讵	ju	primary
讶	ya	primary
讷	ne	primary
许	xu	primary
讹	e	primary
论	lun	primary
讻	xiong	primary
讼	song	primary
讽	feng	primary
设	she	primary
访	fang	primary
诀	jue	primary
证	zheng	primary
诂	gu	primary
诃	he	primary
评	ping	primary
诅	zu	primary
识	shi	primary
识	zhi	alt
诇	xiong	primary
诈	zha	primary
诉	su	primary
诊	zhen	primary
诋	di	primary
诌	zhou	primary
词	ci	primary
诎	qu	primary
诏	zhao	primary
诐	bi	primary
译	yi	primary
诒	yi	primary
诓	kuang	primary
诔	lei	primary
试	shi	primary
诖	gua	primary
诗	shi	primary
诘	ji	primary
诘	jie	alt
诙	hui	primary
诚	cheng	primary
诛	zhu	primary
诜	shen	primary
话	hua	primary
诞	dan	primary
诟	gou	primary
诠	quan	primary
诡	gui	primary
询	xun	primary
诣	yi	primary
诤	zheng	primary
该	gai	primary
详	xiang	primary
诧	cha	primary
诨	hun	primary
诩	xu	primary
诫	jie	primary
诬	wu	primary
语	yu	primary
诮	qiao	primary
误	wu	primary
诰	gao	primary
诱	you	primary
诲	hui	primary
诳	kuang	primary
说	shuo	primary
说	shui	alt
诵	song	primary
请	qing	primary
诸	zhu	primary
诹	zou	primary
诺	nuo	primary
读	du	primary
读	dou	alt
诼	zhuo	primary
诽	fei	primary
课	ke	primary
诿	wei	primary
谀	yu	primary
谁	shui	primary
谁	shei	alt
谂	shen	primary
调	diao	primary
调	tiao	alt
谄	chan	primary
谅	liang	primary
谆	zhun	primary
谇	sui	primary
谈	tan	primary
谊	yi	primary
谋	mou	primary
谌	chen	primary
谍	die	primary
谎	huang	primary
谏	jian	primary
谐	xie	primary
谑	xue	primary
谒	ye	primary
谓	wei	primary
谔	e	primary
谕	yu	primary
谖	xuan	primary
谗	chan	primary
谙	an	primary
谚	yan	primary
谛	di	primary
谜	mi	primary
谝	pian	primary
谞	xu	primary
谟	mo	primary
谠	dang	primary
谡	su	primary
谢	xie	primary
谣	yao	primary
谤	bang	primary
谥	shi	primary
谦	qian	primary
谧	mi	primary
谨	jin	primary
谩	man	primary
谪	zhe	primary
谫	jian	primary
谬	miu	primary
谭	tan	primary
谮	zen	primary
谯	qiao	primary
谰	lan	primary
谱	pu	primary
谲	jue	primary
谳	yan	primary
谴	qian	primary
谵	zhan	primary
谶	chen	primary
谷	gu	primary
谼	hong	primary
谿	xi	primary
豁	huo	primary
豆	dou	primary
豇	jiang	primary
豉	shi	primary
豉	chi	alt
豌	wan	primary
豕	shi	primary
豚	tun	primary
象	xiang	primary
豢	huan	primary
豨	xi	primary
豪	hao	primary
豫	yu	primary
豮	fen	primary
豳	bin	primary
豸	zhi	primary
豸	zhai	alt
豹	bao	primary
豺	chai	primary
貂	diao	primary
貅	xiu	primary
貆	huan	primary
貉	hao	primary
貉	he	alt
貊	mo	primary
貌	mao	primary
貔	pi	primary
貘	mo	primary
贝	bei	primary
贞	zhen	primary
负	fu	primary
贡	gong	primary
财	cai	primary
责	ze	primary
贤	xian	primary
败	bai	primary
账	zhang	primary
货	huo	primary
质	zhi	primary
贩	fan	primary
贪	tan	primary
贫	pin	primary
贬	bian	primary
购	gou	primary
贮	zhu	primary
贯	guan	primary
贰	er	primary
贱	jian	primary
贲	ben	primary
贳	shi	primary
贴	tie	primary
贵	gui	primary
贶	kuang	primary
贷	dai	primary
贸	mao	primary
费	fei	primary
贺	he	primary
贻	yi	primary
贼	zei	primary
贽	zhi	primary
贾	jia	primary
贾	gu	alt
贿	hui	primary
赀	zi	primary
赁	lin	primary
赂	lu	primary
赃	zang	primary
资	zi	primary
赅	gai	primary
赆	jin	primary
赇	qiu	primary
赈	zhen	primary
赉	lai	primary
赊	she	primary
赋	fu	primary
赌	du	primary
赍	ji	primary
赎	shu	primary
赏	shang	primary
赐	ci	primary
赑	bi	primary
赒	zhou	primary
赓	geng	primary
赔	pei	primary
赕	dan	primary
赖	lai	primary
赗	feng	primary
赘	zhui	primary
赙	fu	primary
赚	zhuan	primary
赛	sai	primary
赜	ze	primary
赝	yan	primary
赞	zan	primary
赟	yun	primary
赠	zeng	primary
赡	shan	primary
赢	ying	primary
赣	gan	primary
赤	chi	primary
赦	she	primary
赧	nan	primary
赪	cheng	primary
赫	he	primary
赭	zhe	primary
走	zou	primary
赳	jiu	primary
赴	fu	primary
赵	zhao	primary
赶	gan	primary
起	qi	primary
趁	chen	primary
趄	ju	primary
趄	qie	alt
超	chao	primary
越	yue	primary
趋	qu	primary
趑	zi	primary
趔	lie	primary
趟	tang	primary
趣	qu	primary
趯	ti	primary
趱	zan	primary
足	zu	primary
趴	pa	primary
趵	bao	primary
趸	dun	primary
趺	fu	primary
趼	jian	primary
趾	zhi	primary
趿	ta	primary
跂	qi	primary
跃	yue	primary
跄	qiang	primary
跆	tai	primary
跋	ba	primary
跌	die	primary
跎	tuo	primary
跏	jia	primary
跐	ci	primary
跑	pao	primary
跖	zhi	primary
跗	fu	primary
跚	shan	primary
跛	bo	primary
距	ju	primary
跞	li	primary
跟	gen	primary
跣	xian	primary
跤	jiao	primary
跨	kua	primary
跪	gui	primary
跬	kui	primary
路	lu	primary
跱	zhi	primary
跳	tiao	primary
践	jian	primary
跶	da	primary
跷	qiao	primary
跸	bi	primary
跹	xian	primary
跺	duo	primary
跻	ji	primary
跽	ji	primary
踅	xue	primary
踉	liang	primary
踊	yong	primary
踌	chou	primary
踏	ta	primary
踒	wo	primary
踔	chuo	primary
踝	huai	primary
踞	ju	primary
踟	chi	primary
踢	ti	primary
踣	bo	primary
踦	yi	primary
踩	cai	primary
踪	zong	primary
踬	zhi	primary
踮	dian	primary
踯	zhi	primary
踱	duo	primary
踵	zhong	primary
踶	di	primary
踹	chuai	primary
踺	jian	primary
踽	ju	primary
蹀	die	primary
蹁	pian	primary
蹂	rou	primary
蹄	ti	primary
蹅	cha	primary
蹇	jian	primary
蹈	dao	primary
蹉	cuo	primary
蹊	qi	primary
蹊	xi	alt
蹋	ta	primary
蹐	ji	primary
蹑	nie	primary
蹒	pan	primary
蹙	cu	primary
蹚	tang	primary
蹜	su	primary
蹢	di	primary
蹦	beng	primary
蹩	bie	primary
蹬	deng	primary
蹭	ceng	primary
蹯	fan	primary
蹰	chu	primary
蹲	dun	primary
蹴	cu	primary
蹶	jue	primary
蹼	pu	primary
蹽	liao	primary
蹾	dun	primary
蹿	cuan	primary
躁	zao	primary
躅	zhu	primary
躇	chu	primary
躏	lin	primary
躐	lie	primary
躔	chan	primary
躜	zuan	primary
躞	xie	primary
身	shen	primary
躬	gong	primary
躯	qu	primary
躲	duo	primary
躺	tang	primary
车	che	primary
车	ju	alt
轧	ya	primary
轧	zha	alt
轨	gui	primary
轩	xuan	primary
轪	dai	primary
轫	ren	primary
转	zhuan	primary
轭	e	primary
轮	lun	primary
软	ruan	primary
轰	hong	primary
轱	gu	primary
轲	ke	primary
轳	lu	primary
轴	zhou	primary
轵	zhi	primary
轶	yi	primary
轷	hu	primary
轸	zhen	primary
轹	li	primary
轺	yao	primary
轻	qing	primary
轼	shi	primary
载	zai	primary
轾	zhi	primary
轿	jiao	primary
辀	zhou	primary
辁	quan	primary
辂	lu	primary
较	jiao	primary
辄	zhe	primary
辅	fu	primary
辆	liang	primary
辇	nian	primary
辈	bei	primary
辉	hui	primary
辊	gun	primary
辋	wang	primary
辌	liang	primary
辍	chuo	primary
辎	zi	primary
辏	cou	primary
辐	fu	primary
辑	ji	primary
辒	wen	primary
输	shu	primary
辔	pei	primary
辕	yuan	primary
辖	xia	primary
辗	nian	primary
辗	zhan	alt
辘	lu	primary
辙	zhe	primary
辚	lin	primary
辛	xin	primary
辜	gu	primary
辞	ci	primary
辟	pi	primary
辟	bi	alt
辣	la	primary
辨	bian	primary
辩	bian	primary
辫	bian	primary
辰	chen	primary
辱	ru	primary
边	bian	primary
辽	liao	primary
达	da	primary
辿	chan	primary
迁	qian	primary
迂	yu	primary
迄	qi	primary
迅	xun	primary
过	guo	primary
迈	mai	primary
迎	ying	primary
运	yun	primary
近	jin	primary
迓	ya	primary
返	fan	primary
迕	wu	primary
还	hai	primary
还	huan	alt
这	zhe	primary
进	jin	primary
远	yuan	primary
违	wei	primary
连	lian	primary
迟	chi	primary
迢	tiao	primary
迤	yi	primary
迥	jiong	primary
迦	jia	primary
迨	dai	primary
迩	er	primary
迪	di	primary
迫	po	primary
迫	pai	alt
迭	die	primary
迮	ze	primary
述	shu	primary
迳	jing	primary
迷	mi	primary
迸	beng	primary
迹	ji	primary
迺	nai	primary
追	zhui	primary
退	tui	primary
送	song	primary
适	shi	primary
逃	tao	primary
逄	pang	primary
逅	hou	primary
逆	ni	primary
选	xuan	primary
逊	xun	primary
逋	bu	primary
逍	xiao	primary
透	tou	primary
逐	zhu	primary
逑	qiu	primary
递	di	primary
途	tu	primary
逖	ti	primary
逗	dou	primary
通	tong	primary
逛	guang	primary
逝	shi	primary
逞	cheng	primary
速	su	primary
造	zao	primary
逡	qun	primary
逢	feng	primary
逦	li	primary
逭	huan	primary
逮	dai	primary
逯	lu	primary
逴	chuo	primary
逵	kui	primary
逶	wei	primary
逸	yi	primary
逻	luo	primary
逼	bi	primary
逾	yu	primary
遁	dun	primary
遂	sui	primary
遄	chuan	primary
遆	ti	primary
遇	yu	primary
遍	bian	primary
遏	e	primary
遐	xia	primary
遑	huang	primary
遒	qiu	primary
道	dao	primary
遗	yi	primary
遘	gou	primary
遛	liu	primary
遢	ta	primary
遣	qian	primary
遥	yao	primary
遨	ao	primary
遭	zao	primary
遮	zhe	primary
遴	lin	primary
遵	zun	primary
遹	yu	primary
遽	ju	primary
避	bi	primary
邀	yao	primary
邂	xie	primary
邃	sui	primary
邈	miao	primary
邋	la	primary
邑	yi	primary
邓	deng	primary
邕	yong	primary
邗	han	primary
邘	yu	primary
邙	mang	primary
邛	qiong	primary
邝	kuang	primary
邠	bin	primary
邡	fang	primary
邢	xing	primary
那	na	primary
邦	bang	primary
邨	cun	primary
邪	xie	primary
邬	wu	primary
邮	you	primary
邯	han	primary
邰	tai	primary
邱	qiu	primary
邲	bi	primary
邳	pi	primary
邴	bing	primary
邵	shao	primary
邶	bei	primary
邸	di	primary
邹	zou	primary
邺	ye	primary
邻	lin	primary
邽	gui	primary
邾	zhu	primary
邿	shi	primary
郁	yu	primary
郃	he	primary
郄	qie	primary
郅	zhi	primary
郇	huan	primary
郇	xun	alt
郈	hou	primary
郊	jiao	primary
郎	lang	primary
郏	jia	primary
郐	kuai	primary
郑	zheng	primary
郓	yun	primary
郗	xi	primary
郚	wu	primary
郛	fu	primary
郜	gao	primary
郝	hao	primary
郡	jun	primary
郢	ying	primary
郤	xi	primary
郦	li	primary
郧	yun	primary
部	bu	primary
郪	qi	primary
郫	pi	primary
郭	guo	primary
郯	tan	primary
郴	chen	primary
郸	dan	primary
都	dou	primary
都	du	alt
郾	yan	primary
郿	mei	primary
鄀	ruo	primary
鄂	e	primary
鄃	shu	primary
鄄	juan	primary
鄅	yu	primary
鄌	tang	primary
鄑	zi	primary
鄗	hao	primary
鄘	yong	primary
鄙	bi	primary
鄚	mao	primary
鄜	fu	primary
鄞	yin	primary
鄠	hu	primary
鄢	yan	primary
鄣	zhang	primary
鄫	zeng	primary
鄯	shan	primary
鄱	po	primary
鄹	zou	primary
酂	cuo	primary
酂	zan	alt
酃	ling	primary
酅	xi	primary
酆	feng	primary
酉	you	primary
酊	ding	primary
酋	qiu	primary
酌	zhuo	primary
配	pei	primary
酎	zhou	primary
酏	yi	primary
酐	gan	primary
酒	jiu	primary
酗	xu	primary
酚	fen	primary
酝	yun	primary
酞	tai	primary
酡	tuo	primary
酢	cu	primary
酢	zuo	alt
酣	han	primary
酤	gu	primary
酥	su	primary
酦	po	primary
酩	ming	primary
酪	lao	primary
酬	chou	primary
酮	tong	primary
酯	zhi	primary
酰	xian	primary
酱	jiang	primary
酲	cheng	primary
酴	tu	primary
酵	jiao	primary
酶	mei	primary
酷	ku	primary
酸	suan	primary
酹	lei	primary
酺	pu	primary
酽	yan	primary
酾	shai	primary
酾	shi	alt
酿	niang	primary
醅	pei	primary
醇	chun	primary
醉	zui	primary
醋	cu	primary
醌	kun	primary
醍	ti	primary
醐	hu	primary
醑	xu	primary
醒	xing	primary
醚	mi	primary
醛	quan	primary
醢	hai	primary
醨	li	primary
醪	lao	primary
醭	bu	primary
醮	jiao	primary
醯	xi	primary
醴	li	primary
醵	ju	primary
醺	xun	primary
醾	mi	primary
采	cai	primary
釉	you	primary
释	shi	primary
里	li	primary
重	zhong	primary
重	chong	alt
野	ye	primary
量	liang	primary
釐	li	primary
釐	xi	alt
金	jin	primary
釜	fu	primary
鉴	jian	primary
銎	qiong	primary
銮	luan	primary
鋆	yun	primary
鋈	wu	primary
錾	zan	primary
鍪	mou	primary
鎏	liu	primary
鏊	ao	primary
鏖	ao	primary
鐾	bei	primary
鑫	xin	primary
钆	ga	primary
钇	yi	primary
针	zhen	primary
钉	ding	primary
钊	zhao	primary
钋	po	primary
钌	liao	primary
钍	tu	primary
钎	qian	primary
钏	chuan	primary
钐	shan	primary
钒	fan	primary
钓	diao	primary
钔	men	primary
钕	nv	primary
钖	yang	primary
钗	chai	primary
钘	xing	primary
钙	gai	primary
钚	bu	primary
钛	tai	primary
钜	ju	primary
钝	dun	primary
钞	chao	primary
钟	zhong	primary
钠	na	primary
钡	bei	primary
钢	gang	primary
钣	ban	primary
钤	qian	primary
钥	yao	primary
钥	yue	alt
钦	qin	primary
钧	jun	primary
钨	wu	primary
钩	gou	primary
钪	kang	primary
钫	fang	primary
钬	huo	primary
钭	tou	primary
钭	dou	alt
钮	niu	primary
钯	ba	primary
钰	yu	primary
钱	qian	primary
钲	zheng	primary
钳	qian	primary
钴	gu	primary
钵	bo	primary
钷	po	primary
钹	bo	primary
钺	yue	primary
钻	zuan	primary
钼	mu	primary
钽	tan	primary
钾	jia	primary
钿	dian	primary
铀	you	primary
铁	tie	primary
铂	bo	primary
铃	ling	primary
铄	shuo	primary
铅	qian	primary
铅	yan	alt
铆	mao	primary
铈	shi	primary
铉	xuan	primary
铊	ta	primary
铊	tuo	alt
铋	bi	primary
铌	ni	primary
铍	pi	primary
铎	duo	primary
铏	xing	primary
铐	kao	primary
铑	lao	primary
铒	er	primary
铕	you	primary
铖	cheng	primary
铗	jia	primary
铘	ye	primary
铙	nao	primary
铚	zhi	primary
铛	dang	primary
铛	cheng	alt
铜	tong	primary
铝	lv	primary
铞	diao	primary
铟	yin	primary
铠	kai	primary
铡	zha	primary
铢	zhu	primary
铣	xi	primary
铤	ding	primary
铤	ting	alt
铥	diu	primary
铧	hua	primary
铨	quan	primary
铩	sha	primary
铪	ha	primary
铫	diao	primary
铫	yao	alt
铬	ge	primary
铭	ming	primary
铮	zheng	primary
铯	se	primary
铰	jiao	primary
铱	yi	primary
铲	chan	primary
铳	chong	primary
铴	tang	primary
铵	an	primary
银	yin	primary
铷	ru	primary
铸	zhu	primary
铹	lao	primary
铺	pu	primary
铻	wu	primary
铼	lai	primary
铽	te	primary
链	lian	primary
铿	keng	primary
销	xiao	primary
锁	suo	primary
锂	li	primary
锃	zeng	primary
锄	chu	primary
锅	guo	primary
锆	gao	primary
锇	e	primary
锈	xiu	primary
锉	cuo	primary
锊	lve	primary
锋	feng	primary
锌	xin	primary
锍	liu	primary
锎	kai	primary
锏	jian	primary
锐	rui	primary
锑	ti	primary
锒	lang	primary
锓	qin	primary
锔	ju	primary
锕	a	primary
锖	qiang	primary
锗	zhe	primary
锘	nuo	primary
错	cuo	primary
锚	mao	primary
锛	ben	primary
锜	qi	primary
锝	de	primary
锞	ke	primary
锟	kun	primary
锡	xi	primary
锢	gu	primary
锣	luo	primary
锤	chui	primary
锥	zhui	primary
锦	jin	primary
锧	zhi	primary
锨	xian	primary
锩	juan	primary
锪	huo	primary
锫	pei	primary
锬	tan	primary
锭	ding	primary
键	jian	primary
锯	ju	primary
锰	meng	primary
锱	zi	primary
锲	qie	primary
锳	ying	primary
锴	kai	primary
锵	qiang	primary
锶	si	primary
锷	e	primary
锸	cha	primary
锹	qiao	primary
锺	zhong	primary
锻	duan	primary
锼	sou	primary
锽	huang	primary
锾	huan	primary
锿	ai	primary
镀	du	primary
镁	mei	primary
镂	lou	primary
镃	zi	primary
镄	fei	primary
镅	mei	primary
镆	mo	primary
镇	zhen	primary
镈	bo	primary
镉	ge	primary
镊	nie	primary
镋	tang	primary
镌	juan	primary
镍	nie	primary
镎	na	primary
镏	liu	primary
镐	gao	primary
镑	bang	primary
镒	yi	primary
镓	jia	primary
镔	bin	primary
镕	rong	primary
镖	biao	primary
镗	tang	primary
镘	man	primary
镚	beng	primary
镛	yong	primary
镜	jing	primary
镝	di	primary
镞	zu	primary
镠	liu	primary
镡	chan	primary
镡	tan	alt
镢	jue	primary
镣	liao	primary
镤	pu	primary
镥	lu	primary
镦	dui	primary
镦	dun	alt
镧	lan	primary
镨	pu	primary
镩	cuan	primary
镪	qiang	primary
镫	deng	primary
镬	huo	primary
镭	lei	primary
镮	huan	primary
镯	zhuo	primary
镰	lian	primary
镱	yi	primary
镲	cha	primary
镳	biao	primary
镴	la	primary
镵	chan	primary
镶	xiang	primary
长	zhang	primary
长	chang	alt
门	men	primary
闩	shuan	primary
闪	shan	primary
闫	yan	primary
闭	bi	primary
问	wen	primary
闯	chuang	primary
闰	run	primary
闱	wei	primary
闲	xian	primary
闳	hong	primary
间	jian	primary
闵	min	primary
闶	kang	primary
闷	men	primary
闸	zha	primary
闹	nao	primary
闺	gui	primary
闻	wen	primary
闼	ta	primary
闽	min	primary
闾	lv	primary
闿	kai	primary
阀	fa	primary
阁	ge	primary
阂	he	primary
阃	kun	primary
阄	jiu	primary
阅	yue	primary
阆	lang	primary
阇	du	primary
阇	she	alt
阈	yu	primary
阉	yan	primary
阊	chang	primary
阋	xi	primary
阌	wen	primary
阍	hun	primary
阎	yan	primary
阏	e	primary
阏	yan	alt
阐	chan	primary
阑	lan	primary
阒	qu	primary
阔	kuo	primary
阕	que	primary
阖	he	primary
阗	tian	primary
阘	da	primary
阘	ta	alt
阙	que	primary
阚	han	primary
阚	kan	alt
阜	fu	primary
队	dui	primary
阡	qian	primary
阪	ban	primary
阮	ruan	primary
阱	jing	primary
防	fang	primary
阳	yang	primary
阴	yin	primary
阵	zhen	primary
阶	jie	primary
阻	zu	primary
阼	zuo	primary
阽	dian	primary
阿	a	primary
阿	e	alt
陀	tuo	primary
陂	bei	primary
陂	pi	alt
附	fu	primary
际	ji	primary
陆	lu	primary
陆	liu	alt
陇	long	primary
陈	chen	primary
陉	xing	primary
陋	lou	primary
陌	mo	primary
降	jiang	primary
降	xiang	alt
陎	shu	primary
限	xian	primary
陑	er	primary
陔	gai	primary
陕	shan	primary
陛	bi	primary
陞	sheng	primary
陟	zhi	primary
陡	dou	primary
院	yuan	primary
除	chu	primary
陧	nie	primary
陨	yun	primary
险	xian	primary
陪	pei	primary
陬	zou	primary
陲	chui	primary
陴	pi	primary
陵	ling	primary
陶	tao	primary
陷	xian	primary
隃	shu	primary
隅	yu	primary
隆	long	primary
隈	wei	primary
隋	sui	primary
隍	huang	primary
随	sui	primary
隐	yin	primary
隔	ge	primary
隗	kui	primary
隗	wei	alt
隘	ai	primary
隙	xi	primary
障	zhang	primary
隧	sui	primary
隩	ao	primary
隰	xi	primary
隳	hui	primary
隶	li	primary
隹	zhui	primary
隺	hu	primary
隺	he	alt
隼	sun	primary
隽	juan	primary
难	nan	primary
雀	que	primary
雀	qiao	alt
雁	yan	primary
雄	xiong	primary
雅	ya	primary
集	ji	primary
雇	gu	primary
雉	zhi	primary
雊	gou	primary
雌	ci	primary
雍	yong	primary
雎	ju	primary
雏	chu	primary
雒	luo	primary
雕	diao	primary
雠	chou	primary
雨	yu	primary
雩	yu	primary
雪	xue	primary
雯	wen	primary
雱	pang	primary
雳	li	primary
零	ling	primary
雷	lei	primary
雹	bao	primary
雾	wu	primary
需	xu	primary
霁	ji	primary
霄	xiao	primary
霅	zha	primary
霆	ting	primary
震	zhen	primary
霈	pei	primary
霉	mei	primary
霍	huo	primary
霎	sha	primary
霏	fei	primary
霓	ni	primary
霖	lin	primary
霜	shuang	primary
霞	xia	primary
霨	wei	primary
霪	yin	primary
霭	ai	primary
霰	xian	primary
露	lu	primary
露	lou	alt
霸	ba	primary
霹	pi	primary
霾	mai	primary
青	qing	primary
靓	jing	primary
靓	liang	alt
靖	jing	primary
静	jing	primary
靛	dian	primary
非	fei	primary
靠	kao	primary
靡	mi	primary
面	mian	primary
靥	ye	primary
革	ge	primary
靬	qian	primary
靰	wu	primary
靳	jin	primary
靴	xue	primary
靶	ba	primary
靸	sa	primary
靺	mo	primary
靼	da	primary
靽	ban	primary
靿	yao	primary
鞁	bei	primary
鞅	yang	primary
鞋	xie	primary
鞍	an	primary
鞑	da	primary
鞒	qiao	primary
鞔	man	primary
鞘	qiao	primary
鞘	shao	alt
鞠	ju	primary
鞡	la	primary
鞣	rou	primary
鞧	qiu	primary
鞨	he	primary
鞫	ju	primary
鞬	jian	primary
鞭	bian	primary
鞮	di	primary
鞯	jian	primary
鞲	gou	primary
鞳	ta	primary
鞴	bei	primary
韂	chan	primary
韦	wei	primary
韧	ren	primary
韨	fu	primary
韩	han	primary
韪	wei	primary
韫	yun	primary
韬	tao	primary
韭	jiu	primary
音	yin	primary
韵	yun	primary
韶	shao	primary
页	ye	primary
顶	ding	primary
顷	qing	primary
顸	han	primary
项	xiang	primary
顺	shun	primary
须	xu	primary
顼	xu	primary
顽	wan	primary
顾	gu	primary
顿	dun	primary
颀	qi	primary
颁	ban	primary
颂	song	primary
颃	hang	primary
预	yu	primary
颅	lu	primary
领	ling	primary
颇	po	primary
颈	jing	primary
颈	geng	alt
颉	jie	primary
颉	xie	alt
颊	jia	primary
颋	ting	primary
颌	he	primary
颍	ying	primary
颎	jiong	primary
颏	ke	primary
颐	yi	primary
频	pin	primary
颓	tui	primary
颔	han	primary
颖	ying	primary
颗	ke	primary
题	ti	primary
颙	yong	primary
颚	e	primary
颛	zhuan	primary
颜	yan	primary
额	e	primary
颞	nie	primary
颟	man	primary
颠	dian	primary
颡	sang	primary
颢	hao	primary
颤	chan	primary
颥	ru	primary
颦	pin	primary
颧	quan	primary
风	feng	primary
飏	yang	primary
飐	zhan	primary
飑	biao	primary
飒	sa	primary
飓	ju	primary
飔	si	primary
飕	sou	primary
飗	liu	primary
飘	piao	primary
飙	biao	primary
飞	fei	primary
食	shi	primary
飧	sun	primary
飨	xiang	primary
餍	yan	primary
餐	can	primary
餮	tie	primary
饔	yong	primary
饕	tao	primary
饥	ji	primary
饧	tang	primary
饧	xing	alt
饨	tun	primary
饩	xi	primary
饪	ren	primary
饫	yu	primary
饬	chi	primary
饭	fan	primary
饮	yin	primary
饯	jian	primary
饰	shi	primary
饱	bao	primary
饲	si	primary
饳	duo	primary
饴	yi	primary
饵	er	primary
饶	rao	primary
饷	xiang	primary
饸	he	primary
饹	le	primary
饹	ge	alt
饺	jiao	primary
饻	xi	primary
饼	bing	primary
饽	bo	primary
饿	e	primary
馁	nei	primary
馃	guo	primary
馄	hun	primary
馅	xian	primary
馆	guan	primary
馇	cha	primary
馇	zha	alt
馈	kui	primary
馉	gu	primary
馊	sou	primary
馋	chan	primary
馌	ye	primary
馍	mo	primary
馏	liu	primary
馐	xiu	primary
馑	jin	primary
馒	man	primary
馓	san	primary
馔	zhuan	primary
馕	nang	primary
首	shou	primary
馗	kui	primary
馘	guo	primary
香	xiang	primary
馝	bi	primary
馞	bo	primary
馥	fu	primary
馧	yun	primary
馨	xin	primary
马	ma	primary
驭	yu	primary
驮	tuo	primary
驮	duo	alt
驯	xun	primary
驰	chi	primary
驱	qu	primary
驲	ri	primary
驳	bo	primary
驴	lv	primary
驵	zang	primary
驶	shi	primary
驷	si	primary
驸	fu	primary
驹	ju	primary
驺	zou	primary
驻	zhu	primary
驼	tuo	primary
驽	nu	primary
驾	jia	primary
驿	yi	primary
骀	dai	primary
骀	tai	alt
骁	xiao	primary
骂	ma	primary
骃	yin	primary
骄	jiao	primary
骅	hua	primary
骆	luo	primary
骇	hai	primary
骈	pian	primary
骉	biao	primary
骊	li	primary
骋	cheng	primary
验	yan	primary
骍	xing	primary
骎	qin	primary
骏	jun	primary
骐	qi	primary
骑	qi	primary
骒	ke	primary
骓	zhui	primary
骕	su	primary
骖	can	primary
骗	pian	primary
骘	zhi	primary
骙	kui	primary
骚	sao	primary
骛	wu	primary
骜	ao	primary
骝	liu	primary
骞	qian	primary
骟	shan	primary
骠	biao	primary
骠	piao	alt
骡	luo	primary
骢	cong	primary
骣	chan	primary
骤	zhou	primary
骥	ji	primary
骦	shuang	primary
骧	xiang	primary
骨	gu	primary
骰	tou	primary
骱	jie	primary
骶	di	primary
骷	ku	primary
骸	hai	primary
骺	hou	primary
骼	ge	primary
髀	bi	primary
髁	ke	primary
髂	qia	primary
髃	yu	primary
髅	lou	primary
髋	kuan	primary
髌	bin	primary
髎	liao	primary
髑	du	primary
髓	sui	primary
高	gao	primary
髡	kun	primary
髢	di	primary
髦	mao	primary
髫	tiao	primary
髭	zi	primary
髯	ran	primary
髹	xiu	primary
髻	ji	primary
髽	zhua	primary
鬃	zong	primary
鬈	quan	primary
鬏	jiu	primary
鬒	zhen	primary
鬓	bin	primary
鬘	man	primary
鬟	huan	primary
鬣	lie	primary
鬯	chang	primary
鬲	ge	primary
鬲	li	alt
鬶	gui	primary
鬷	zong	primary
鬻	yu	primary
鬼	gui	primary
魁	kui	primary
魂	hun	primary
魃	ba	primary
魄	po	primary
魅	mei	primary
魆	xu	primary
魇	yan	primary
魈	xiao	primary
魉	liang	primary
魋	tui	primary
魍	wang	primary
魏	wei	primary
魑	chi	primary
魔	mo	primary
鱼	yu	primary
鱽	dao	primary
鱾	ji	primary
鱿	you	primary
鲀	tun	primary
鲁	lu	primary
鲂	fang	primary
鲃	ba	primary
鲅	ba	primary
鲆	ping	primary
鲇	nian	primary
鲈	lu	primary
鲉	you	primary
鲊	zha	primary
鲋	fu	primary
鲌	ba	primary
鲌	bo	alt
鲍	bao	primary
鲎	hou	primary
鲏	pi	primary
鲐	tai	primary
鲑	gui	primary
鲒	jie	primary
鲔	wei	primary
鲕	er	primary
鲖	tong	primary
鲗	zei	primary
鲘	hou	primary
鲙	kuai	primary
鲚	ji	primary
鲛	jiao	primary
鲜	xian	primary
鲝	zha	primary
鲞	xiang	primary
鲟	xun	primary
鲠	geng	primary
鲡	li	primary
鲢	lian	primary
鲣	jian	primary
鲤	li	primary
鲥	shi	primary
鲦	tiao	primary
鲧	gun	primary
鲨	sha	primary
鲩	huan	primary
鲪	jun	primary
鲫	ji	primary
鲬	yong	primary
鲭	qing	primary
鲮	ling	primary
鲯	qi	primary
鲰	zou	primary
鲱	fei	primary
鲲	kun	primary
鲳	chang	primary
鲴	gu	primary
鲵	ni	primary
鲷	diao	primary
鲸	jing	primary
鲹	shen	primary
鲺	shi	primary
鲻	zi	primary
鲼	fen	primary
鲽	die	primary
鲾	bi	primary
鲿	chang	primary
鳀	ti	primary
鳁	wen	primary
鳂	wei	primary
鳃	sai	primary
鳄	e	primary
鳅	qiu	primary
鳇	huang	primary
鳈	quan	primary
鳉	jiang	primary
鳊	bian	primary
鳌	ao	primary
鳍	qi	primary
鳎	ta	primary
鳏	guan	primary
鳐	yao	primary
鳑	pang	primary
鳒	jian	primary
鳓	le	primary
鳔	biao	primary
鳕	xue	primary
鳖	bie	primary
鳗	man	primary
鳘	min	primary
鳙	yong	primary
鳚	wei	primary
鳛	xi	primary
鳜	gui	primary
鳝	shan	primary
鳞	lin	primary
鳟	zun	primary
鳠	hu	primary
鳡	gan	primary
鳢	li	primary
鳣	zhan	primary
鳤	guan	primary
鸟	niao	primary
鸠	jiu	primary
鸡	ji	primary
鸢	yuan	primary
鸣	ming	primary
鸤	shi	primary
鸥	ou	primary
鸦	ya	primary
鸧	cang	primary
鸨	bao	primary
鸩	zhen	primary
鸪	gu	primary
鸫	dong	primary
鸬	lu	primary
鸭	ya	primary
鸮	xiao	primary
鸯	yang	primary
鸰	ling	primary
鸱	chi	primary
鸲	qu	primary
鸳	yuan	primary
鸵	tuo	primary
鸶	si	primary
鸷	zhi	primary
鸸	er	primary
鸹	gua	primary
鸺	xiu	primary
鸻	heng	primary
鸼	zhou	primary
鸽	ge	primary
鸾	luan	primary
鸿	hong	primary
鹀	wu	primary
鹁	bo	primary
鹂	li	primary
鹃	juan	primary
鹄	gu	primary
鹄	hu	alt
鹅	e	primary
鹆	yu	primary
鹇	xian	primary
鹈	ti	primary
鹉	wu	primary
鹊	que	primary
鹋	miao	primary
鹌	an	primary
鹍	kun	primary
鹎	bei	primary
鹏	peng	primary
鹐	qian	primary
鹑	chun	primary
鹒	geng	primary
鹔	su	primary
鹕	hu	primary
鹖	he	primary
鹗	e	primary
鹘	gu	primary
鹘	hu	alt
鹙	qiu	primary
鹚	ci	primary
鹛	mei	primary
鹜	wu	primary
鹝	yi	primary
鹞	yao	primary
鹟	weng	primary
鹠	liu	primary
鹡	ji	primary
鹢	yi	primary
鹣	jian	primary
鹤	he	primary
鹦	ying	primary
鹧	zhe	primary
鹨	liu	primary
鹩	liao	primary
鹪	jiao	primary
鹫	jiu	primary
鹬	yu	primary
鹭	lu	primary
鹮	huan	primary
鹯	zhan	primary
鹰	ying	primary
鹱	hu	primary
鹲	meng	primary
鹳	guan	primary
鹴	shuang	primary
鹾	cuo	primary
鹿	lu	primary
麀	you	primary
麂	ji	primary
麇	jun	primary
麇	qun	alt
麈	zhu	primary
麋	mi	primary
麑	ni	primary
麒	qi	primary
麓	lu	primary
麖	jing	primary
麝	she	primary
麟	lin	primary
麦	mai	primary
麸	fu	primary
麹	qu	primary
麻	ma	primary
麽	mo	primary
麾	hui	primary
黄	huang	primary
黇	tian	primary
黉	hong	primary
黍	shu	primary
黎	li	primary
黏	nian	primary
黑	hei	primary
黔	qian	primary
默	mo	primary
黛	dai	primary
黜	chu	primary
黝	you	primary
黟	yi	primary
黠	xia	primary
黡	yan	primary
黢	qu	primary
黥	qing	primary
黧	li	primary
黩	du	primary
黪	can	primary
黯	an	primary
黹	zhi	primary
黻	fu	primary
黼	fu	primary
黾	min	primary
鼋	yuan	primary
鼍	tuo	primary
鼎	ding	primary
鼐	nai	primary
鼒	zi	primary
鼓	gu	primary
鼗	tao	primary
鼙	pi	primary
鼠	shu	primary
鼢	fen	primary
鼩	qu	primary
鼫	shi	primary
鼬	you	primary
鼯	wu	primary
鼱	jing	primary
鼷	xi	primary
鼹	yan	primary
鼻	bi	primary
鼽	qiu	primary
鼾	han	primary
齁	hou	primary
齇	zha	primary
齉	nang	primary
齐	qi	primary
齑	ji	primary
齿	chi	primary
龀	chen	primary
龁	he	primary
龂	yin	primary
龃	ju	primary
龄	ling	primary
龅	bao	primary
龆	tiao	primary
龇	zi	primary
龈	ken	primary
龈	yin	alt
龉	yu	primary
龊	chuo	primary
龋	qu	primary
龌	wo	primary
龙	long	primary
龚	gong	primary
龛	kan	primary
龟	gui	primary
龟	jun	alt
龟	qiu	alt
龠	yue	primary
龢	he	primary
鿍	gang	primary
鿎	ta	primary
鿎	da	alt
鿏	mai	primary
𠅤	xi	primary
𠙶	ou	primary
𠳐	bang	primary
𡎚	pian	primary
𡐓	kang	primary
𣗋	dang	primary
𣲗	wei	primary
𣲘	wu	primary
𣸣	fen	primary
𤧛	di	primary
𤩽	huan	primary
𤫉	xie	primary
𥔲	e	primary
𥕢	cao	primary
𥖨	zao	primary
𥻗	cha	primary
𦈡	xu	primary
𦒍	tong	primary
𦙶	gu	primary
𦝼	lv	primary
𦝼	lou	alt
𦭜	zhi	primary
𦰡	na	primary
𦰡	nuo	alt
𧿹	mu	primary
𨐈	guang	primary
𨙸	qi	primary
𨚕	bian	primary
𨟠	quan	primary
𨭉	ban	primary
𨱇	qiu	primary
𨱏	da	primary
𨱑	huang	primary
𨱔	zun	primary
𨺙	ni	primary
𩽾	an	primary
𩾃	mian	primary
𩾌	kang	primary
𪟝	ji	primary
𪣻	lou	primary
𪤗	liao	primary
𪨰	qu	primary
𪨶	she	primary
𪩘	yan	primary
𪾢	xian	primary
𫄧	yan	primary
𫄨	chi	primary
𫄷	yi	primary
𫄸	xun	primary
𫇭	wei	primary
𫌀	ji	primary
𫍣	tong	primary
𫍯	xian	primary
𫍲	xiao	primary
𫍽	xuan	primary
𫐄	yue	primary
𫐐	ni	primary
𫐓	bu	primary
𫐓	rou	alt
𫑡	meng	primary
𫓧	fu	primary
𫓯	ji	primary
𫓶	xuan	primary
𫓹	ji	primary
𫔍	fan	primary
𫔎	jue	primary
𫔶	nie	primary
𫖮	yi	primary
𫖯	fu	primary
𫖳	yun	primary
𫗧	su	primary
𫗴	zhan	primary
𫘜	wen	primary
𫘝	jue	primary
𫘦	tao	primary
𫘧	lu	primary
𫘨	ti	primary
𫘪	yuan	primary
𫘬	xi	primary
𫚕	shi	primary
𫚖	ci	primary
𫚭	lie	primary
𫛭	kuang	primary
𫞩	men	primary
𫟅	liang	primary
𫟦	sui	primary
𫟹	hong	primary
𫟼	da	primary
𫠆	kui	primary
𫠊	xuan	primary
𫠜	ni	primary
𫢸	dan	primary
𫫇	e	primary
𫭟	ou	primary
𫭟	qu	alt
𫭢	lun	primary
𫭼	lao	primary
𫮃	shan	primary
𫰛	xing	primary
𫵷	li	primary
𫶇	die	primary
𫷷	xin	primary
𫸩	kou	primary
𬀩	wei	primary
𬀪	xian	primary
𬂩	jia	primary
𬃊	zhi	primary
𬇕	wan	primary
𬇙	pei	primary
𬇙	bei	alt
𬇹	guo	primary
𬉼	ou	primary
𬊈	xun	primary
𬊤	chan	primary
𬌗	he	primary
𬍛	li	primary
𬍡	dang	primary
𬍤	xun	primary
𬒈	que	primary
𬒔	geng	primary
𬒗	lan	primary
𬕂	gong	primary
𬕂	long	alt
𬘓	xun	primary
𬘘	dan	primary
𬘡	yin	primary
𬘩	ting	primary
𬘫	huan	primary
𬘬	qian	primary
𬘭	lin	primary
𬘭	chen	alt
𬘯	zhun	primary
𬙂	yan	primary
𬙊	mo	primary
𬙋	xiang	primary
𬜬	man	primary
𬜯	liang	primary
𬞟	pin	primary
𬟁	yi	primary
𬟽	dong	primary
𬣙	xu	primary
𬣞	zhu	primary
𬣡	jian	primary
𬣳	hen	primary
𬤇	yin	primary
𬤊	shi	primary
𬤝	hui	primary
𬨂	qi	primary
𬨎	you	primary
𬩽	xun	primary
𬪩	nong	primary
𬬩	yi	primary
𬬭	lun	primary
𬬮	chang	primary
𬬱	jin	primary
𬬸	shu	primary
𬬹	shen	primary
𬬻	lu	primary
𬬿	zhao	primary
𬭁	mu	primary
𬭊	du	primary
𬭎	hong	primary
𬭚	chun	primary
𬭛	bo	primary
𬭤	hou	primary
𬭩	weng	primary
𬭬	wei	primary
𬭬	hui	alt
𬭯	pie	primary
𬭳	xi	primary
𬭶	hei	primary
𬭸	lin	primary
𬭼	sui	primary
𬮱	yin	primary
𬮿	qi	primary
𬮿	gai	alt
𬯀	ji	primary
𬯎	tui	primary
𬱖	di	primary
𬱟	wei	primary
𬳵	pi	primary
𬳶	jiong	primary
𬳽	shen	primary
𬳿	tu	primary
𬴂	fei	primary
𬴃	huo	primary
𬴊	lin	primary
𬶋	ju	primary
𬶍	tuo	primary
𬶏	wei	primary
𬶐	zhao	primary
𬶟	la	primary
𬶠	lian	primary
𬶨	ji	primary
𬶭	ji	primary
𬶮	xi	primary
𬷕	bu	primary
𬸘	yan	primary
𬸚	yue	primary
𬸣	xian	primary
𬸦	zhuo	primary
𬸪	fan	primary
𬹼	xie	primary
𬺈	yi	primary
𬺓	chu	primary
