# XHUP Flow attested input character codes (generated; do not edit by hand)
# schema: character<TAB>sound_code<TAB>shape_code<TAB>source_weight<TAB>source<TAB>status
# historical_source_repo: boomker/rime-fast-xhup
# historical_source_commit: 308d6d29c5a612fec7282923e49d3cd5453bab48
# historical_source_path: cn_dicts/flypy_chars.dict.yaml
# historical_source_blob: 3c2773335c8108bbe896b9af588d619e22045132
# historical_source_raw_sha256: 5eeda7a9976cf7d8ed1bc487bdccc02d7f423425515d814309328ff61b6b4291
# historical_source_license: LGPL-3.0
# official_oracle: data/xhup/official_char_code_oracle.tsv
# official_payload_decoded_sha256: d33e6afa77d2586c097876674ad11cb33ea834e455be4bb704e05a9f33ad7dd4
# serialization: character Unicode scalar -> sound_code -> shape_code -> source -> status
# historical_rows: 9792
# official_oracle_rows: 4
# evidence_rows: 9796
# input_characters: 8208
〇	lk	vv	13	rime-fast-xhup	legacy-compatible
㑇	vz	re	0	rime-fast-xhup	legacy-compatible
㑊	yi	rd	0	rime-fast-xhup	legacy-compatible
㕮	fu	kx	0	rime-fast-xhup	legacy-compatible
㕮	tn	kx	0	rime-fast-xhup	legacy-compatible
㖏	np	kt	0	rime-fast-xhup	legacy-compatible
㘎	hj	kw	0	rime-fast-xhup	legacy-compatible
㙍	do	ty	0	rime-fast-xhup	legacy-compatible
㙘	yc	tn	0	rime-fast-xhup	legacy-compatible
㙦	xp	rt	0	rime-fast-xhup	legacy-compatible
㛃	jp	fn	0	rime-fast-xhup	legacy-compatible
㛚	ts	ny	0	rime-fast-xhup	legacy-compatible
㛹	pm	ng	0	rime-fast-xhup	legacy-compatible
㞎	ba	ub	0	rime-fast-xhup	legacy-compatible
㟃	si	ek	0	rime-fast-xhup	legacy-compatible
㠇	jq	ey	0	rime-fast-xhup	legacy-compatible
㠓	mg	en	0	rime-fast-xhup	legacy-compatible
㠓	mg	eu	0	rime-fast-xhup	legacy-compatible
㤘	cu	xe	0	rime-fast-xhup	legacy-compatible
㤘	iu	xe	0	rime-fast-xhup	legacy-compatible
㤘	vz	xe	0	rime-fast-xhup	legacy-compatible
㥄	lk	xw	0	rime-fast-xhup	legacy-compatible
㧐	ss	fy	0	rime-fast-xhup	legacy-compatible
㧑	ww	fw	0	rime-fast-xhup	legacy-compatible
㧟	kk	fk	0	rime-fast-xhup	legacy-compatible
㨃	dv	fz	0	rime-fast-xhup	legacy-compatible
㫰	lh	ol	0	rime-fast-xhup	legacy-compatible
㬊	hr	oy	0	rime-fast-xhup	legacy-compatible
㬎	xm	oh	0	rime-fast-xhup	legacy-compatible
㬚	ie	ow	0	rime-fast-xhup	legacy-compatible
㭎	gh	mx	0	rime-fast-xhup	legacy-compatible
㭕	qu	ms	0	rime-fast-xhup	legacy-compatible
㮾	lh	dm	0	rime-fast-xhup	legacy-compatible
㰀	li	mu	0	rime-fast-xhup	legacy-compatible
㳇	fu	dx	0	rime-fast-xhup	legacy-compatible
㳘	is	de	0	rime-fast-xhup	legacy-compatible
㳚	yu	du	0	rime-fast-xhup	legacy-compatible
㴔	se	dx	0	rime-fast-xhup	legacy-compatible
㴔	yi	dx	0	rime-fast-xhup	legacy-compatible
㵐	jt	dr	0	rime-fast-xhup	legacy-compatible
㶲	ys	hy	0	rime-fast-xhup	legacy-compatible
㸆	kc	hf	0	rime-fast-xhup	legacy-compatible
㸌	ho	hf	0	rime-fast-xhup	legacy-compatible
㺄	yu	qd	0	rime-fast-xhup	legacy-compatible
㻬	tu	wk	0	rime-fast-xhup	legacy-compatible
㽏	gj	dg	0	rime-fast-xhup	legacy-compatible
㿠	hl	be	0	rime-fast-xhup	legacy-compatible
㿠	hl	bw	0	rime-fast-xhup	legacy-compatible
䁖	lz	on	0	rime-fast-xhup	legacy-compatible
䂮	lt	fu	0	rime-fast-xhup	legacy-compatible
䃅	di	ul	0	rime-fast-xhup	legacy-compatible
䃎	va	ux	0	rime-fast-xhup	legacy-compatible
䅟	cj	hp	0	rime-fast-xhup	legacy-compatible
䌹	js	sk	0	rime-fast-xhup	legacy-compatible
䎃	rj	rx	0	rime-fast-xhup	legacy-compatible
䎖	zg	bx	0	rime-fast-xhup	legacy-compatible
䏝	iy	ov	0	rime-fast-xhup	legacy-compatible
䏝	vr	ov	0	rime-fast-xhup	legacy-compatible
䏡	ui	ox	0	rime-fast-xhup	legacy-compatible
䏲	dp	op	0	rime-fast-xhup	legacy-compatible
䏲	ti	op	0	rime-fast-xhup	legacy-compatible
䐃	js	oh	0	rime-fast-xhup	legacy-compatible
䐃	js	om	0	rime-fast-xhup	legacy-compatible
䓕	to	cz	1	rime-fast-xhup	legacy-compatible
䓕	ww	cz	0	rime-fast-xhup	legacy-compatible
䓖	qs	cl	0	rime-fast-xhup	legacy-compatible
䓛	fu	ci	0	rime-fast-xhup	legacy-compatible
䓛	gu	ci	0	rime-fast-xhup	legacy-compatible
䓛	qu	ci	0	rime-fast-xhup	legacy-compatible
䓨	yk	cf	0	rime-fast-xhup	legacy-compatible
䓫	ji	ck	0	rime-fast-xhup	legacy-compatible
䓫	qi	ck	0	rime-fast-xhup	legacy-compatible
䓬	vo	cu	0	rime-fast-xhup	legacy-compatible
䗖	di	ij	0	rime-fast-xhup	legacy-compatible
䗛	xq	io	0	rime-fast-xhup	legacy-compatible
䗪	ve	gi	0	rime-fast-xhup	legacy-compatible
䗴	tk	iz	0	rime-fast-xhup	legacy-compatible
䜣	xb	yj	0	rime-fast-xhup	legacy-compatible
䜣	xi	yj	0	rime-fast-xhup	legacy-compatible
䜣	yb	yj	0	rime-fast-xhup	legacy-compatible
䝙	iu	vx	0	rime-fast-xhup	legacy-compatible
䞍	qk	ko	0	rime-fast-xhup	legacy-compatible
䢺	iu	ie	0	rime-fast-xhup	legacy-compatible
䢼	gs	ce	0	rime-fast-xhup	legacy-compatible
䢼	gs	ge	0	rime-fast-xhup	legacy-compatible
䣘	th	xe	0	rime-fast-xhup	legacy-compatible
䥽	po	jd	0	rime-fast-xhup	legacy-compatible
䦃	vo	jo	0	rime-fast-xhup	legacy-compatible
䲟	yb	ae	0	rime-fast-xhup	legacy-compatible
䲟	yb	ye	0	rime-fast-xhup	legacy-compatible
䲠	iy	ao	0	rime-fast-xhup	legacy-compatible
䲠	iy	yo	0	rime-fast-xhup	legacy-compatible
䲢	tg	oa	0	rime-fast-xhup	legacy-compatible
䴓	ui	an	0	rime-fast-xhup	legacy-compatible
䴓	ui	bn	0	rime-fast-xhup	legacy-compatible
䴔	jn	wn	0	rime-fast-xhup	legacy-compatible
䴕	lp	dn	0	rime-fast-xhup	legacy-compatible
䴖	jk	fn	0	rime-fast-xhup	legacy-compatible
䴗	ju	on	0	rime-fast-xhup	legacy-compatible
䴘	ti	in	0	rime-fast-xhup	legacy-compatible
䴘	ti	pn	0	rime-fast-xhup	legacy-compatible
䴙	pi	un	0	rime-fast-xhup	legacy-compatible
䶮	yj	lt	0	rime-fast-xhup	legacy-compatible
一	yi	aa	59	rime-fast-xhup	legacy-compatible
丁	dk	al	30	rime-fast-xhup	legacy-compatible
丁	vg	al	1	rime-fast-xhup	legacy-compatible
七	qi	av	33	rime-fast-xhup	legacy-compatible
万	mo	ap	1	rime-fast-xhup	legacy-compatible
万	wj	ap	44	rime-fast-xhup	legacy-compatible
丈	vh	an	14	rime-fast-xhup	legacy-compatible
三	sj	ae	44	rime-fast-xhup	legacy-compatible
上	uh	la	67	rime-fast-xhup	legacy-compatible
下	xx	ab	61	rime-fast-xhup	legacy-compatible
不	bu	ad	75	rime-fast-xhup	legacy-compatible
不	fz	ad	0	rime-fast-xhup	legacy-compatible
与	yu	aa	64	rime-fast-xhup	legacy-compatible
丏	mm	av	2	rime-fast-xhup	legacy-compatible
丐	gd	av	10	rime-fast-xhup	legacy-compatible
丑	iz	va	28	rime-fast-xhup	legacy-compatible
专	vr	ad	27	rime-fast-xhup	legacy-compatible
且	ju	la	2	rime-fast-xhup	legacy-compatible
且	qp	la	38	rime-fast-xhup	legacy-compatible
丕	pi	ba	11	rime-fast-xhup	legacy-compatible
世	ui	av	28	rime-fast-xhup	legacy-compatible
丘	qq	ia	19	rime-fast-xhup	legacy-compatible
丘	qq	pa	19	rime-fast-xhup	legacy-compatible
丙	bk	an	18	rime-fast-xhup	legacy-compatible
业	ye	la	32	rime-fast-xhup	legacy-compatible
丛	cs	ra	17	rime-fast-xhup	legacy-compatible
东	ds	ad	35	rime-fast-xhup	legacy-compatible
丝	si	va	26	rime-fast-xhup	legacy-compatible
丞	ig	la	11	rime-fast-xhup	legacy-compatible
丢	dq	ps	32	rime-fast-xhup	legacy-compatible
两	ll	ad	40	rime-fast-xhup	legacy-compatible
严	yj	yp	26	rime-fast-xhup	legacy-compatible
丧	sh	un	16	rime-fast-xhup	legacy-compatible
个	ge	rl	66	rime-fast-xhup	legacy-compatible
丫	ya	bl	32	rime-fast-xhup	legacy-compatible
中	vs	ll	65	rime-fast-xhup	legacy-compatible
丰	fg	al	24	rime-fast-xhup	legacy-compatible
串	ir	ll	23	rime-fast-xhup	legacy-compatible
临	lb	la	0	rime-fast-xhup	legacy-compatible
丸	wj	pd	21	rime-fast-xhup	legacy-compatible
丹	dj	ka	26	rime-fast-xhup	legacy-compatible
丹	dj	pa	26	rime-fast-xhup	legacy-compatible
为	ww	dd	64	rime-fast-xhup	legacy-compatible
主	vu	dw	37	rime-fast-xhup	legacy-compatible
主	vu	wt	37	rime-fast-xhup	legacy-compatible
丼	jk	jd	0	rime-fast-xhup	legacy-compatible
丽	li	ad	28	rime-fast-xhup	legacy-compatible
举	ju	xl	25	rime-fast-xhup	legacy-compatible
乂	yi	pn	9	rime-fast-xhup	legacy-compatible
乃	nd	vp	29	rime-fast-xhup	legacy-compatible
久	jq	pn	35	rime-fast-xhup	legacy-compatible
么	ma	ps	7	rime-fast-xhup	legacy-compatible
么	me	ps	57	rime-fast-xhup	legacy-compatible
么	mo	ps	5	rime-fast-xhup	legacy-compatible
么	yc	ps	1	rime-fast-xhup	legacy-compatible
义	yi	dx	26	rime-fast-xhup	legacy-compatible
之	vi	dn	30	rime-fast-xhup	legacy-compatible
乌	wu	pa	23	rime-fast-xhup	legacy-compatible
乍	va	pa	16	rime-fast-xhup	legacy-compatible
乍	va	ra	16	rime-fast-xhup	legacy-compatible
乎	hu	pl	22	rime-fast-xhup	legacy-compatible
乏	fa	pv	15	rime-fast-xhup	legacy-compatible
乏	fa	pz	15	rime-fast-xhup	legacy-compatible
乐	lc	pd	0	rime-fast-xhup	legacy-compatible
乐	le	pd	33	rime-fast-xhup	legacy-compatible
乐	yc	pd	0	rime-fast-xhup	legacy-compatible
乐	yt	pd	15	rime-fast-xhup	legacy-compatible
乒	pk	qp	6	rime-fast-xhup	legacy-compatible
乓	ph	qd	5	rime-fast-xhup	legacy-compatible
乔	qn	yl	25	rime-fast-xhup	legacy-compatible
乖	gk	qb	41	rime-fast-xhup	legacy-compatible
乘	ig	qn	26	rime-fast-xhup	legacy-compatible
乘	ug	qn	3	rime-fast-xhup	legacy-compatible
乙	yi	vv	24	rime-fast-xhup	legacy-compatible
乜	mp	vv	25	rime-fast-xhup	legacy-compatible
乜	np	vv	9	rime-fast-xhup	legacy-compatible
九	jq	pv	31	rime-fast-xhup	legacy-compatible
乞	qi	pv	12	rime-fast-xhup	legacy-compatible
乞	qi	rv	12	rime-fast-xhup	legacy-compatible
也	ye	vv	71	rime-fast-xhup	legacy-compatible
习	xi	vd	18	rime-fast-xhup	legacy-compatible
乡	xl	vp	29	rime-fast-xhup	legacy-compatible
书	uu	vd	42	rime-fast-xhup	legacy-compatible
乩	ji	lv	0	rime-fast-xhup	legacy-compatible
乩	ji	vv	0	rime-fast-xhup	legacy-compatible
买	md	vd	56	rime-fast-xhup	legacy-compatible
乱	lr	qv	38	rime-fast-xhup	legacy-compatible
乳	ru	pv	21	rime-fast-xhup	legacy-compatible
乳	ru	vv	21	rime-fast-xhup	legacy-compatible
乸	na	ym	0	rime-fast-xhup	legacy-compatible
乾	qm	uq	17	rime-fast-xhup	legacy-compatible
了	le	vl	86	rime-fast-xhup	legacy-compatible
了	ln	vl	40	rime-fast-xhup	legacy-compatible
予	yu	sl	21	rime-fast-xhup	legacy-compatible
争	vg	dl	27	rime-fast-xhup	legacy-compatible
事	ui	al	48	rime-fast-xhup	legacy-compatible
二	er	aa	42	rime-fast-xhup	legacy-compatible
亍	iu	ad	9	rime-fast-xhup	legacy-compatible
亍	iu	el	9	rime-fast-xhup	legacy-compatible
于	yu	al	54	rime-fast-xhup	legacy-compatible
亏	kv	ev	31	rime-fast-xhup	legacy-compatible
云	yy	es	35	rime-fast-xhup	legacy-compatible
互	hu	aa	22	rime-fast-xhup	legacy-compatible
亓	qi	el	10	rime-fast-xhup	legacy-compatible
五	wu	aa	38	rime-fast-xhup	legacy-compatible
井	jk	al	25	rime-fast-xhup	legacy-compatible
亖	si	ee	0	rime-fast-xhup	legacy-compatible
亘	gf	aa	8	rime-fast-xhup	legacy-compatible
亚	ya	ay	30	rime-fast-xhup	legacy-compatible
些	xp	ve	43	rime-fast-xhup	legacy-compatible
亟	ji	la	6	rime-fast-xhup	legacy-compatible
亟	qi	la	1	rime-fast-xhup	legacy-compatible
亡	wh	wv	19	rime-fast-xhup	legacy-compatible
亡	wu	wv	1	rime-fast-xhup	legacy-compatible
亢	kh	wj	11	rime-fast-xhup	legacy-compatible
交	jn	wx	39	rime-fast-xhup	legacy-compatible
亥	hd	wr	12	rime-fast-xhup	legacy-compatible
亦	yi	wd	32	rime-fast-xhup	legacy-compatible
产	ij	lp	27	rime-fast-xhup	legacy-compatible
产	ij	wi	27	rime-fast-xhup	legacy-compatible
亨	hg	wl	17	rime-fast-xhup	legacy-compatible
亨	pg	wl	0	rime-fast-xhup	legacy-compatible
亩	mu	wt	12	rime-fast-xhup	legacy-compatible
享	xl	wz	18	rime-fast-xhup	legacy-compatible
京	jk	wx	26	rime-fast-xhup	legacy-compatible
亭	tk	wd	22	rime-fast-xhup	legacy-compatible
亮	ll	wj	30	rime-fast-xhup	legacy-compatible
亲	qb	lm	33	rime-fast-xhup	legacy-compatible
亲	qk	lm	3	rime-fast-xhup	legacy-compatible
亳	bo	wq	5	rime-fast-xhup	legacy-compatible
亵	xp	wy	5	rime-fast-xhup	legacy-compatible
亶	dj	wa	5	rime-fast-xhup	legacy-compatible
亸	do	wl	0	rime-fast-xhup	legacy-compatible
亹	mf	wq	2	rime-fast-xhup	legacy-compatible
亹	ww	wq	0	rime-fast-xhup	legacy-compatible
人	rf	pn	66	rime-fast-xhup	legacy-compatible
亿	yi	rv	35	rime-fast-xhup	legacy-compatible
什	uf	ru	20	rime-fast-xhup	legacy-compatible
什	ui	ru	12	rime-fast-xhup	legacy-compatible
仁	rf	re	26	rime-fast-xhup	legacy-compatible
仂	le	rl	11	rime-fast-xhup	legacy-compatible
仃	dk	rd	4	rime-fast-xhup	legacy-compatible
仄	ze	ir	11	rime-fast-xhup	legacy-compatible
仅	jb	ry	33	rime-fast-xhup	legacy-compatible
仆	pu	rb	12	rime-fast-xhup	legacy-compatible
仇	iz	rj	18	rime-fast-xhup	legacy-compatible
仇	qq	rj	10	rime-fast-xhup	legacy-compatible
仉	vh	rj	2	rime-fast-xhup	legacy-compatible
今	jb	rv	30	rime-fast-xhup	legacy-compatible
介	jp	rl	21	rime-fast-xhup	legacy-compatible
仍	rg	rn	35	rime-fast-xhup	legacy-compatible
从	cs	rr	59	rime-fast-xhup	legacy-compatible
仑	ly	rb	12	rime-fast-xhup	legacy-compatible
仓	ch	rv	25	rime-fast-xhup	legacy-compatible
仔	zd	rz	23	rime-fast-xhup	legacy-compatible
仔	zi	rz	21	rime-fast-xhup	legacy-compatible
仕	ui	ru	19	rime-fast-xhup	legacy-compatible
他	ta	ry	69	rime-fast-xhup	legacy-compatible
仗	vh	rv	17	rime-fast-xhup	legacy-compatible
付	fu	rc	33	rime-fast-xhup	legacy-compatible
仙	xm	re	27	rime-fast-xhup	legacy-compatible
仝	ts	rg	8	rime-fast-xhup	legacy-compatible
仞	rf	rr	7	rime-fast-xhup	legacy-compatible
仟	qm	rq	12	rime-fast-xhup	legacy-compatible
仡	ge	rq	1	rime-fast-xhup	legacy-compatible
仡	ge	ry	1	rime-fast-xhup	legacy-compatible
仡	yi	rq	1	rime-fast-xhup	legacy-compatible
代	dd	ry	32	rime-fast-xhup	legacy-compatible
令	lk	rs	34	rime-fast-xhup	legacy-compatible
以	yi	vr	57	rime-fast-xhup	legacy-compatible
仨	sa	rs	15	rime-fast-xhup	legacy-compatible
仪	yi	ry	24	rime-fast-xhup	legacy-compatible
仫	mu	rm	2	rime-fast-xhup	legacy-compatible
们	mf	rm	52	rime-fast-xhup	legacy-compatible
仰	ah	re	0	rime-fast-xhup	legacy-compatible
仰	yh	re	16	rime-fast-xhup	legacy-compatible
仲	vs	rv	28	rime-fast-xhup	legacy-compatible
仳	pi	rb	3	rime-fast-xhup	legacy-compatible
仵	wu	rw	5	rime-fast-xhup	legacy-compatible
件	jm	rn	34	rime-fast-xhup	legacy-compatible
价	jp	rl	1	rime-fast-xhup	legacy-compatible
价	jx	rl	32	rime-fast-xhup	legacy-compatible
任	rf	rr	34	rime-fast-xhup	legacy-compatible
份	bb	rd	0	rime-fast-xhup	legacy-compatible
份	ff	rd	33	rime-fast-xhup	legacy-compatible
仿	fh	rf	22	rime-fast-xhup	legacy-compatible
企	qi	rv	22	rime-fast-xhup	legacy-compatible
伈	xb	rx	4	rime-fast-xhup	legacy-compatible
伉	kh	rj	3	rime-fast-xhup	legacy-compatible
伊	yi	ry	29	rime-fast-xhup	legacy-compatible
伋	ji	rj	0	rime-fast-xhup	legacy-compatible
伍	wu	rw	21	rime-fast-xhup	legacy-compatible
伎	ji	ry	9	rime-fast-xhup	legacy-compatible
伎	qi	ry	0	rime-fast-xhup	legacy-compatible
伏	fu	rq	20	rime-fast-xhup	legacy-compatible
伐	fa	rg	37	rime-fast-xhup	legacy-compatible
休	xq	rm	25	rime-fast-xhup	legacy-compatible
休	xu	rm	0	rime-fast-xhup	legacy-compatible
众	vs	rr	28	rime-fast-xhup	legacy-compatible
优	yz	ry	25	rime-fast-xhup	legacy-compatible
伙	ho	rh	14	rime-fast-xhup	legacy-compatible
会	hv	rs	64	rime-fast-xhup	legacy-compatible
会	kk	rs	7	rime-fast-xhup	legacy-compatible
伛	yu	rx	0	rime-fast-xhup	legacy-compatible
伞	sj	ru	22	rime-fast-xhup	legacy-compatible
伟	ww	rw	27	rime-fast-xhup	legacy-compatible
传	ir	rv	39	rime-fast-xhup	legacy-compatible
传	vr	rv	14	rime-fast-xhup	legacy-compatible
伢	ya	ry	9	rime-fast-xhup	legacy-compatible
伣	qm	re	0	rime-fast-xhup	legacy-compatible
伤	uh	rl	32	rime-fast-xhup	legacy-compatible
伥	ih	ri	3	rime-fast-xhup	legacy-compatible
伦	ly	rb	22	rime-fast-xhup	legacy-compatible
伧	ch	rv	2	rime-fast-xhup	legacy-compatible
伧	if	rv	2	rime-fast-xhup	legacy-compatible
伪	ww	rw	21	rime-fast-xhup	legacy-compatible
伫	vu	ra	7	rime-fast-xhup	legacy-compatible
伭	xm	ry	2	rime-fast-xhup	legacy-compatible
伭	xr	ry	0	rime-fast-xhup	legacy-compatible
伯	ba	rb	0	rime-fast-xhup	legacy-compatible
伯	bd	rb	11	rime-fast-xhup	legacy-compatible
伯	bo	rb	23	rime-fast-xhup	legacy-compatible
估	gu	rk	16	rime-fast-xhup	legacy-compatible
伲	ni	rb	3	rime-fast-xhup	legacy-compatible
伴	bj	rb	24	rime-fast-xhup	legacy-compatible
伶	lk	rs	12	rime-fast-xhup	legacy-compatible
伸	uf	ru	21	rime-fast-xhup	legacy-compatible
伺	ci	rk	3	rime-fast-xhup	legacy-compatible
伺	si	rk	8	rime-fast-xhup	legacy-compatible
似	si	rr	28	rime-fast-xhup	legacy-compatible
似	ui	rr	18	rime-fast-xhup	legacy-compatible
伽	ga	rk	15	rime-fast-xhup	legacy-compatible
伽	jx	rk	6	rime-fast-xhup	legacy-compatible
伽	qp	rk	0	rime-fast-xhup	legacy-compatible
伾	pi	rp	3	rime-fast-xhup	legacy-compatible
佁	ii	rk	0	rime-fast-xhup	legacy-compatible
佁	yi	rk	1	rime-fast-xhup	legacy-compatible
佃	dm	rt	7	rime-fast-xhup	legacy-compatible
佃	tm	rt	1	rime-fast-xhup	legacy-compatible
但	dj	ra	58	rime-fast-xhup	legacy-compatible
位	ww	rl	39	rime-fast-xhup	legacy-compatible
低	di	rd	40	rime-fast-xhup	legacy-compatible
住	vu	rv	43	rime-fast-xhup	legacy-compatible
佐	zo	rg	24	rime-fast-xhup	legacy-compatible
佑	yz	rk	18	rime-fast-xhup	legacy-compatible
体	ti	rb	32	rime-fast-xhup	legacy-compatible
何	he	rk	33	rime-fast-xhup	legacy-compatible
佖	bi	rb	2	rime-fast-xhup	legacy-compatible
佗	to	rb	7	rime-fast-xhup	legacy-compatible
佘	ue	rx	14	rime-fast-xhup	legacy-compatible
余	yu	rh	30	rime-fast-xhup	legacy-compatible
余	yu	rm	30	rime-fast-xhup	legacy-compatible
佚	dp	ru	0	rime-fast-xhup	legacy-compatible
佚	yi	ru	9	rime-fast-xhup	legacy-compatible
佛	bi	rf	0	rime-fast-xhup	legacy-compatible
佛	bo	rf	0	rime-fast-xhup	legacy-compatible
佛	fo	rf	30	rime-fast-xhup	legacy-compatible
佛	fu	rf	9	rime-fast-xhup	legacy-compatible
作	zo	rv	42	rime-fast-xhup	legacy-compatible
佝	gz	rk	2	rime-fast-xhup	legacy-compatible
佝	kz	rk	0	rime-fast-xhup	legacy-compatible
佞	nk	rn	5	rime-fast-xhup	legacy-compatible
佟	ts	rd	16	rime-fast-xhup	legacy-compatible
你	ni	rx	81	rime-fast-xhup	legacy-compatible
佢	qu	rj	7	rime-fast-xhup	legacy-compatible
佣	ys	ry	10	rime-fast-xhup	legacy-compatible
佤	wa	rw	5	rime-fast-xhup	legacy-compatible
佥	qm	ra	6	rime-fast-xhup	legacy-compatible
佧	ka	rb	0	rime-fast-xhup	legacy-compatible
佩	pw	rj	20	rime-fast-xhup	legacy-compatible
佬	lc	rb	19	rime-fast-xhup	legacy-compatible
佯	yh	ry	9	rime-fast-xhup	legacy-compatible
佰	bd	rb	14	rime-fast-xhup	legacy-compatible
佳	jx	rt	27	rime-fast-xhup	legacy-compatible
佴	er	re	1	rime-fast-xhup	legacy-compatible
佴	nd	re	1	rime-fast-xhup	legacy-compatible
佶	ji	rk	5	rime-fast-xhup	legacy-compatible
佸	ho	rk	7	rime-fast-xhup	legacy-compatible
佺	qr	rw	6	rime-fast-xhup	legacy-compatible
佻	tn	rd	4	rime-fast-xhup	legacy-compatible
佼	jn	rx	4	rime-fast-xhup	legacy-compatible
佽	ci	rr	4	rime-fast-xhup	legacy-compatible
佾	yi	ro	3	rime-fast-xhup	legacy-compatible
使	ui	rl	47	rime-fast-xhup	legacy-compatible
侁	uf	re	3	rime-fast-xhup	legacy-compatible
侂	to	rq	3	rime-fast-xhup	legacy-compatible
侃	kj	rv	17	rime-fast-xhup	legacy-compatible
侄	vi	rt	9	rime-fast-xhup	legacy-compatible
侈	ii	rx	5	rime-fast-xhup	legacy-compatible
侉	kx	rk	3	rime-fast-xhup	legacy-compatible
例	li	rd	27	rime-fast-xhup	legacy-compatible
侍	ui	rc	15	rime-fast-xhup	legacy-compatible
侏	vu	rv	5	rime-fast-xhup	legacy-compatible
侑	yz	ro	8	rime-fast-xhup	legacy-compatible
侔	mz	rn	4	rime-fast-xhup	legacy-compatible
侗	ds	rk	7	rime-fast-xhup	legacy-compatible
侗	ts	rk	5	rime-fast-xhup	legacy-compatible
侘	ia	rq	2	rime-fast-xhup	legacy-compatible
供	gs	rb	31	rime-fast-xhup	legacy-compatible
依	yi	ry	28	rime-fast-xhup	legacy-compatible
侠	xx	rj	20	rime-fast-xhup	legacy-compatible
侣	lv	rk	13	rime-fast-xhup	legacy-compatible
侥	jn	re	6	rime-fast-xhup	legacy-compatible
侥	jn	rw	6	rime-fast-xhup	legacy-compatible
侥	yc	rw	5	rime-fast-xhup	legacy-compatible
侦	vf	rr	9	rime-fast-xhup	legacy-compatible
侧	ce	rd	26	rime-fast-xhup	legacy-compatible
侧	vd	rd	1	rime-fast-xhup	legacy-compatible
侧	ze	rd	1	rime-fast-xhup	legacy-compatible
侨	qn	rl	15	rime-fast-xhup	legacy-compatible
侩	kk	rs	9	rime-fast-xhup	legacy-compatible
侪	id	rl	4	rime-fast-xhup	legacy-compatible
侬	ns	rn	25	rime-fast-xhup	legacy-compatible
侮	wu	rm	7	rime-fast-xhup	legacy-compatible
侯	hz	ru	27	rime-fast-xhup	legacy-compatible
侴	hc	rd	0	rime-fast-xhup	legacy-compatible
侵	qb	ry	15	rime-fast-xhup	legacy-compatible
侹	tk	rz	2	rime-fast-xhup	legacy-compatible
便	bm	rg	40	rime-fast-xhup	legacy-compatible
便	pm	rg	17	rime-fast-xhup	legacy-compatible
係	xi	rx	28	rime-fast-xhup	legacy-compatible
促	cu	rr	23	rime-fast-xhup	legacy-compatible
俄	ee	rw	37	rime-fast-xhup	legacy-compatible
俅	qq	rq	3	rime-fast-xhup	legacy-compatible
俊	jy	rw	26	rime-fast-xhup	legacy-compatible
俍	ll	rl	1	rime-fast-xhup	legacy-compatible
俎	zu	rq	6	rime-fast-xhup	legacy-compatible
俏	qn	ro	15	rime-fast-xhup	legacy-compatible
俏	xn	ro	0	rime-fast-xhup	legacy-compatible
俐	li	rd	12	rime-fast-xhup	legacy-compatible
俑	ys	ry	9	rime-fast-xhup	legacy-compatible
俗	su	rk	23	rime-fast-xhup	legacy-compatible
俘	fu	rz	8	rime-fast-xhup	legacy-compatible
俙	xi	rj	0	rime-fast-xhup	legacy-compatible
俚	li	rl	6	rime-fast-xhup	legacy-compatible
俜	pk	rv	1	rime-fast-xhup	legacy-compatible
保	bc	rm	30	rime-fast-xhup	legacy-compatible
俞	uu	rd	17	rime-fast-xhup	legacy-compatible
俞	yu	rd	17	rime-fast-xhup	legacy-compatible
俟	qi	ru	2	rime-fast-xhup	legacy-compatible
俟	si	ru	8	rime-fast-xhup	legacy-compatible
信	uf	rk	0	rime-fast-xhup	legacy-compatible
信	xb	rk	37	rime-fast-xhup	legacy-compatible
俣	yu	rt	3	rime-fast-xhup	legacy-compatible
俤	di	rp	2	rime-fast-xhup	legacy-compatible
俦	iz	rc	5	rime-fast-xhup	legacy-compatible
俨	yj	ry	6	rime-fast-xhup	legacy-compatible
俩	ll	rl	17	rime-fast-xhup	legacy-compatible
俩	lx	rl	31	rime-fast-xhup	legacy-compatible
俪	li	rl	9	rime-fast-xhup	legacy-compatible
俫	ld	rl	0	rime-fast-xhup	legacy-compatible
俭	jm	ra	13	rime-fast-xhup	legacy-compatible
修	xq	rp	33	rime-fast-xhup	legacy-compatible
俯	fu	rc	12	rime-fast-xhup	legacy-compatible
俱	ju	rb	21	rime-fast-xhup	legacy-compatible
俳	pd	rf	4	rime-fast-xhup	legacy-compatible
俵	bn	ry	2	rime-fast-xhup	legacy-compatible
俶	iu	ry	3	rime-fast-xhup	legacy-compatible
俶	ti	ry	3	rime-fast-xhup	legacy-compatible
俸	fg	rl	7	rime-fast-xhup	legacy-compatible
俺	an	rd	41	rime-fast-xhup	legacy-compatible
俾	bi	ru	24	rime-fast-xhup	legacy-compatible
倌	gr	rk	7	rime-fast-xhup	legacy-compatible
倍	bw	rk	28	rime-fast-xhup	legacy-compatible
倏	uu	rq	7	rime-fast-xhup	legacy-compatible
倒	dc	rd	39	rime-fast-xhup	legacy-compatible
倓	tj	rh	3	rime-fast-xhup	legacy-compatible
倔	jt	ri	11	rime-fast-xhup	legacy-compatible
倕	iv	ri	0	rime-fast-xhup	legacy-compatible
倖	xk	rg	1	rime-fast-xhup	legacy-compatible
倘	ih	rk	2	rime-fast-xhup	legacy-compatible
倘	th	rk	12	rime-fast-xhup	legacy-compatible
候	hz	ru	20	rime-fast-xhup	legacy-compatible
倚	yi	rk	18	rime-fast-xhup	legacy-compatible
倜	ti	rk	5	rime-fast-xhup	legacy-compatible
倞	jk	rx	1	rime-fast-xhup	legacy-compatible
倞	ll	rx	1	rime-fast-xhup	legacy-compatible
借	jp	ro	34	rime-fast-xhup	legacy-compatible
倡	ih	ro	9	rime-fast-xhup	legacy-compatible
倥	ks	rg	3	rime-fast-xhup	legacy-compatible
倦	jr	rv	14	rime-fast-xhup	legacy-compatible
倧	zs	rx	2	rime-fast-xhup	legacy-compatible
倨	ju	rk	4	rime-fast-xhup	legacy-compatible
倩	qm	ro	18	rime-fast-xhup	legacy-compatible
倪	ni	re	20	rime-fast-xhup	legacy-compatible
倬	vo	ru	6	rime-fast-xhup	legacy-compatible
倭	wo	rn	11	rime-fast-xhup	legacy-compatible
倭	ww	rn	0	rime-fast-xhup	legacy-compatible
倮	lo	rg	5	rime-fast-xhup	legacy-compatible
倴	bf	rc	0	rime-fast-xhup	legacy-compatible
债	vd	rr	20	rime-fast-xhup	legacy-compatible
倻	ye	re	2	rime-fast-xhup	legacy-compatible
值	vi	rq	36	rime-fast-xhup	legacy-compatible
倾	qk	rr	22	rime-fast-xhup	legacy-compatible
偁	if	rr	0	rime-fast-xhup	legacy-compatible
偁	ig	rr	3	rime-fast-xhup	legacy-compatible
偃	yj	rn	9	rime-fast-xhup	legacy-compatible
假	jx	ry	35	rime-fast-xhup	legacy-compatible
偈	ji	rv	8	rime-fast-xhup	legacy-compatible
偈	jp	rv	4	rime-fast-xhup	legacy-compatible
偌	ro	rk	6	rime-fast-xhup	legacy-compatible
偎	ww	rn	9	rime-fast-xhup	legacy-compatible
偏	pm	rc	28	rime-fast-xhup	legacy-compatible
偓	wo	rt	5	rime-fast-xhup	legacy-compatible
偕	xp	rb	10	rime-fast-xhup	legacy-compatible
做	zo	rw	61	rime-fast-xhup	legacy-compatible
停	tk	rd	32	rime-fast-xhup	legacy-compatible
偡	vj	rv	1	rime-fast-xhup	legacy-compatible
健	jm	rz	24	rime-fast-xhup	legacy-compatible
偬	zs	rx	3	rime-fast-xhup	legacy-compatible
偭	mm	rm	1	rime-fast-xhup	legacy-compatible
偰	xp	rd	3	rime-fast-xhup	legacy-compatible
偲	cd	rx	3	rime-fast-xhup	legacy-compatible
偲	si	rx	3	rime-fast-xhup	legacy-compatible
偶	ou	ry	44	rime-fast-xhup	legacy-compatible
偷	tz	rd	29	rime-fast-xhup	legacy-compatible
偻	lv	rn	1	rime-fast-xhup	legacy-compatible
偻	lz	rn	2	rime-fast-xhup	legacy-compatible
偾	ff	rr	0	rime-fast-xhup	legacy-compatible
偿	ih	rs	12	rime-fast-xhup	legacy-compatible
傀	gv	rg	0	rime-fast-xhup	legacy-compatible
傀	kv	rg	3	rime-fast-xhup	legacy-compatible
傃	su	rx	2	rime-fast-xhup	legacy-compatible
傅	fu	rc	22	rime-fast-xhup	legacy-compatible
傈	li	rm	10	rime-fast-xhup	legacy-compatible
傉	nu	rc	0	rime-fast-xhup	legacy-compatible
傍	bh	rf	17	rime-fast-xhup	legacy-compatible
傒	xi	rd	3	rime-fast-xhup	legacy-compatible
傕	jt	rf	4	rime-fast-xhup	legacy-compatible
傕	qt	rf	0	rime-fast-xhup	legacy-compatible
傣	dd	ru	7	rime-fast-xhup	legacy-compatible
傥	th	re	3	rime-fast-xhup	legacy-compatible
傧	bb	rb	2	rime-fast-xhup	legacy-compatible
储	iu	ro	18	rime-fast-xhup	legacy-compatible
傩	no	rf	7	rime-fast-xhup	legacy-compatible
催	cv	rf	26	rime-fast-xhup	legacy-compatible
傲	ao	rw	18	rime-fast-xhup	legacy-compatible
傺	ii	rx	2	rime-fast-xhup	legacy-compatible
傻	ua	rw	34	rime-fast-xhup	legacy-compatible
僇	lu	rp	1	rime-fast-xhup	legacy-compatible
僎	vr	rb	0	rime-fast-xhup	legacy-compatible
像	xl	rn	47	rime-fast-xhup	legacy-compatible
僔	zy	rc	1	rime-fast-xhup	legacy-compatible
僖	xi	rk	6	rime-fast-xhup	legacy-compatible
僚	ln	rx	9	rime-fast-xhup	legacy-compatible
僝	ij	rz	1	rime-fast-xhup	legacy-compatible
僦	jq	ry	7	rime-fast-xhup	legacy-compatible
僧	sg	ro	19	rime-fast-xhup	legacy-compatible
僬	jn	rh	0	rime-fast-xhup	legacy-compatible
僭	jm	ro	0	rime-fast-xhup	legacy-compatible
僮	ts	rl	4	rime-fast-xhup	legacy-compatible
僮	vl	rl	3	rime-fast-xhup	legacy-compatible
僰	bo	ar	3	rime-fast-xhup	legacy-compatible
僳	su	rm	4	rime-fast-xhup	legacy-compatible
僵	jl	ra	15	rime-fast-xhup	legacy-compatible
僻	pi	ru	9	rime-fast-xhup	legacy-compatible
儆	jk	rw	4	rime-fast-xhup	legacy-compatible
儇	xr	ry	4	rime-fast-xhup	legacy-compatible
儋	dj	rk	6	rime-fast-xhup	legacy-compatible
儒	ru	re	20	rime-fast-xhup	legacy-compatible
儡	lw	rt	2	rime-fast-xhup	legacy-compatible
儦	bn	rh	1	rime-fast-xhup	legacy-compatible
儳	ij	rd	3	rime-fast-xhup	legacy-compatible
儴	rh	ry	0	rime-fast-xhup	legacy-compatible
儴	xl	ry	3	rime-fast-xhup	legacy-compatible
儿	er	pv	40	rime-fast-xhup	legacy-compatible
兀	wu	ae	11	rime-fast-xhup	legacy-compatible
允	yy	se	17	rime-fast-xhup	legacy-compatible
元	yr	ee	46	rime-fast-xhup	legacy-compatible
兄	xs	ke	27	rime-fast-xhup	legacy-compatible
充	is	we	27	rime-fast-xhup	legacy-compatible
兆	vc	ed	23	rime-fast-xhup	legacy-compatible
先	xm	ne	55	rime-fast-xhup	legacy-compatible
光	gl	xe	38	rime-fast-xhup	legacy-compatible
光	gl	xw	38	rime-fast-xhup	legacy-compatible
克	ke	ue	34	rime-fast-xhup	legacy-compatible
免	mm	dv	27	rime-fast-xhup	legacy-compatible
兑	dv	be	16	rime-fast-xhup	legacy-compatible
兑	rv	be	0	rime-fast-xhup	legacy-compatible
兑	yt	be	0	rime-fast-xhup	legacy-compatible
兔	tu	dd	23	rime-fast-xhup	legacy-compatible
兕	si	ae	4	rime-fast-xhup	legacy-compatible
兖	yj	we	4	rime-fast-xhup	legacy-compatible
党	dh	xe	30	rime-fast-xhup	legacy-compatible
兜	dz	ke	19	rime-fast-xhup	legacy-compatible
兜	dz	pe	19	rime-fast-xhup	legacy-compatible
兢	jk	ue	7	rime-fast-xhup	legacy-compatible
入	ru	pn	37	rime-fast-xhup	legacy-compatible
全	qr	rw	44	rime-fast-xhup	legacy-compatible
八	ba	pn	33	rime-fast-xhup	legacy-compatible
公	gs	bs	31	rime-fast-xhup	legacy-compatible
六	lq	wb	35	rime-fast-xhup	legacy-compatible
六	lu	wb	2	rime-fast-xhup	legacy-compatible
兮	xi	bv	21	rime-fast-xhup	legacy-compatible
兰	lj	bs	30	rime-fast-xhup	legacy-compatible
共	gs	cb	36	rime-fast-xhup	legacy-compatible
关	gr	bt	37	rime-fast-xhup	legacy-compatible
兴	xk	xb	28	rime-fast-xhup	legacy-compatible
兵	bk	ib	31	rime-fast-xhup	legacy-compatible
兵	bk	qb	31	rime-fast-xhup	legacy-compatible
其	ji	qb	5	rime-fast-xhup	legacy-compatible
其	qi	qb	51	rime-fast-xhup	legacy-compatible
具	ju	qb	26	rime-fast-xhup	legacy-compatible
典	dm	lb	19	rime-fast-xhup	legacy-compatible
典	dm	qb	19	rime-fast-xhup	legacy-compatible
兹	ci	by	8	rime-fast-xhup	legacy-compatible
兹	zi	by	20	rime-fast-xhup	legacy-compatible
养	yh	yl	34	rime-fast-xhup	legacy-compatible
兼	jm	bn	28	rime-fast-xhup	legacy-compatible
兽	uz	bk	22	rime-fast-xhup	legacy-compatible
冀	ji	bb	16	rime-fast-xhup	legacy-compatible
冀	ji	lb	16	rime-fast-xhup	legacy-compatible
冁	ij	bn	1	rime-fast-xhup	legacy-compatible
内	na	kr	0	rime-fast-xhup	legacy-compatible
内	na	ld	0	rime-fast-xhup	legacy-compatible
内	nw	kr	48	rime-fast-xhup	legacy-compatible
内	nw	ld	48	rime-fast-xhup	legacy-compatible
冇	mc	uk	0	rime-fast-xhup	legacy-compatible
冈	gh	kx	15	rime-fast-xhup	legacy-compatible
冉	rj	la	16	rime-fast-xhup	legacy-compatible
册	ce	ka	21	rime-fast-xhup	legacy-compatible
册	ce	pa	21	rime-fast-xhup	legacy-compatible
再	zd	ar	58	rime-fast-xhup	legacy-compatible
冏	js	kk	5	rime-fast-xhup	legacy-compatible
冒	mc	ko	28	rime-fast-xhup	legacy-compatible
冒	mc	oo	28	rime-fast-xhup	legacy-compatible
冒	mo	ko	2	rime-fast-xhup	legacy-compatible
冒	mo	oo	2	rime-fast-xhup	legacy-compatible
冔	xu	ky	0	rime-fast-xhup	legacy-compatible
冔	xu	oy	0	rime-fast-xhup	legacy-compatible
冕	mm	kv	9	rime-fast-xhup	legacy-compatible
冕	mm	ov	9	rime-fast-xhup	legacy-compatible
冗	rs	bj	6	rime-fast-xhup	legacy-compatible
写	xp	by	48	rime-fast-xhup	legacy-compatible
军	jy	bi	32	rime-fast-xhup	legacy-compatible
农	ns	dn	26	rime-fast-xhup	legacy-compatible
冠	gr	bc	23	rime-fast-xhup	legacy-compatible
冢	vs	bn	13	rime-fast-xhup	legacy-compatible
冤	yr	bd	17	rime-fast-xhup	legacy-compatible
冥	mk	bb	16	rime-fast-xhup	legacy-compatible
冬	ds	wd	25	rime-fast-xhup	legacy-compatible
冮	gh	dg	0	rime-fast-xhup	legacy-compatible
冯	fg	dm	26	rime-fast-xhup	legacy-compatible
冯	pk	dm	0	rime-fast-xhup	legacy-compatible
冰	bk	du	31	rime-fast-xhup	legacy-compatible
冱	hu	dh	0	rime-fast-xhup	legacy-compatible
冲	is	dv	35	rime-fast-xhup	legacy-compatible
决	jt	dg	20	rime-fast-xhup	legacy-compatible
况	kl	de	16	rime-fast-xhup	legacy-compatible
冶	ye	dk	15	rime-fast-xhup	legacy-compatible
冷	lg	ds	33	rime-fast-xhup	legacy-compatible
冻	ds	dd	20	rime-fast-xhup	legacy-compatible
冼	xm	de	11	rime-fast-xhup	legacy-compatible
冽	lp	dd	8	rime-fast-xhup	legacy-compatible
净	ig	dl	0	rime-fast-xhup	legacy-compatible
净	jk	dl	27	rime-fast-xhup	legacy-compatible
凃	tu	dh	0	rime-fast-xhup	legacy-compatible
凄	qi	dn	10	rime-fast-xhup	legacy-compatible
准	vy	df	30	rime-fast-xhup	legacy-compatible
凇	ss	ds	0	rime-fast-xhup	legacy-compatible
凉	ll	dx	25	rime-fast-xhup	legacy-compatible
凋	dn	dk	13	rime-fast-xhup	legacy-compatible
凌	lk	dw	24	rime-fast-xhup	legacy-compatible
减	jm	dk	26	rime-fast-xhup	legacy-compatible
凑	cz	dt	24	rime-fast-xhup	legacy-compatible
凓	li	dm	0	rime-fast-xhup	legacy-compatible
凘	si	dj	0	rime-fast-xhup	legacy-compatible
凛	lb	dx	10	rime-fast-xhup	legacy-compatible
凝	nk	dr	21	rime-fast-xhup	legacy-compatible
几	ji	pv	40	rime-fast-xhup	legacy-compatible
凡	fj	jd	30	rime-fast-xhup	legacy-compatible
凤	fg	jy	26	rime-fast-xhup	legacy-compatible
凫	fu	nj	6	rime-fast-xhup	legacy-compatible
凫	fu	pj	6	rime-fast-xhup	legacy-compatible
凭	pk	rj	27	rime-fast-xhup	legacy-compatible
凯	kd	ej	25	rime-fast-xhup	legacy-compatible
凰	hl	jw	10	rime-fast-xhup	legacy-compatible
凳	dg	bj	11	rime-fast-xhup	legacy-compatible
凳	dg	vj	11	rime-fast-xhup	legacy-compatible
凶	xs	xk	23	rime-fast-xhup	legacy-compatible
凸	tu	ja	18	rime-fast-xhup	legacy-compatible
凸	tu	la	18	rime-fast-xhup	legacy-compatible
凹	ao	la	17	rime-fast-xhup	legacy-compatible
凹	wa	la	0	rime-fast-xhup	legacy-compatible
出	iu	vk	51	rime-fast-xhup	legacy-compatible
击	ji	ak	21	rime-fast-xhup	legacy-compatible
凼	dh	uk	6	rime-fast-xhup	legacy-compatible
函	hj	lk	20	rime-fast-xhup	legacy-compatible
凿	zc	yk	13	rime-fast-xhup	legacy-compatible
刀	dc	vp	32	rime-fast-xhup	legacy-compatible
刁	dn	va	15	rime-fast-xhup	legacy-compatible
刃	rf	dd	17	rime-fast-xhup	legacy-compatible
分	ff	bd	45	rime-fast-xhup	legacy-compatible
切	qp	qd	36	rime-fast-xhup	legacy-compatible
刈	yi	xd	7	rime-fast-xhup	legacy-compatible
刊	kj	gd	17	rime-fast-xhup	legacy-compatible
刍	iu	de	7	rime-fast-xhup	legacy-compatible
刎	wf	wd	9	rime-fast-xhup	legacy-compatible
刑	xk	kd	19	rime-fast-xhup	legacy-compatible
划	hk	gd	1	rime-fast-xhup	legacy-compatible
划	hx	gd	23	rime-fast-xhup	legacy-compatible
刖	yt	od	3	rime-fast-xhup	legacy-compatible
列	lp	dd	33	rime-fast-xhup	legacy-compatible
刘	lq	wd	37	rime-fast-xhup	legacy-compatible
则	ze	bd	45	rime-fast-xhup	legacy-compatible
则	ze	kd	45	rime-fast-xhup	legacy-compatible
刚	gh	kd	46	rime-fast-xhup	legacy-compatible
创	il	rd	27	rime-fast-xhup	legacy-compatible
初	iu	pd	31	rime-fast-xhup	legacy-compatible
删	uj	cd	30	rime-fast-xhup	legacy-compatible
判	pj	bd	22	rime-fast-xhup	legacy-compatible
刨	bc	bd	4	rime-fast-xhup	legacy-compatible
刨	pc	bd	14	rime-fast-xhup	legacy-compatible
利	li	hd	31	rime-fast-xhup	legacy-compatible
别	bp	kd	50	rime-fast-xhup	legacy-compatible
刬	ij	jd	0	rime-fast-xhup	legacy-compatible
刭	jk	vd	3	rime-fast-xhup	legacy-compatible
刮	gx	qd	22	rime-fast-xhup	legacy-compatible
刮	gx	ud	22	rime-fast-xhup	legacy-compatible
到	dc	ad	68	rime-fast-xhup	legacy-compatible
到	dc	vd	68	rime-fast-xhup	legacy-compatible
刳	ku	dd	5	rime-fast-xhup	legacy-compatible
制	vi	pd	31	rime-fast-xhup	legacy-compatible
刷	ux	ud	39	rime-fast-xhup	legacy-compatible
券	qr	jd	21	rime-fast-xhup	legacy-compatible
券	xr	jd	3	rime-fast-xhup	legacy-compatible
刹	ia	xd	4	rime-fast-xhup	legacy-compatible
刹	ua	xd	13	rime-fast-xhup	legacy-compatible
刺	ci	ad	23	rime-fast-xhup	legacy-compatible
刻	ke	wd	26	rime-fast-xhup	legacy-compatible
刽	gv	rd	1	rime-fast-xhup	legacy-compatible
刿	gv	ed	5	rime-fast-xhup	legacy-compatible
刿	gv	ud	5	rime-fast-xhup	legacy-compatible
剀	kd	ed	5	rime-fast-xhup	legacy-compatible
剁	do	jd	14	rime-fast-xhup	legacy-compatible
剂	ji	wd	24	rime-fast-xhup	legacy-compatible
剃	ti	bd	14	rime-fast-xhup	legacy-compatible
剅	lz	ad	0	rime-fast-xhup	legacy-compatible
剅	lz	dd	0	rime-fast-xhup	legacy-compatible
削	xn	xd	15	rime-fast-xhup	legacy-compatible
削	xt	xd	11	rime-fast-xhup	legacy-compatible
剋	ke	kd	2	rime-fast-xhup	legacy-compatible
剋	ke	ud	2	rime-fast-xhup	legacy-compatible
剋	kw	kd	0	rime-fast-xhup	legacy-compatible
剋	kw	ud	0	rime-fast-xhup	legacy-compatible
剌	la	ud	11	rime-fast-xhup	legacy-compatible
前	qm	bd	49	rime-fast-xhup	legacy-compatible
剐	gx	kd	9	rime-fast-xhup	legacy-compatible
剑	jm	rd	32	rime-fast-xhup	legacy-compatible
剔	ti	od	11	rime-fast-xhup	legacy-compatible
剕	fw	fd	1	rime-fast-xhup	legacy-compatible
剖	pz	ld	13	rime-fast-xhup	legacy-compatible
剜	wj	bd	8	rime-fast-xhup	legacy-compatible
剞	ji	dd	0	rime-fast-xhup	legacy-compatible
剟	do	yd	9	rime-fast-xhup	legacy-compatible
剡	uj	hd	3	rime-fast-xhup	legacy-compatible
剡	yj	hd	3	rime-fast-xhup	legacy-compatible
剥	bc	ed	3	rime-fast-xhup	legacy-compatible
剥	bo	ed	17	rime-fast-xhup	legacy-compatible
剧	ju	ud	26	rime-fast-xhup	legacy-compatible
剩	ug	qd	23	rime-fast-xhup	legacy-compatible
剪	jm	bd	24	rime-fast-xhup	legacy-compatible
副	fu	ad	41	rime-fast-xhup	legacy-compatible
割	ge	bd	23	rime-fast-xhup	legacy-compatible
剽	pn	xd	5	rime-fast-xhup	legacy-compatible
剿	ic	vd	1	rime-fast-xhup	legacy-compatible
剿	jn	vd	7	rime-fast-xhup	legacy-compatible
劁	qn	rd	2	rime-fast-xhup	legacy-compatible
劂	jt	id	2	rime-fast-xhup	legacy-compatible
劄	va	vd	1	rime-fast-xhup	legacy-compatible
劈	pi	ud	16	rime-fast-xhup	legacy-compatible
劐	ho	cd	1	rime-fast-xhup	legacy-compatible
劓	yi	zd	0	rime-fast-xhup	legacy-compatible
力	li	vp	35	rime-fast-xhup	legacy-compatible
劝	qr	yl	25	rime-fast-xhup	legacy-compatible
办	bj	ld	41	rime-fast-xhup	legacy-compatible
功	gs	gl	25	rime-fast-xhup	legacy-compatible
加	jx	lk	49	rime-fast-xhup	legacy-compatible
务	wu	wl	20	rime-fast-xhup	legacy-compatible
劢	md	wl	9	rime-fast-xhup	legacy-compatible
劣	lp	ul	14	rime-fast-xhup	legacy-compatible
动	ds	el	36	rime-fast-xhup	legacy-compatible
动	ds	yl	36	rime-fast-xhup	legacy-compatible
助	iu	ql	0	rime-fast-xhup	legacy-compatible
助	vu	ql	23	rime-fast-xhup	legacy-compatible
努	nu	nl	16	rime-fast-xhup	legacy-compatible
劫	jp	ql	19	rime-fast-xhup	legacy-compatible
劫	jp	tl	19	rime-fast-xhup	legacy-compatible
劬	qu	bl	2	rime-fast-xhup	legacy-compatible
劬	qu	jl	2	rime-fast-xhup	legacy-compatible
劭	uc	dl	7	rime-fast-xhup	legacy-compatible
励	li	il	13	rime-fast-xhup	legacy-compatible
劲	jb	vl	25	rime-fast-xhup	legacy-compatible
劲	jk	vl	18	rime-fast-xhup	legacy-compatible
劳	lc	cl	21	rime-fast-xhup	legacy-compatible
劼	jp	ul	5	rime-fast-xhup	legacy-compatible
劾	he	wl	5	rime-fast-xhup	legacy-compatible
势	ui	fl	21	rime-fast-xhup	legacy-compatible
勃	bo	ul	15	rime-fast-xhup	legacy-compatible
勇	ys	sl	25	rime-fast-xhup	legacy-compatible
勉	mm	dl	11	rime-fast-xhup	legacy-compatible
勋	xy	kl	17	rime-fast-xhup	legacy-compatible
勍	qk	wl	2	rime-fast-xhup	legacy-compatible
勐	mg	zl	8	rime-fast-xhup	legacy-compatible
勒	le	gl	28	rime-fast-xhup	legacy-compatible
勒	le	nl	28	rime-fast-xhup	legacy-compatible
勒	lw	gl	10	rime-fast-xhup	legacy-compatible
勒	lw	nl	10	rime-fast-xhup	legacy-compatible
勔	mm	ml	0	rime-fast-xhup	legacy-compatible
勖	xu	kl	6	rime-fast-xhup	legacy-compatible
勖	xu	ol	6	rime-fast-xhup	legacy-compatible
勘	kj	ql	11	rime-fast-xhup	legacy-compatible
勚	yi	ul	0	rime-fast-xhup	legacy-compatible
募	mu	cl	14	rime-fast-xhup	legacy-compatible
勠	lu	xl	0	rime-fast-xhup	legacy-compatible
勤	qb	nl	23	rime-fast-xhup	legacy-compatible
勰	xp	lx	4	rime-fast-xhup	legacy-compatible
勺	uc	bd	16	rime-fast-xhup	legacy-compatible
勾	gz	bs	22	rime-fast-xhup	legacy-compatible
勿	wu	bp	22	rime-fast-xhup	legacy-compatible
匀	yy	bd	15	rime-fast-xhup	legacy-compatible
包	bc	bs	40	rime-fast-xhup	legacy-compatible
匆	cs	bd	6	rime-fast-xhup	legacy-compatible
匈	xs	bk	7	rime-fast-xhup	legacy-compatible
匍	pu	bf	3	rime-fast-xhup	legacy-compatible
匏	pc	ds	3	rime-fast-xhup	legacy-compatible
匐	fu	bt	4	rime-fast-xhup	legacy-compatible
匕	bi	pv	6	rime-fast-xhup	legacy-compatible
化	hx	rb	38	rime-fast-xhup	legacy-compatible
北	bw	lb	33	rime-fast-xhup	legacy-compatible
匙	ii	ob	6	rime-fast-xhup	legacy-compatible
匙	ui	ob	10	rime-fast-xhup	legacy-compatible
匜	yi	ky	0	rime-fast-xhup	legacy-compatible
匝	za	kj	11	rime-fast-xhup	legacy-compatible
匠	jl	kj	14	rime-fast-xhup	legacy-compatible
匡	kl	kw	14	rime-fast-xhup	legacy-compatible
匣	xx	kj	12	rime-fast-xhup	legacy-compatible
匦	gv	kj	3	rime-fast-xhup	legacy-compatible
匪	fw	kf	16	rime-fast-xhup	legacy-compatible
匮	gv	kb	0	rime-fast-xhup	legacy-compatible
匮	gv	kr	0	rime-fast-xhup	legacy-compatible
匮	kv	kr	7	rime-fast-xhup	legacy-compatible
匹	pi	ke	16	rime-fast-xhup	legacy-compatible
区	ou	kx	5	rime-fast-xhup	legacy-compatible
区	qu	kx	44	rime-fast-xhup	legacy-compatible
医	yi	ku	23	rime-fast-xhup	legacy-compatible
匼	ke	kk	1	rime-fast-xhup	legacy-compatible
匼	qx	kk	0	rime-fast-xhup	legacy-compatible
匾	bm	kc	10	rime-fast-xhup	legacy-compatible
匿	ni	kk	11	rime-fast-xhup	legacy-compatible
十	ui	al	32	rime-fast-xhup	legacy-compatible
千	qm	pu	31	rime-fast-xhup	legacy-compatible
卅	sa	al	11	rime-fast-xhup	legacy-compatible
卅	sa	pa	11	rime-fast-xhup	legacy-compatible
升	ug	pc	33	rime-fast-xhup	legacy-compatible
午	wu	pg	20	rime-fast-xhup	legacy-compatible
午	wu	rg	20	rime-fast-xhup	legacy-compatible
卉	hv	uc	12	rime-fast-xhup	legacy-compatible
半	bj	dl	38	rime-fast-xhup	legacy-compatible
卌	xi	al	1	rime-fast-xhup	legacy-compatible
卍	wj	vv	1	rime-fast-xhup	legacy-compatible
华	hx	ru	34	rime-fast-xhup	legacy-compatible
协	xp	ub	20	rime-fast-xhup	legacy-compatible
卑	bw	pu	16	rime-fast-xhup	legacy-compatible
卒	cu	wu	2	rime-fast-xhup	legacy-compatible
卒	zu	wu	15	rime-fast-xhup	legacy-compatible
卓	vo	lu	22	rime-fast-xhup	legacy-compatible
单	dj	bl	38	rime-fast-xhup	legacy-compatible
单	ij	bl	3	rime-fast-xhup	legacy-compatible
单	uj	bl	7	rime-fast-xhup	legacy-compatible
卖	md	ud	47	rime-fast-xhup	legacy-compatible
南	na	ug	1	rime-fast-xhup	legacy-compatible
南	nj	ug	34	rime-fast-xhup	legacy-compatible
博	bo	uc	31	rime-fast-xhup	legacy-compatible
卜	bo	ld	13	rime-fast-xhup	legacy-compatible
卜	bu	ld	17	rime-fast-xhup	legacy-compatible
卞	bm	dx	13	rime-fast-xhup	legacy-compatible
卞	bm	wd	13	rime-fast-xhup	legacy-compatible
卟	bu	kb	11	rime-fast-xhup	legacy-compatible
占	vj	lk	37	rime-fast-xhup	legacy-compatible
卡	ka	ub	46	rime-fast-xhup	legacy-compatible
卡	qx	ub	8	rime-fast-xhup	legacy-compatible
卢	lu	lu	25	rime-fast-xhup	legacy-compatible
卣	yz	la	4	rime-fast-xhup	legacy-compatible
卤	lu	lx	13	rime-fast-xhup	legacy-compatible
卦	gx	tb	18	rime-fast-xhup	legacy-compatible
卧	wo	ib	18	rime-fast-xhup	legacy-compatible
卫	ww	va	25	rime-fast-xhup	legacy-compatible
卬	ah	ke	0	rime-fast-xhup	legacy-compatible
卬	ah	pe	0	rime-fast-xhup	legacy-compatible
卬	yh	ke	2	rime-fast-xhup	legacy-compatible
卬	yh	pe	2	rime-fast-xhup	legacy-compatible
卮	vi	iv	0	rime-fast-xhup	legacy-compatible
卮	vi	pv	0	rime-fast-xhup	legacy-compatible
卯	mc	pe	12	rime-fast-xhup	legacy-compatible
印	yb	ke	28	rime-fast-xhup	legacy-compatible
印	yb	pe	28	rime-fast-xhup	legacy-compatible
危	ww	dv	17	rime-fast-xhup	legacy-compatible
即	ji	ge	41	rime-fast-xhup	legacy-compatible
却	qt	qe	49	rime-fast-xhup	legacy-compatible
却	qt	te	49	rime-fast-xhup	legacy-compatible
卵	lr	pd	20	rime-fast-xhup	legacy-compatible
卷	jr	jv	29	rime-fast-xhup	legacy-compatible
卸	xp	re	17	rime-fast-xhup	legacy-compatible
卸	xp	we	17	rime-fast-xhup	legacy-compatible
卺	jb	lv	2	rime-fast-xhup	legacy-compatible
卻	qt	be	0	rime-fast-xhup	legacy-compatible
卿	qk	pe	20	rime-fast-xhup	legacy-compatible
厂	an	ap	1	rime-fast-xhup	legacy-compatible
厂	ih	ap	32	rime-fast-xhup	legacy-compatible
厄	ee	iv	26	rime-fast-xhup	legacy-compatible
厅	tk	id	26	rime-fast-xhup	legacy-compatible
历	li	il	19	rime-fast-xhup	legacy-compatible
厉	li	iw	17	rime-fast-xhup	legacy-compatible
压	ya	id	30	rime-fast-xhup	legacy-compatible
厌	yj	iq	15	rime-fast-xhup	legacy-compatible
厍	ue	ii	3	rime-fast-xhup	legacy-compatible
厕	ce	id	11	rime-fast-xhup	legacy-compatible
厖	mh	id	6	rime-fast-xhup	legacy-compatible
厘	li	il	14	rime-fast-xhup	legacy-compatible
厚	hz	iz	28	rime-fast-xhup	legacy-compatible
厝	co	io	8	rime-fast-xhup	legacy-compatible
原	yr	ix	37	rime-fast-xhup	legacy-compatible
厢	xl	io	14	rime-fast-xhup	legacy-compatible
厣	yj	ij	0	rime-fast-xhup	legacy-compatible
厥	jt	ir	10	rime-fast-xhup	legacy-compatible
厦	ua	iw	11	rime-fast-xhup	legacy-compatible
厦	xx	iw	13	rime-fast-xhup	legacy-compatible
厨	iu	ic	14	rime-fast-xhup	legacy-compatible
厩	jq	iv	6	rime-fast-xhup	legacy-compatible
厮	si	ij	9	rime-fast-xhup	legacy-compatible
去	qu	ts	69	rime-fast-xhup	legacy-compatible
厾	du	vs	0	rime-fast-xhup	legacy-compatible
县	xm	qs	14	rime-fast-xhup	legacy-compatible
县	xr	qs	3	rime-fast-xhup	legacy-compatible
叁	sj	ss	16	rime-fast-xhup	legacy-compatible
参	cf	sp	3	rime-fast-xhup	legacy-compatible
参	cj	sp	21	rime-fast-xhup	legacy-compatible
参	sj	sp	0	rime-fast-xhup	legacy-compatible
参	uf	sp	9	rime-fast-xhup	legacy-compatible
叆	ai	ey	0	rime-fast-xhup	legacy-compatible
叆	ai	yy	0	rime-fast-xhup	legacy-compatible
叇	dd	ez	0	rime-fast-xhup	legacy-compatible
叇	dd	yz	0	rime-fast-xhup	legacy-compatible
又	yz	vn	59	rime-fast-xhup	legacy-compatible
叉	ia	yd	20	rime-fast-xhup	legacy-compatible
及	ji	pn	54	rime-fast-xhup	legacy-compatible
友	yz	uy	30	rime-fast-xhup	legacy-compatible
双	ul	yy	35	rime-fast-xhup	legacy-compatible
反	fj	iy	34	rime-fast-xhup	legacy-compatible
反	fj	py	34	rime-fast-xhup	legacy-compatible
发	fa	vd	53	rime-fast-xhup	legacy-compatible
叒	ro	yy	1	rime-fast-xhup	legacy-compatible
叔	uu	uy	22	rime-fast-xhup	legacy-compatible
叕	jt	yy	0	rime-fast-xhup	legacy-compatible
叕	li	yy	0	rime-fast-xhup	legacy-compatible
叕	vo	yy	0	rime-fast-xhup	legacy-compatible
叕	yi	yy	0	rime-fast-xhup	legacy-compatible
取	qu	ey	40	rime-fast-xhup	legacy-compatible
受	uz	py	40	rime-fast-xhup	legacy-compatible
受	uz	vy	40	rime-fast-xhup	legacy-compatible
变	bm	wy	39	rime-fast-xhup	legacy-compatible
叙	xu	ry	16	rime-fast-xhup	legacy-compatible
叚	jx	vy	0	rime-fast-xhup	legacy-compatible
叚	xx	vy	0	rime-fast-xhup	legacy-compatible
叛	pj	by	11	rime-fast-xhup	legacy-compatible
叟	sz	py	10	rime-fast-xhup	legacy-compatible
叠	dp	yq	19	rime-fast-xhup	legacy-compatible
叡	rv	ly	0	rime-fast-xhup	legacy-compatible
口	kz	la	35	rime-fast-xhup	legacy-compatible
古	gu	uk	30	rime-fast-xhup	legacy-compatible
句	gz	bk	0	rime-fast-xhup	legacy-compatible
句	ju	bk	30	rime-fast-xhup	legacy-compatible
另	lk	kl	37	rime-fast-xhup	legacy-compatible
叨	dc	kd	9	rime-fast-xhup	legacy-compatible
叨	tc	kd	1	rime-fast-xhup	legacy-compatible
叩	kz	ke	12	rime-fast-xhup	legacy-compatible
只	vi	kb	48	rime-fast-xhup	legacy-compatible
叫	jn	kl	51	rime-fast-xhup	legacy-compatible
召	uc	dk	3	rime-fast-xhup	legacy-compatible
召	vc	dk	18	rime-fast-xhup	legacy-compatible
叭	ba	kb	11	rime-fast-xhup	legacy-compatible
叮	dk	kd	14	rime-fast-xhup	legacy-compatible
可	ke	dk	53	rime-fast-xhup	legacy-compatible
台	td	sk	39	rime-fast-xhup	legacy-compatible
叱	ii	kb	9	rime-fast-xhup	legacy-compatible
史	ui	ln	29	rime-fast-xhup	legacy-compatible
右	yz	uk	29	rime-fast-xhup	legacy-compatible
叵	po	kk	5	rime-fast-xhup	legacy-compatible
叶	xp	ku	1	rime-fast-xhup	legacy-compatible
叶	ye	ku	33	rime-fast-xhup	legacy-compatible
号	hc	kv	53	rime-fast-xhup	legacy-compatible
司	si	vk	28	rime-fast-xhup	legacy-compatible
叹	tj	ky	20	rime-fast-xhup	legacy-compatible
叻	le	kl	20	rime-fast-xhup	legacy-compatible
叼	dn	kd	24	rime-fast-xhup	legacy-compatible
叽	ji	kj	15	rime-fast-xhup	legacy-compatible
吁	xu	ky	8	rime-fast-xhup	legacy-compatible
吁	yu	ky	10	rime-fast-xhup	legacy-compatible
吃	ii	kq	52	rime-fast-xhup	legacy-compatible
吃	ii	ky	52	rime-fast-xhup	legacy-compatible
各	ge	wk	45	rime-fast-xhup	legacy-compatible
吆	yc	ky	9	rime-fast-xhup	legacy-compatible
合	ge	rk	1	rime-fast-xhup	legacy-compatible
合	he	rk	33	rime-fast-xhup	legacy-compatible
吉	ji	uk	26	rime-fast-xhup	legacy-compatible
吊	dn	kj	25	rime-fast-xhup	legacy-compatible
吋	cy	kc	10	rime-fast-xhup	legacy-compatible
同	ts	kk	43	rime-fast-xhup	legacy-compatible
名	mk	xk	43	rime-fast-xhup	legacy-compatible
后	hz	ik	59	rime-fast-xhup	legacy-compatible
后	hz	pk	59	rime-fast-xhup	legacy-compatible
吏	li	an	14	rime-fast-xhup	legacy-compatible
吐	tu	kt	27	rime-fast-xhup	legacy-compatible
向	xl	pk	50	rime-fast-xhup	legacy-compatible
吒	va	kq	7	rime-fast-xhup	legacy-compatible
吓	he	kx	2	rime-fast-xhup	legacy-compatible
吓	xx	kx	28	rime-fast-xhup	legacy-compatible
吕	lv	kk	26	rime-fast-xhup	legacy-compatible
吖	aa	ky	28	rime-fast-xhup	legacy-compatible
吖	ya	ky	14	rime-fast-xhup	legacy-compatible
吗	ma	km	64	rime-fast-xhup	legacy-compatible
君	jy	yk	31	rime-fast-xhup	legacy-compatible
吝	lb	wk	8	rime-fast-xhup	legacy-compatible
吞	ty	tk	19	rime-fast-xhup	legacy-compatible
吟	yb	kv	19	rime-fast-xhup	legacy-compatible
吠	fw	kq	10	rime-fast-xhup	legacy-compatible
吡	bi	kb	9	rime-fast-xhup	legacy-compatible
吡	pi	kb	0	rime-fast-xhup	legacy-compatible
吣	qb	kx	0	rime-fast-xhup	legacy-compatible
否	fz	bk	29	rime-fast-xhup	legacy-compatible
否	pi	bk	0	rime-fast-xhup	legacy-compatible
吧	ba	kb	70	rime-fast-xhup	legacy-compatible
吨	dy	kt	25	rime-fast-xhup	legacy-compatible
吩	ff	kd	4	rime-fast-xhup	legacy-compatible
含	hj	rk	31	rime-fast-xhup	legacy-compatible
听	tk	kj	46	rime-fast-xhup	legacy-compatible
吭	hh	kj	6	rime-fast-xhup	legacy-compatible
吭	kg	kj	9	rime-fast-xhup	legacy-compatible
吮	uy	ke	10	rime-fast-xhup	legacy-compatible
启	qi	hk	22	rime-fast-xhup	legacy-compatible
吱	vi	ky	10	rime-fast-xhup	legacy-compatible
吱	zi	ky	7	rime-fast-xhup	legacy-compatible
吲	uf	kl	0	rime-fast-xhup	legacy-compatible
吲	yb	kl	2	rime-fast-xhup	legacy-compatible
吴	wu	kt	34	rime-fast-xhup	legacy-compatible
吵	ic	ku	27	rime-fast-xhup	legacy-compatible
吸	xi	kj	25	rime-fast-xhup	legacy-compatible
吹	iv	kr	31	rime-fast-xhup	legacy-compatible
吻	wf	kw	24	rime-fast-xhup	legacy-compatible
吼	hz	kv	23	rime-fast-xhup	legacy-compatible
吽	hs	kn	4	rime-fast-xhup	legacy-compatible
吽	hz	kn	0	rime-fast-xhup	legacy-compatible
吽	ou	kn	0	rime-fast-xhup	legacy-compatible
吾	wu	wk	31	rime-fast-xhup	legacy-compatible
吾	yu	wk	0	rime-fast-xhup	legacy-compatible
呀	ya	ky	54	rime-fast-xhup	legacy-compatible
呃	ee	kv	34	rime-fast-xhup	legacy-compatible
呆	dd	km	31	rime-fast-xhup	legacy-compatible
呇	qi	uk	1	rime-fast-xhup	legacy-compatible
呈	ig	kw	29	rime-fast-xhup	legacy-compatible
告	gc	nk	26	rime-fast-xhup	legacy-compatible
呋	fu	kf	5	rime-fast-xhup	legacy-compatible
呐	na	kn	24	rime-fast-xhup	legacy-compatible
呐	ne	kn	12	rime-fast-xhup	legacy-compatible
呒	om	kw	4	rime-fast-xhup	legacy-compatible
呓	yi	kv	4	rime-fast-xhup	legacy-compatible
呔	dd	kt	3	rime-fast-xhup	legacy-compatible
呔	td	kt	3	rime-fast-xhup	legacy-compatible
呕	ou	kx	15	rime-fast-xhup	legacy-compatible
呖	li	kl	0	rime-fast-xhup	legacy-compatible
呗	bd	kr	14	rime-fast-xhup	legacy-compatible
呗	bw	kr	35	rime-fast-xhup	legacy-compatible
员	yr	kr	30	rime-fast-xhup	legacy-compatible
员	yy	kr	0	rime-fast-xhup	legacy-compatible
呙	go	kn	4	rime-fast-xhup	legacy-compatible
呛	ql	kv	14	rime-fast-xhup	legacy-compatible
呜	wu	kw	14	rime-fast-xhup	legacy-compatible
呢	ne	kb	65	rime-fast-xhup	legacy-compatible
呢	ni	kb	26	rime-fast-xhup	legacy-compatible
呣	om	km	2	rime-fast-xhup	legacy-compatible
呤	lk	ks	9	rime-fast-xhup	legacy-compatible
呦	yz	kl	16	rime-fast-xhup	legacy-compatible
周	vz	kk	40	rime-fast-xhup	legacy-compatible
呯	pk	kp	5	rime-fast-xhup	legacy-compatible
呱	gu	kg	9	rime-fast-xhup	legacy-compatible
呱	gx	kg	9	rime-fast-xhup	legacy-compatible
呲	ci	kb	0	rime-fast-xhup	legacy-compatible
呲	zi	kb	8	rime-fast-xhup	legacy-compatible
味	ww	kw	28	rime-fast-xhup	legacy-compatible
呵	aa	kd	15	rime-fast-xhup	legacy-compatible
呵	aa	kk	15	rime-fast-xhup	legacy-compatible
呵	he	kk	28	rime-fast-xhup	legacy-compatible
呵	ke	kk	0	rime-fast-xhup	legacy-compatible
呶	nc	ky	6	rime-fast-xhup	legacy-compatible
呷	ga	kj	0	rime-fast-xhup	legacy-compatible
呷	xx	kj	9	rime-fast-xhup	legacy-compatible
呸	pw	ka	16	rime-fast-xhup	legacy-compatible
呸	pw	kp	16	rime-fast-xhup	legacy-compatible
呻	uf	ku	5	rime-fast-xhup	legacy-compatible
呼	hu	kh	25	rime-fast-xhup	legacy-compatible
命	mk	re	31	rime-fast-xhup	legacy-compatible
咀	ju	kq	4	rime-fast-xhup	legacy-compatible
咀	zv	kq	9	rime-fast-xhup	legacy-compatible
咁	gj	kg	9	rime-fast-xhup	legacy-compatible
咁	xm	kg	3	rime-fast-xhup	legacy-compatible
咂	za	kj	10	rime-fast-xhup	legacy-compatible
咄	do	ki	4	rime-fast-xhup	legacy-compatible
咆	pc	ks	4	rime-fast-xhup	legacy-compatible
咇	bi	kb	0	rime-fast-xhup	legacy-compatible
咉	yh	ky	0	rime-fast-xhup	legacy-compatible
咋	va	kv	11	rime-fast-xhup	legacy-compatible
咋	za	kv	38	rime-fast-xhup	legacy-compatible
咋	ze	kv	4	rime-fast-xhup	legacy-compatible
和	he	hk	76	rime-fast-xhup	legacy-compatible
和	ho	hk	11	rime-fast-xhup	legacy-compatible
和	hu	hk	4	rime-fast-xhup	legacy-compatible
咍	hd	kk	0	rime-fast-xhup	legacy-compatible
咎	jq	wk	9	rime-fast-xhup	legacy-compatible
咏	ys	ky	17	rime-fast-xhup	legacy-compatible
咐	fu	kc	4	rime-fast-xhup	legacy-compatible
咒	vz	kj	18	rime-fast-xhup	legacy-compatible
咔	ka	kb	10	rime-fast-xhup	legacy-compatible
咕	gu	kk	9	rime-fast-xhup	legacy-compatible
咖	ga	kk	19	rime-fast-xhup	legacy-compatible
咖	ka	kk	10	rime-fast-xhup	legacy-compatible
咙	ls	kl	4	rime-fast-xhup	legacy-compatible
咚	ds	kd	11	rime-fast-xhup	legacy-compatible
咛	nk	kd	5	rime-fast-xhup	legacy-compatible
咝	si	ka	2	rime-fast-xhup	legacy-compatible
咝	si	ks	2	rime-fast-xhup	legacy-compatible
咡	er	ke	1	rime-fast-xhup	legacy-compatible
咣	gl	ke	8	rime-fast-xhup	legacy-compatible
咣	gl	kw	8	rime-fast-xhup	legacy-compatible
咤	va	kq	4	rime-fast-xhup	legacy-compatible
咥	dp	kt	1	rime-fast-xhup	legacy-compatible
咥	xi	kt	1	rime-fast-xhup	legacy-compatible
咦	yi	ky	18	rime-fast-xhup	legacy-compatible
咧	lp	kd	29	rime-fast-xhup	legacy-compatible
咨	zi	dk	8	rime-fast-xhup	legacy-compatible
咩	mp	ky	35	rime-fast-xhup	legacy-compatible
咪	mi	km	23	rime-fast-xhup	legacy-compatible
咫	vi	ib	4	rime-fast-xhup	legacy-compatible
咬	yc	kx	29	rime-fast-xhup	legacy-compatible
咯	ge	kk	18	rime-fast-xhup	legacy-compatible
咯	ka	kk	2	rime-fast-xhup	legacy-compatible
咯	lo	kk	20	rime-fast-xhup	legacy-compatible
咱	za	kz	0	rime-fast-xhup	legacy-compatible
咱	zj	kz	32	rime-fast-xhup	legacy-compatible
咲	xn	kt	0	rime-fast-xhup	legacy-compatible
咳	hd	kr	22	rime-fast-xhup	legacy-compatible
咳	ke	kr	14	rime-fast-xhup	legacy-compatible
咴	hv	kh	3	rime-fast-xhup	legacy-compatible
咸	xm	wk	21	rime-fast-xhup	legacy-compatible
咸	xm	xk	21	rime-fast-xhup	legacy-compatible
咺	xr	ka	1	rime-fast-xhup	legacy-compatible
咻	xq	km	8	rime-fast-xhup	legacy-compatible
咽	ye	kd	8	rime-fast-xhup	legacy-compatible
咽	yj	kd	17	rime-fast-xhup	legacy-compatible
咿	yi	ky	8	rime-fast-xhup	legacy-compatible
哀	ai	wy	17	rime-fast-xhup	legacy-compatible
品	pb	kk	31	rime-fast-xhup	legacy-compatible
哂	uf	kx	6	rime-fast-xhup	legacy-compatible
哃	ts	kk	0	rime-fast-xhup	legacy-compatible
哄	hs	kb	22	rime-fast-xhup	legacy-compatible
哆	do	kx	12	rime-fast-xhup	legacy-compatible
哇	wa	kt	40	rime-fast-xhup	legacy-compatible
哈	ha	kk	51	rime-fast-xhup	legacy-compatible
哉	zd	uk	19	rime-fast-xhup	legacy-compatible
哌	pd	kn	10	rime-fast-xhup	legacy-compatible
响	xl	kk	26	rime-fast-xhup	legacy-compatible
哎	ai	kx	41	rime-fast-xhup	legacy-compatible
哏	gf	kg	8	rime-fast-xhup	legacy-compatible
哏	hf	kg	0	rime-fast-xhup	legacy-compatible
哐	kl	kw	6	rime-fast-xhup	legacy-compatible
哑	ya	ky	15	rime-fast-xhup	legacy-compatible
哒	da	kz	23	rime-fast-xhup	legacy-compatible
哓	xn	kw	7	rime-fast-xhup	legacy-compatible
哔	bi	ku	6	rime-fast-xhup	legacy-compatible
哕	hv	kx	4	rime-fast-xhup	legacy-compatible
哕	yt	kx	4	rime-fast-xhup	legacy-compatible
哗	hx	ku	13	rime-fast-xhup	legacy-compatible
哙	kk	ks	5	rime-fast-xhup	legacy-compatible
哚	do	km	5	rime-fast-xhup	legacy-compatible
哝	ns	kn	5	rime-fast-xhup	legacy-compatible
哞	mz	kn	6	rime-fast-xhup	legacy-compatible
哟	yo	ku	34	rime-fast-xhup	legacy-compatible
哢	ls	kc	1	rime-fast-xhup	legacy-compatible
哥	ge	dk	36	rime-fast-xhup	legacy-compatible
哦	ee	kw	32	rime-fast-xhup	legacy-compatible
哦	oo	kw	40	rime-fast-xhup	legacy-compatible
哧	ii	kd	5	rime-fast-xhup	legacy-compatible
哨	uc	ko	13	rime-fast-xhup	legacy-compatible
哩	li	kl	24	rime-fast-xhup	legacy-compatible
哪	na	ke	46	rime-fast-xhup	legacy-compatible
哪	ne	ke	14	rime-fast-xhup	legacy-compatible
哪	nw	ke	6	rime-fast-xhup	legacy-compatible
哭	ku	kq	36	rime-fast-xhup	legacy-compatible
哮	xn	kz	7	rime-fast-xhup	legacy-compatible
哱	ba	kz	0	rime-fast-xhup	legacy-compatible
哱	bo	kz	0	rime-fast-xhup	legacy-compatible
哱	po	kz	1	rime-fast-xhup	legacy-compatible
哲	ve	fk	22	rime-fast-xhup	legacy-compatible
哳	va	kj	2	rime-fast-xhup	legacy-compatible
哺	bu	kf	9	rime-fast-xhup	legacy-compatible
哼	hg	kl	25	rime-fast-xhup	legacy-compatible
哽	gg	kg	7	rime-fast-xhup	legacy-compatible
哿	ge	lk	2	rime-fast-xhup	legacy-compatible
哿	jx	lk	0	rime-fast-xhup	legacy-compatible
唁	yj	kk	3	rime-fast-xhup	legacy-compatible
唆	so	kw	15	rime-fast-xhup	legacy-compatible
唇	iy	ik	20	rime-fast-xhup	legacy-compatible
唉	ai	ku	45	rime-fast-xhup	legacy-compatible
唏	xi	kj	5	rime-fast-xhup	legacy-compatible
唐	th	gk	30	rime-fast-xhup	legacy-compatible
唑	zo	kt	12	rime-fast-xhup	legacy-compatible
唔	en	kk	1	rime-fast-xhup	legacy-compatible
唔	ng	kk	1	rime-fast-xhup	legacy-compatible
唔	wu	kk	3	rime-fast-xhup	legacy-compatible
唛	md	kw	9	rime-fast-xhup	legacy-compatible
唝	gs	kb	0	rime-fast-xhup	legacy-compatible
唝	gs	kr	0	rime-fast-xhup	legacy-compatible
唝	hs	kr	0	rime-fast-xhup	legacy-compatible
唠	lc	kl	10	rime-fast-xhup	legacy-compatible
唢	so	kr	2	rime-fast-xhup	legacy-compatible
唣	zc	kq	1	rime-fast-xhup	legacy-compatible
唤	hr	kd	17	rime-fast-xhup	legacy-compatible
唧	ji	ke	9	rime-fast-xhup	legacy-compatible
唪	fg	kl	1	rime-fast-xhup	legacy-compatible
唬	hu	kj	10	rime-fast-xhup	legacy-compatible
唬	xx	kj	2	rime-fast-xhup	legacy-compatible
售	uz	rk	22	rime-fast-xhup	legacy-compatible
唯	ww	kf	24	rime-fast-xhup	legacy-compatible
唰	ux	kd	9	rime-fast-xhup	legacy-compatible
唱	ih	ko	34	rime-fast-xhup	legacy-compatible
唳	li	kq	5	rime-fast-xhup	legacy-compatible
唵	an	kd	6	rime-fast-xhup	legacy-compatible
唷	yo	ko	13	rime-fast-xhup	legacy-compatible
唼	ua	kn	1	rime-fast-xhup	legacy-compatible
唾	to	ki	8	rime-fast-xhup	legacy-compatible
唿	hu	kx	3	rime-fast-xhup	legacy-compatible
啁	tn	kk	0	rime-fast-xhup	legacy-compatible
啁	vc	kk	1	rime-fast-xhup	legacy-compatible
啁	vz	kk	1	rime-fast-xhup	legacy-compatible
啃	kf	ko	21	rime-fast-xhup	legacy-compatible
啄	vo	kn	11	rime-fast-xhup	legacy-compatible
商	uh	wk	32	rime-fast-xhup	legacy-compatible
啉	lb	km	7	rime-fast-xhup	legacy-compatible
啉	lj	km	0	rime-fast-xhup	legacy-compatible
啊	aa	kd	55	rime-fast-xhup	legacy-compatible
啊	aa	kk	55	rime-fast-xhup	legacy-compatible
啐	cv	ku	8	rime-fast-xhup	legacy-compatible
啐	qi	ku	0	rime-fast-xhup	legacy-compatible
啕	tc	kf	2	rime-fast-xhup	legacy-compatible
啖	dj	kh	10	rime-fast-xhup	legacy-compatible
啜	ik	ky	3	rime-fast-xhup	legacy-compatible
啜	io	ky	10	rime-fast-xhup	legacy-compatible
啡	fw	kf	8	rime-fast-xhup	legacy-compatible
啤	pi	ku	11	rime-fast-xhup	legacy-compatible
啥	ua	kk	48	rime-fast-xhup	legacy-compatible
啦	la	kl	57	rime-fast-xhup	legacy-compatible
啧	ze	kr	10	rime-fast-xhup	legacy-compatible
啪	pa	kb	13	rime-fast-xhup	legacy-compatible
啫	ui	ko	0	rime-fast-xhup	legacy-compatible
啫	ve	ko	0	rime-fast-xhup	legacy-compatible
啬	se	uk	5	rime-fast-xhup	legacy-compatible
啭	vr	kv	5	rime-fast-xhup	legacy-compatible
啮	np	kk	7	rime-fast-xhup	legacy-compatible
啰	lo	kx	0	rime-fast-xhup	legacy-compatible
啲	di	ku	0	rime-fast-xhup	legacy-compatible
啴	ij	kl	0	rime-fast-xhup	legacy-compatible
啴	tj	kl	0	rime-fast-xhup	legacy-compatible
啴	to	kl	0	rime-fast-xhup	legacy-compatible
啵	bo	ky	19	rime-fast-xhup	legacy-compatible
啶	dk	kr	7	rime-fast-xhup	legacy-compatible
啷	lh	ke	8	rime-fast-xhup	legacy-compatible
啸	xn	ks	18	rime-fast-xhup	legacy-compatible
啻	ii	wk	3	rime-fast-xhup	legacy-compatible
啼	ti	kj	13	rime-fast-xhup	legacy-compatible
啾	jq	kh	6	rime-fast-xhup	legacy-compatible
喀	ka	kk	13	rime-fast-xhup	legacy-compatible
喁	ys	ky	1	rime-fast-xhup	legacy-compatible
喁	yu	ky	1	rime-fast-xhup	legacy-compatible
喂	ww	kn	29	rime-fast-xhup	legacy-compatible
喃	nj	kg	23	rime-fast-xhup	legacy-compatible
善	uj	yk	27	rime-fast-xhup	legacy-compatible
喆	ve	uk	11	rime-fast-xhup	legacy-compatible
喇	la	kd	25	rime-fast-xhup	legacy-compatible
喈	jp	kb	9	rime-fast-xhup	legacy-compatible
喉	hz	ku	17	rime-fast-xhup	legacy-compatible
喊	hj	kk	34	rime-fast-xhup	legacy-compatible
喋	dp	km	6	rime-fast-xhup	legacy-compatible
喋	va	km	1	rime-fast-xhup	legacy-compatible
喏	no	kk	13	rime-fast-xhup	legacy-compatible
喏	re	kk	3	rime-fast-xhup	legacy-compatible
喑	yb	ko	4	rime-fast-xhup	legacy-compatible
喔	oo	kt	25	rime-fast-xhup	legacy-compatible
喔	wo	kt	29	rime-fast-xhup	legacy-compatible
喘	ir	ke	17	rime-fast-xhup	legacy-compatible
喙	hv	ku	8	rime-fast-xhup	legacy-compatible
喜	xi	uk	29	rime-fast-xhup	legacy-compatible
喝	he	kv	40	rime-fast-xhup	legacy-compatible
喝	ye	kv	0	rime-fast-xhup	legacy-compatible
喟	kv	ko	3	rime-fast-xhup	legacy-compatible
喤	hl	kw	1	rime-fast-xhup	legacy-compatible
喧	xr	ka	12	rime-fast-xhup	legacy-compatible
喱	li	kl	8	rime-fast-xhup	legacy-compatible
喳	ia	ka	1	rime-fast-xhup	legacy-compatible
喳	va	ka	9	rime-fast-xhup	legacy-compatible
喵	mn	kt	19	rime-fast-xhup	legacy-compatible
喷	pf	kr	25	rime-fast-xhup	legacy-compatible
喹	kv	kt	6	rime-fast-xhup	legacy-compatible
喺	xi	kx	0	rime-fast-xhup	legacy-compatible
喻	yu	kd	19	rime-fast-xhup	legacy-compatible
喽	lz	kn	27	rime-fast-xhup	legacy-compatible
喾	ku	xk	2	rime-fast-xhup	legacy-compatible
嗄	aa	kw	11	rime-fast-xhup	legacy-compatible
嗄	ua	kw	0	rime-fast-xhup	legacy-compatible
嗅	xq	kq	14	rime-fast-xhup	legacy-compatible
嗉	su	kx	2	rime-fast-xhup	legacy-compatible
嗌	ai	km	5	rime-fast-xhup	legacy-compatible
嗌	yi	km	1	rime-fast-xhup	legacy-compatible
嗍	so	ko	3	rime-fast-xhup	legacy-compatible
嗐	hd	kk	3	rime-fast-xhup	legacy-compatible
嗑	ke	km	10	rime-fast-xhup	legacy-compatible
嗒	da	kk	15	rime-fast-xhup	legacy-compatible
嗒	ta	kk	1	rime-fast-xhup	legacy-compatible
嗓	sh	km	9	rime-fast-xhup	legacy-compatible
嗔	if	kb	12	rime-fast-xhup	legacy-compatible
嗖	sz	ky	9	rime-fast-xhup	legacy-compatible
嗜	ui	ko	15	rime-fast-xhup	legacy-compatible
嗝	ge	kl	8	rime-fast-xhup	legacy-compatible
嗞	zi	ky	0	rime-fast-xhup	legacy-compatible
嗟	jp	kg	13	rime-fast-xhup	legacy-compatible
嗡	wg	kx	10	rime-fast-xhup	legacy-compatible
嗣	si	kk	13	rime-fast-xhup	legacy-compatible
嗤	ii	ki	7	rime-fast-xhup	legacy-compatible
嗥	hc	ku	0	rime-fast-xhup	legacy-compatible
嗦	so	kx	16	rime-fast-xhup	legacy-compatible
嗨	hd	km	22	rime-fast-xhup	legacy-compatible
嗨	hw	km	9	rime-fast-xhup	legacy-compatible
嗪	qb	kh	8	rime-fast-xhup	legacy-compatible
嗫	np	ky	7	rime-fast-xhup	legacy-compatible
嗬	he	kk	5	rime-fast-xhup	legacy-compatible
嗯	en	kx	0	flypy-official-ix	official-yield-full
嗯	en	kx	46	rime-fast-xhup	legacy-compatible
嗯	ng	kx	46	rime-fast-xhup	legacy-compatible
嗯	og	kx	0	flypy-official-ix	official
嗯	on	kx	0	flypy-official-ix	official
嗲	dx	kx	22	rime-fast-xhup	legacy-compatible
嗳	ai	ky	10	rime-fast-xhup	legacy-compatible
嗵	ts	kz	4	rime-fast-xhup	legacy-compatible
嗷	ao	kw	12	rime-fast-xhup	legacy-compatible
嗽	sz	kr	7	rime-fast-xhup	legacy-compatible
嗾	sz	ku	2	rime-fast-xhup	legacy-compatible
嘀	di	kk	12	rime-fast-xhup	legacy-compatible
嘁	qi	kx	6	rime-fast-xhup	legacy-compatible
嘈	cc	ko	9	rime-fast-xhup	legacy-compatible
嘉	jx	uk	25	rime-fast-xhup	legacy-compatible
嘌	pn	kx	3	rime-fast-xhup	legacy-compatible
嘎	ga	kg	29	rime-fast-xhup	legacy-compatible
嘏	gu	gy	0	rime-fast-xhup	legacy-compatible
嘏	gu	uy	0	rime-fast-xhup	legacy-compatible
嘏	jx	gy	0	rime-fast-xhup	legacy-compatible
嘏	jx	uy	0	rime-fast-xhup	legacy-compatible
嘘	ui	ky	0	rime-fast-xhup	legacy-compatible
嘘	xu	ky	16	rime-fast-xhup	legacy-compatible
嘚	de	kc	0	rime-fast-xhup	legacy-compatible
嘚	dw	kc	0	rime-fast-xhup	legacy-compatible
嘛	ma	km	53	rime-fast-xhup	legacy-compatible
嘞	le	kl	0	rime-fast-xhup	legacy-compatible
嘞	lw	kl	19	rime-fast-xhup	legacy-compatible
嘟	du	ke	13	rime-fast-xhup	legacy-compatible
嘡	th	kt	0	rime-fast-xhup	legacy-compatible
嘢	ye	kl	0	rime-fast-xhup	legacy-compatible
嘣	bg	ko	8	rime-fast-xhup	legacy-compatible
嘤	yk	kn	3	rime-fast-xhup	legacy-compatible
嘧	mi	ke	4	rime-fast-xhup	legacy-compatible
嘬	ik	ky	1	rime-fast-xhup	legacy-compatible
嘬	zo	ky	8	rime-fast-xhup	legacy-compatible
嘭	pg	kp	6	rime-fast-xhup	legacy-compatible
嘱	vu	ky	10	rime-fast-xhup	legacy-compatible
嘲	ic	ko	11	rime-fast-xhup	legacy-compatible
嘲	vc	ko	1	rime-fast-xhup	legacy-compatible
嘴	zv	ky	31	rime-fast-xhup	legacy-compatible
嘶	si	kj	9	rime-fast-xhup	legacy-compatible
嘹	ln	kx	6	rime-fast-xhup	legacy-compatible
嘻	xi	kk	11	rime-fast-xhup	legacy-compatible
嘿	hw	kh	26	rime-fast-xhup	legacy-compatible
嘿	mo	kh	0	rime-fast-xhup	legacy-compatible
噀	xy	kb	1	rime-fast-xhup	legacy-compatible
噂	zy	kc	1	rime-fast-xhup	legacy-compatible
噇	il	kl	0	rime-fast-xhup	legacy-compatible
噌	cg	ko	10	rime-fast-xhup	legacy-compatible
噌	ig	ko	0	rime-fast-xhup	legacy-compatible
噍	jn	kh	3	rime-fast-xhup	legacy-compatible
噎	ye	ka	11	rime-fast-xhup	legacy-compatible
噔	dg	ka	9	rime-fast-xhup	legacy-compatible
噗	pu	kn	13	rime-fast-xhup	legacy-compatible
噘	jt	kr	7	rime-fast-xhup	legacy-compatible
噙	qb	kd	7	rime-fast-xhup	legacy-compatible
噜	lu	ko	12	rime-fast-xhup	legacy-compatible
噢	oo	kd	34	rime-fast-xhup	legacy-compatible
噤	jb	kx	12	rime-fast-xhup	legacy-compatible
器	qi	kk	33	rime-fast-xhup	legacy-compatible
噩	ee	wk	9	rime-fast-xhup	legacy-compatible
噪	zc	km	14	rime-fast-xhup	legacy-compatible
噫	yi	kx	6	rime-fast-xhup	legacy-compatible
噬	ui	ka	11	rime-fast-xhup	legacy-compatible
噬	ui	kr	11	rime-fast-xhup	legacy-compatible
噱	jt	ku	3	rime-fast-xhup	legacy-compatible
噱	xt	ku	3	rime-fast-xhup	legacy-compatible
噶	ga	kv	33	rime-fast-xhup	legacy-compatible
噻	sd	kt	21	rime-fast-xhup	legacy-compatible
噼	pi	ku	6	rime-fast-xhup	legacy-compatible
嚄	ho	ky	4	rime-fast-xhup	legacy-compatible
嚄	oo	ky	4	rime-fast-xhup	legacy-compatible
嚅	ru	ke	5	rime-fast-xhup	legacy-compatible
嚆	hc	kk	0	rime-fast-xhup	legacy-compatible
嚎	hc	ku	12	rime-fast-xhup	legacy-compatible
嚏	ti	kr	3	rime-fast-xhup	legacy-compatible
嚓	ca	kx	2	rime-fast-xhup	legacy-compatible
嚓	ia	kx	5	rime-fast-xhup	legacy-compatible
嚚	yb	kk	1	rime-fast-xhup	legacy-compatible
嚣	ao	kk	0	rime-fast-xhup	legacy-compatible
嚣	xn	kk	9	rime-fast-xhup	legacy-compatible
嚭	pi	uk	0	rime-fast-xhup	legacy-compatible
嚯	ho	kf	7	rime-fast-xhup	legacy-compatible
嚷	rh	ky	12	rime-fast-xhup	legacy-compatible
嚼	jn	kc	17	rime-fast-xhup	legacy-compatible
嚼	jt	kc	10	rime-fast-xhup	legacy-compatible
囊	nh	ay	19	rime-fast-xhup	legacy-compatible
囔	nh	ky	7	rime-fast-xhup	legacy-compatible
囚	qq	kr	11	rime-fast-xhup	legacy-compatible
四	si	ke	40	rime-fast-xhup	legacy-compatible
囝	jm	kz	4	rime-fast-xhup	legacy-compatible
囝	nj	kz	5	rime-fast-xhup	legacy-compatible
回	hv	kk	46	rime-fast-xhup	legacy-compatible
囟	xb	px	3	rime-fast-xhup	legacy-compatible
因	yb	kd	42	rime-fast-xhup	legacy-compatible
囡	nj	kn	12	rime-fast-xhup	legacy-compatible
团	tr	kc	34	rime-fast-xhup	legacy-compatible
囤	dy	kt	5	rime-fast-xhup	legacy-compatible
囤	ty	kt	10	rime-fast-xhup	legacy-compatible
囧	js	kk	27	rime-fast-xhup	legacy-compatible
囧	js	kv	27	rime-fast-xhup	legacy-compatible
囫	hu	kw	2	rime-fast-xhup	legacy-compatible
园	yr	ke	29	rime-fast-xhup	legacy-compatible
困	ky	km	29	rime-fast-xhup	legacy-compatible
囱	cs	pd	3	rime-fast-xhup	legacy-compatible
囱	cs	pw	3	rime-fast-xhup	legacy-compatible
围	ww	kw	23	rime-fast-xhup	legacy-compatible
囵	ly	kb	3	rime-fast-xhup	legacy-compatible
囷	qy	kh	2	rime-fast-xhup	legacy-compatible
囹	lk	ks	3	rime-fast-xhup	legacy-compatible
固	gu	kk	21	rime-fast-xhup	legacy-compatible
国	go	ky	36	rime-fast-xhup	legacy-compatible
图	tu	kd	42	rime-fast-xhup	legacy-compatible
囿	yz	ko	10	rime-fast-xhup	legacy-compatible
圃	pu	kf	10	rime-fast-xhup	legacy-compatible
圄	yu	kk	2	rime-fast-xhup	legacy-compatible
圆	yr	kr	27	rime-fast-xhup	legacy-compatible
圈	jr	kv	9	rime-fast-xhup	legacy-compatible
圈	qr	kv	29	rime-fast-xhup	legacy-compatible
圉	yu	kg	4	rime-fast-xhup	legacy-compatible
圊	qk	ko	2	rime-fast-xhup	legacy-compatible
圌	ir	ke	0	rime-fast-xhup	legacy-compatible
圌	iv	ke	2	rime-fast-xhup	legacy-compatible
圐	ku	kf	0	rime-fast-xhup	legacy-compatible
圙	lt	km	0	rime-fast-xhup	legacy-compatible
圜	hr	ky	3	rime-fast-xhup	legacy-compatible
圜	yr	ky	3	rime-fast-xhup	legacy-compatible
土	tu	ua	31	rime-fast-xhup	legacy-compatible
圢	tk	td	0	rime-fast-xhup	legacy-compatible
圣	ug	yt	26	rime-fast-xhup	legacy-compatible
在	zd	ut	81	rime-fast-xhup	legacy-compatible
圩	ww	ty	8	rime-fast-xhup	legacy-compatible
圩	xu	ty	8	rime-fast-xhup	legacy-compatible
圪	ge	tq	6	rime-fast-xhup	legacy-compatible
圪	ge	ty	6	rime-fast-xhup	legacy-compatible
圫	vy	tq	0	rime-fast-xhup	legacy-compatible
圫	yu	tq	0	rime-fast-xhup	legacy-compatible
圬	wu	tk	4	rime-fast-xhup	legacy-compatible
圭	gv	tt	13	rime-fast-xhup	legacy-compatible
圮	pi	tj	6	rime-fast-xhup	legacy-compatible
圯	yi	ts	5	rime-fast-xhup	legacy-compatible
地	de	ty	47	rime-fast-xhup	legacy-compatible
地	di	ty	57	rime-fast-xhup	legacy-compatible
圲	qm	tq	0	rime-fast-xhup	legacy-compatible
圳	vf	ti	8	rime-fast-xhup	legacy-compatible
圹	kl	tg	12	rime-fast-xhup	legacy-compatible
场	ih	tp	32	rime-fast-xhup	legacy-compatible
圻	qi	tj	7	rime-fast-xhup	legacy-compatible
圻	yb	tj	0	rime-fast-xhup	legacy-compatible
圾	ji	tj	4	rime-fast-xhup	legacy-compatible
址	vi	tv	13	rime-fast-xhup	legacy-compatible
坂	bj	ty	11	rime-fast-xhup	legacy-compatible
均	jy	td	36	rime-fast-xhup	legacy-compatible
坉	dy	tt	0	rime-fast-xhup	legacy-compatible
坉	ty	tt	1	rime-fast-xhup	legacy-compatible
坊	fh	tf	23	rime-fast-xhup	legacy-compatible
坋	bf	td	0	rime-fast-xhup	legacy-compatible
坋	ff	td	1	rime-fast-xhup	legacy-compatible
坌	bf	bt	2	rime-fast-xhup	legacy-compatible
坌	bf	ft	2	rime-fast-xhup	legacy-compatible
坍	tj	td	6	rime-fast-xhup	legacy-compatible
坎	kj	tr	18	rime-fast-xhup	legacy-compatible
坏	hk	tb	36	rime-fast-xhup	legacy-compatible
坏	pi	tb	0	rime-fast-xhup	legacy-compatible
坏	pw	tb	0	rime-fast-xhup	legacy-compatible
坐	zo	rt	37	rime-fast-xhup	legacy-compatible
坑	kg	tj	24	rime-fast-xhup	legacy-compatible
坒	bi	bt	1	rime-fast-xhup	legacy-compatible
块	kk	tg	40	rime-fast-xhup	legacy-compatible
块	kk	tn	40	rime-fast-xhup	legacy-compatible
坚	jm	lt	20	rime-fast-xhup	legacy-compatible
坛	tj	ts	20	rime-fast-xhup	legacy-compatible
坜	li	tl	3	rime-fast-xhup	legacy-compatible
坝	ba	tr	19	rime-fast-xhup	legacy-compatible
坞	wu	tw	11	rime-fast-xhup	legacy-compatible
坟	ff	tw	17	rime-fast-xhup	legacy-compatible
坠	vv	et	17	rime-fast-xhup	legacy-compatible
坡	po	ty	21	rime-fast-xhup	legacy-compatible
坤	ky	tu	22	rime-fast-xhup	legacy-compatible
坥	qu	tq	0	rime-fast-xhup	legacy-compatible
坦	tj	ta	19	rime-fast-xhup	legacy-compatible
坨	to	tb	13	rime-fast-xhup	legacy-compatible
坩	gj	tg	3	rime-fast-xhup	legacy-compatible
坪	pk	tp	19	rime-fast-xhup	legacy-compatible
坫	dm	tk	2	rime-fast-xhup	legacy-compatible
坬	gx	tg	0	rime-fast-xhup	legacy-compatible
坭	ni	tb	4	rime-fast-xhup	legacy-compatible
坯	pi	tp	12	rime-fast-xhup	legacy-compatible
坰	js	tk	1	rime-fast-xhup	legacy-compatible
坳	ao	tl	9	rime-fast-xhup	legacy-compatible
坷	ke	tk	9	rime-fast-xhup	legacy-compatible
坻	di	td	2	rime-fast-xhup	legacy-compatible
坻	ii	td	2	rime-fast-xhup	legacy-compatible
坼	ie	ti	4	rime-fast-xhup	legacy-compatible
坽	lk	ts	0	rime-fast-xhup	legacy-compatible
垂	iv	pa	19	rime-fast-xhup	legacy-compatible
垃	la	tl	7	rime-fast-xhup	legacy-compatible
垄	ls	lt	10	rime-fast-xhup	legacy-compatible
垆	lu	tu	4	rime-fast-xhup	legacy-compatible
垈	dd	rt	0	rime-fast-xhup	legacy-compatible
型	xk	kt	39	rime-fast-xhup	legacy-compatible
垌	ds	tk	3	rime-fast-xhup	legacy-compatible
垌	ts	tk	3	rime-fast-xhup	legacy-compatible
垍	ji	tz	0	rime-fast-xhup	legacy-compatible
垎	he	tk	0	rime-fast-xhup	legacy-compatible
垏	lv	ty	3	rime-fast-xhup	legacy-compatible
垒	lw	st	15	rime-fast-xhup	legacy-compatible
垓	gd	tr	3	rime-fast-xhup	legacy-compatible
垕	hz	it	2	rime-fast-xhup	legacy-compatible
垕	hz	pt	2	rime-fast-xhup	legacy-compatible
垙	gl	te	2	rime-fast-xhup	legacy-compatible
垙	gl	tw	2	rime-fast-xhup	legacy-compatible
垚	yc	tt	7	rime-fast-xhup	legacy-compatible
垛	do	tm	10	rime-fast-xhup	legacy-compatible
垞	ia	tq	1	rime-fast-xhup	legacy-compatible
垟	yh	ty	4	rime-fast-xhup	legacy-compatible
垠	yb	tg	6	rime-fast-xhup	legacy-compatible
垡	fa	rt	4	rime-fast-xhup	legacy-compatible
垢	gz	tk	12	rime-fast-xhup	legacy-compatible
垣	yr	ta	12	rime-fast-xhup	legacy-compatible
垤	dp	tt	2	rime-fast-xhup	legacy-compatible
垦	kf	gt	9	rime-fast-xhup	legacy-compatible
垧	uh	tk	2	rime-fast-xhup	legacy-compatible
垩	ee	yt	4	rime-fast-xhup	legacy-compatible
垫	dm	ft	21	rime-fast-xhup	legacy-compatible
垭	ya	ty	6	rime-fast-xhup	legacy-compatible
垮	kx	tk	17	rime-fast-xhup	legacy-compatible
垯	da	tz	0	rime-fast-xhup	legacy-compatible
垱	dh	te	0	rime-fast-xhup	legacy-compatible
垲	kd	tj	2	rime-fast-xhup	legacy-compatible
垴	nc	tk	3	rime-fast-xhup	legacy-compatible
垵	an	tn	2	rime-fast-xhup	legacy-compatible
垸	hr	te	0	rime-fast-xhup	legacy-compatible
垸	hr	tw	0	rime-fast-xhup	legacy-compatible
垸	yr	te	6	rime-fast-xhup	legacy-compatible
垺	fu	tz	0	rime-fast-xhup	legacy-compatible
垺	pz	tz	2	rime-fast-xhup	legacy-compatible
垾	hj	tg	0	rime-fast-xhup	legacy-compatible
垿	xu	tl	2	rime-fast-xhup	legacy-compatible
埂	gg	tg	7	rime-fast-xhup	legacy-compatible
埃	ai	tu	20	rime-fast-xhup	legacy-compatible
埆	jt	ty	0	rime-fast-xhup	legacy-compatible
埆	qt	ty	2	rime-fast-xhup	legacy-compatible
埇	ys	ty	3	rime-fast-xhup	legacy-compatible
埋	md	tl	25	rime-fast-xhup	legacy-compatible
埋	mj	tl	1	rime-fast-xhup	legacy-compatible
埌	lh	tl	3	rime-fast-xhup	legacy-compatible
城	ig	ti	34	rime-fast-xhup	legacy-compatible
埏	uj	tz	0	rime-fast-xhup	legacy-compatible
埏	yj	tz	0	rime-fast-xhup	legacy-compatible
埒	lp	tc	3	rime-fast-xhup	legacy-compatible
埔	bu	tf	2	rime-fast-xhup	legacy-compatible
埔	pu	tf	10	rime-fast-xhup	legacy-compatible
埕	ig	tw	4	rime-fast-xhup	legacy-compatible
埗	bu	tp	0	rime-fast-xhup	legacy-compatible
埘	ui	tc	3	rime-fast-xhup	legacy-compatible
埙	xy	tr	6	rime-fast-xhup	legacy-compatible
埚	go	tn	2	rime-fast-xhup	legacy-compatible
埝	nm	tx	4	rime-fast-xhup	legacy-compatible
域	yu	ta	24	rime-fast-xhup	legacy-compatible
埠	bu	tu	14	rime-fast-xhup	legacy-compatible
埤	pi	tu	2	rime-fast-xhup	legacy-compatible
埪	ks	tg	0	rime-fast-xhup	legacy-compatible
埫	is	tk	0	rime-fast-xhup	legacy-compatible
埫	uh	tk	0	rime-fast-xhup	legacy-compatible
埭	dd	tn	6	rime-fast-xhup	legacy-compatible
埯	an	td	1	rime-fast-xhup	legacy-compatible
埴	vi	tq	2	rime-fast-xhup	legacy-compatible
埵	do	ti	5	rime-fast-xhup	legacy-compatible
埸	yi	tw	5	rime-fast-xhup	legacy-compatible
培	pw	tk	21	rime-fast-xhup	legacy-compatible
基	ji	qt	29	rime-fast-xhup	legacy-compatible
埼	qi	tk	0	rime-fast-xhup	legacy-compatible
埽	sc	tj	2	rime-fast-xhup	legacy-compatible
堀	ku	ti	0	rime-fast-xhup	legacy-compatible
堂	th	xt	28	rime-fast-xhup	legacy-compatible
堃	ky	ft	0	rime-fast-xhup	legacy-compatible
堆	dv	tf	25	rime-fast-xhup	legacy-compatible
堇	jb	na	8	rime-fast-xhup	legacy-compatible
堉	yu	to	2	rime-fast-xhup	legacy-compatible
堋	bg	to	0	rime-fast-xhup	legacy-compatible
堋	pg	to	3	rime-fast-xhup	legacy-compatible
堌	gu	tk	1	rime-fast-xhup	legacy-compatible
堍	tu	td	2	rime-fast-xhup	legacy-compatible
堎	lg	tw	1	rime-fast-xhup	legacy-compatible
堐	ya	tt	1	rime-fast-xhup	legacy-compatible
堑	jm	it	0	rime-fast-xhup	legacy-compatible
堑	qm	it	6	rime-fast-xhup	legacy-compatible
堑	zj	it	0	rime-fast-xhup	legacy-compatible
堕	do	et	14	rime-fast-xhup	legacy-compatible
堕	hv	et	0	rime-fast-xhup	legacy-compatible
堙	yb	tt	2	rime-fast-xhup	legacy-compatible
堞	dp	tm	3	rime-fast-xhup	legacy-compatible
堠	hz	tu	2	rime-fast-xhup	legacy-compatible
堡	bc	rt	20	rime-fast-xhup	legacy-compatible
堡	bu	rt	3	rime-fast-xhup	legacy-compatible
堡	pu	rt	5	rime-fast-xhup	legacy-compatible
堤	di	tr	17	rime-fast-xhup	legacy-compatible
堧	rr	td	1	rime-fast-xhup	legacy-compatible
堨	ai	tv	0	rime-fast-xhup	legacy-compatible
堨	ee	tv	0	rime-fast-xhup	legacy-compatible
堨	ye	tv	2	rime-fast-xhup	legacy-compatible
堪	kj	tv	17	rime-fast-xhup	legacy-compatible
堰	yj	tn	12	rime-fast-xhup	legacy-compatible
堲	ji	gt	1	rime-fast-xhup	legacy-compatible
堵	du	to	22	rime-fast-xhup	legacy-compatible
堼	fg	tt	0	rime-fast-xhup	legacy-compatible
堽	gh	tv	1	rime-fast-xhup	legacy-compatible
堾	ir	to	0	rime-fast-xhup	legacy-compatible
堾	iy	to	0	rime-fast-xhup	legacy-compatible
塄	lg	tf	2	rime-fast-xhup	legacy-compatible
塅	dr	ty	0	rime-fast-xhup	legacy-compatible
塆	wj	tg	0	rime-fast-xhup	legacy-compatible
塌	ta	tx	17	rime-fast-xhup	legacy-compatible
塍	ig	ot	5	rime-fast-xhup	legacy-compatible
塑	su	bt	16	rime-fast-xhup	legacy-compatible
塔	ta	tk	29	rime-fast-xhup	legacy-compatible
塘	th	tk	21	rime-fast-xhup	legacy-compatible
塝	bh	tf	1	rime-fast-xhup	legacy-compatible
塞	sd	bt	26	rime-fast-xhup	legacy-compatible
塞	se	bt	15	rime-fast-xhup	legacy-compatible
塥	ge	tl	1	rime-fast-xhup	legacy-compatible
填	tm	tb	31	rime-fast-xhup	legacy-compatible
填	vf	tb	0	rime-fast-xhup	legacy-compatible
塬	yr	tx	8	rime-fast-xhup	legacy-compatible
塱	lh	dt	1	rime-fast-xhup	legacy-compatible
塾	uu	wt	8	rime-fast-xhup	legacy-compatible
墀	ii	tn	5	rime-fast-xhup	legacy-compatible
墁	mj	ty	2	rime-fast-xhup	legacy-compatible
境	jk	te	19	rime-fast-xhup	legacy-compatible
墅	uu	lt	11	rime-fast-xhup	legacy-compatible
墈	kj	tl	1	rime-fast-xhup	legacy-compatible
墉	ys	tl	6	rime-fast-xhup	legacy-compatible
墐	jb	ta	0	rime-fast-xhup	legacy-compatible
墒	uh	tk	7	rime-fast-xhup	legacy-compatible
墓	mu	ct	20	rime-fast-xhup	legacy-compatible
墕	yj	th	0	rime-fast-xhup	legacy-compatible
墘	qm	tq	0	rime-fast-xhup	legacy-compatible
墙	ql	tk	27	rime-fast-xhup	legacy-compatible
墚	ll	tm	1	rime-fast-xhup	legacy-compatible
增	zg	to	27	rime-fast-xhup	legacy-compatible
墟	xu	ty	10	rime-fast-xhup	legacy-compatible
墡	uj	tk	1	rime-fast-xhup	legacy-compatible
墣	pu	tn	1	rime-fast-xhup	legacy-compatible
墦	fj	tt	2	rime-fast-xhup	legacy-compatible
墨	mo	ht	23	rime-fast-xhup	legacy-compatible
墩	dy	tw	16	rime-fast-xhup	legacy-compatible
墼	ji	it	2	rime-fast-xhup	legacy-compatible
壁	bi	ut	21	rime-fast-xhup	legacy-compatible
壅	ys	wt	7	rime-fast-xhup	legacy-compatible
壑	he	lt	9	rime-fast-xhup	legacy-compatible
壕	hc	tu	8	rime-fast-xhup	legacy-compatible
壤	rh	ty	9	rime-fast-xhup	legacy-compatible
士	ui	ua	26	rime-fast-xhup	legacy-compatible
壬	rf	pu	11	rime-fast-xhup	legacy-compatible
壬	rf	qa	11	rime-fast-xhup	legacy-compatible
壮	vl	du	21	rime-fast-xhup	legacy-compatible
壮	vl	pu	21	rime-fast-xhup	legacy-compatible
声	ug	up	34	rime-fast-xhup	legacy-compatible
壳	ke	uj	23	rime-fast-xhup	legacy-compatible
壳	qn	uj	6	rime-fast-xhup	legacy-compatible
壶	hu	uy	19	rime-fast-xhup	legacy-compatible
壸	ky	uy	0	rime-fast-xhup	legacy-compatible
壹	yi	ua	19	rime-fast-xhup	legacy-compatible
处	iu	wb	39	rime-fast-xhup	legacy-compatible
备	bw	wt	23	rime-fast-xhup	legacy-compatible
复	fu	pw	26	rime-fast-xhup	legacy-compatible
复	fu	rw	26	rime-fast-xhup	legacy-compatible
夏	xx	aw	30	rime-fast-xhup	legacy-compatible
夐	xr	dw	0	rime-fast-xhup	legacy-compatible
夐	xs	dw	4	rime-fast-xhup	legacy-compatible
夔	kv	bw	8	rime-fast-xhup	legacy-compatible
夕	xi	pd	18	rime-fast-xhup	legacy-compatible
外	wd	xb	42	rime-fast-xhup	legacy-compatible
夙	su	jd	8	rime-fast-xhup	legacy-compatible
多	do	xx	61	rime-fast-xhup	legacy-compatible
夜	ye	wn	31	rime-fast-xhup	legacy-compatible
够	gz	bx	39	rime-fast-xhup	legacy-compatible
够	gz	jx	39	rime-fast-xhup	legacy-compatible
夤	yb	xb	2	rime-fast-xhup	legacy-compatible
夥	ho	gx	3	rime-fast-xhup	legacy-compatible
大	da	un	57	rime-fast-xhup	legacy-compatible
大	dd	un	11	rime-fast-xhup	legacy-compatible
天	tm	ad	49	rime-fast-xhup	legacy-compatible
太	td	dd	53	rime-fast-xhup	legacy-compatible
夫	fu	an	27	rime-fast-xhup	legacy-compatible
夬	gk	vn	8	rime-fast-xhup	legacy-compatible
夭	yc	pd	10	rime-fast-xhup	legacy-compatible
央	yh	lg	16	rime-fast-xhup	legacy-compatible
央	yh	ln	16	rime-fast-xhup	legacy-compatible
夯	bf	dl	1	rime-fast-xhup	legacy-compatible
夯	hh	dl	11	rime-fast-xhup	legacy-compatible
失	ui	pf	24	rime-fast-xhup	legacy-compatible
头	tz	dd	42	rime-fast-xhup	legacy-compatible
夷	yi	an	16	rime-fast-xhup	legacy-compatible
夸	kx	dk	24	rime-fast-xhup	legacy-compatible
夹	ga	an	2	rime-fast-xhup	legacy-compatible
夹	jx	an	26	rime-fast-xhup	legacy-compatible
夺	do	dc	21	rime-fast-xhup	legacy-compatible
夼	kl	di	3	rime-fast-xhup	legacy-compatible
奀	en	bd	2	rime-fast-xhup	legacy-compatible
奁	lm	dx	4	rime-fast-xhup	legacy-compatible
奂	hr	dd	7	rime-fast-xhup	legacy-compatible
奄	yj	dd	6	rime-fast-xhup	legacy-compatible
奇	ji	dk	5	rime-fast-xhup	legacy-compatible
奇	qi	dk	27	rime-fast-xhup	legacy-compatible
奈	nd	dx	20	rime-fast-xhup	legacy-compatible
奉	fg	fl	19	rime-fast-xhup	legacy-compatible
奋	ff	dt	14	rime-fast-xhup	legacy-compatible
奎	kv	dt	18	rime-fast-xhup	legacy-compatible
奏	zz	ft	18	rime-fast-xhup	legacy-compatible
契	qi	fd	14	rime-fast-xhup	legacy-compatible
契	qp	fd	0	rime-fast-xhup	legacy-compatible
契	xp	fd	4	rime-fast-xhup	legacy-compatible
奓	ii	dx	0	rime-fast-xhup	legacy-compatible
奓	ue	dx	0	rime-fast-xhup	legacy-compatible
奓	va	dx	1	rime-fast-xhup	legacy-compatible
奔	bf	dc	23	rime-fast-xhup	legacy-compatible
奕	yi	wd	16	rime-fast-xhup	legacy-compatible
奖	jl	dd	31	rime-fast-xhup	legacy-compatible
奖	jl	pd	31	rime-fast-xhup	legacy-compatible
套	tc	ds	35	rime-fast-xhup	legacy-compatible
奘	vl	pd	2	rime-fast-xhup	legacy-compatible
奘	vl	vd	2	rime-fast-xhup	legacy-compatible
奘	zh	pd	2	rime-fast-xhup	legacy-compatible
奘	zh	vd	2	rime-fast-xhup	legacy-compatible
奚	xi	pd	13	rime-fast-xhup	legacy-compatible
奚	xi	vd	13	rime-fast-xhup	legacy-compatible
奠	dm	bd	7	rime-fast-xhup	legacy-compatible
奡	ao	al	1	rime-fast-xhup	legacy-compatible
奢	ue	do	11	rime-fast-xhup	legacy-compatible
奥	ao	pd	32	rime-fast-xhup	legacy-compatible
奥	yu	pd	0	rime-fast-xhup	legacy-compatible
奭	ui	db	3	rime-fast-xhup	legacy-compatible
女	nv	va	43	rime-fast-xhup	legacy-compatible
女	ru	va	0	rime-fast-xhup	legacy-compatible
奴	nu	ny	21	rime-fast-xhup	legacy-compatible
奶	nd	nn	27	rime-fast-xhup	legacy-compatible
奸	jm	ng	17	rime-fast-xhup	legacy-compatible
她	jp	ny	0	rime-fast-xhup	legacy-compatible
她	ta	ny	64	rime-fast-xhup	legacy-compatible
好	hc	nz	70	rime-fast-xhup	legacy-compatible
妁	uo	nu	2	rime-fast-xhup	legacy-compatible
如	ru	nk	47	rime-fast-xhup	legacy-compatible
妃	fw	nj	19	rime-fast-xhup	legacy-compatible
妃	pw	nj	0	rime-fast-xhup	legacy-compatible
妄	wh	wn	14	rime-fast-xhup	legacy-compatible
妆	vl	dn	20	rime-fast-xhup	legacy-compatible
妆	vl	pn	20	rime-fast-xhup	legacy-compatible
妇	fu	ne	18	rime-fast-xhup	legacy-compatible
妈	ma	nm	36	rime-fast-xhup	legacy-compatible
妊	rf	nr	6	rime-fast-xhup	legacy-compatible
妍	yj	nk	21	rime-fast-xhup	legacy-compatible
妒	du	nh	11	rime-fast-xhup	legacy-compatible
妓	ji	ny	13	rime-fast-xhup	legacy-compatible
妖	yc	ny	24	rime-fast-xhup	legacy-compatible
妗	jb	nv	4	rime-fast-xhup	legacy-compatible
妘	yy	ns	1	rime-fast-xhup	legacy-compatible
妙	mn	nu	23	rime-fast-xhup	legacy-compatible
妞	nq	ni	23	rime-fast-xhup	legacy-compatible
妣	bi	nb	5	rime-fast-xhup	legacy-compatible
妤	yu	nl	10	rime-fast-xhup	legacy-compatible
妥	to	pn	15	rime-fast-xhup	legacy-compatible
妥	to	vn	15	rime-fast-xhup	legacy-compatible
妧	wj	ne	0	rime-fast-xhup	legacy-compatible
妧	yr	ne	2	rime-fast-xhup	legacy-compatible
妨	fh	nf	8	rime-fast-xhup	legacy-compatible
妩	wu	nw	6	rime-fast-xhup	legacy-compatible
妪	yu	nx	3	rime-fast-xhup	legacy-compatible
妫	gv	nw	6	rime-fast-xhup	legacy-compatible
妭	ba	nd	0	rime-fast-xhup	legacy-compatible
妮	ni	nb	22	rime-fast-xhup	legacy-compatible
妯	vz	ny	3	rime-fast-xhup	legacy-compatible
妲	da	na	7	rime-fast-xhup	legacy-compatible
妲	da	nd	7	rime-fast-xhup	legacy-compatible
妹	mw	nw	26	rime-fast-xhup	legacy-compatible
妻	qi	an	23	rime-fast-xhup	legacy-compatible
妾	qp	ln	16	rime-fast-xhup	legacy-compatible
姆	mu	nm	19	rime-fast-xhup	legacy-compatible
姈	lk	ns	1	rime-fast-xhup	legacy-compatible
姊	zi	np	9	rime-fast-xhup	legacy-compatible
始	ui	nk	23	rime-fast-xhup	legacy-compatible
姐	jp	nq	31	rime-fast-xhup	legacy-compatible
姑	gu	nk	18	rime-fast-xhup	legacy-compatible
姒	si	nr	5	rime-fast-xhup	legacy-compatible
姓	xk	nu	29	rime-fast-xhup	legacy-compatible
委	ww	hn	24	rime-fast-xhup	legacy-compatible
姗	uj	nc	10	rime-fast-xhup	legacy-compatible
姘	pb	nk	7	rime-fast-xhup	legacy-compatible
姚	yc	nd	25	rime-fast-xhup	legacy-compatible
姜	jl	yn	26	rime-fast-xhup	legacy-compatible
姝	uu	nv	13	rime-fast-xhup	legacy-compatible
姞	ji	nk	0	rime-fast-xhup	legacy-compatible
姣	jn	nx	10	rime-fast-xhup	legacy-compatible
姣	xn	nx	0	rime-fast-xhup	legacy-compatible
姤	du	nk	0	rime-fast-xhup	legacy-compatible
姤	gz	nk	2	rime-fast-xhup	legacy-compatible
姥	lc	nb	8	rime-fast-xhup	legacy-compatible
姥	mu	nb	0	rime-fast-xhup	legacy-compatible
姨	yi	ny	18	rime-fast-xhup	legacy-compatible
姬	ji	nl	21	rime-fast-xhup	legacy-compatible
姮	hg	na	4	rime-fast-xhup	legacy-compatible
姱	hu	nk	0	rime-fast-xhup	legacy-compatible
姱	kx	nk	1	rime-fast-xhup	legacy-compatible
姶	ee	nk	0	rime-fast-xhup	legacy-compatible
姶	ya	nk	1	rime-fast-xhup	legacy-compatible
姹	ia	nq	6	rime-fast-xhup	legacy-compatible
姻	yb	nd	5	rime-fast-xhup	legacy-compatible
姽	gv	nv	0	rime-fast-xhup	legacy-compatible
姿	zi	dn	18	rime-fast-xhup	legacy-compatible
娀	ss	nu	2	rime-fast-xhup	legacy-compatible
威	ww	wn	26	rime-fast-xhup	legacy-compatible
威	ww	xn	26	rime-fast-xhup	legacy-compatible
娃	wa	nt	24	rime-fast-xhup	legacy-compatible
娄	lz	mn	15	rime-fast-xhup	legacy-compatible
娅	ya	ny	17	rime-fast-xhup	legacy-compatible
娆	rc	nw	6	rime-fast-xhup	legacy-compatible
娇	jn	nl	20	rime-fast-xhup	legacy-compatible
娈	lr	wn	4	rime-fast-xhup	legacy-compatible
娉	pk	nv	8	rime-fast-xhup	legacy-compatible
娌	li	nl	4	rime-fast-xhup	legacy-compatible
娑	so	dn	8	rime-fast-xhup	legacy-compatible
娓	ww	nm	5	rime-fast-xhup	legacy-compatible
娘	nl	nl	28	rime-fast-xhup	legacy-compatible
娜	na	ne	25	rime-fast-xhup	legacy-compatible
娜	no	ne	1	rime-fast-xhup	legacy-compatible
娟	jr	no	21	rime-fast-xhup	legacy-compatible
娠	uf	nn	2	rime-fast-xhup	legacy-compatible
娣	di	np	13	rime-fast-xhup	legacy-compatible
娥	ee	nw	17	rime-fast-xhup	legacy-compatible
娩	mm	nv	3	rime-fast-xhup	legacy-compatible
娱	yu	nt	15	rime-fast-xhup	legacy-compatible
娲	wa	nn	7	rime-fast-xhup	legacy-compatible
娴	xm	nm	14	rime-fast-xhup	legacy-compatible
娵	ju	ny	1	rime-fast-xhup	legacy-compatible
娶	qu	en	23	rime-fast-xhup	legacy-compatible
娼	ih	no	10	rime-fast-xhup	legacy-compatible
婀	ee	nk	4	rime-fast-xhup	legacy-compatible
婆	po	dn	21	rime-fast-xhup	legacy-compatible
婉	wj	nv	17	rime-fast-xhup	legacy-compatible
婊	bn	ny	6	rime-fast-xhup	legacy-compatible
婌	uu	ny	1	rime-fast-xhup	legacy-compatible
婍	qi	nk	1	rime-fast-xhup	legacy-compatible
婕	jp	nr	16	rime-fast-xhup	legacy-compatible
婗	ni	ne	1	rime-fast-xhup	legacy-compatible
婘	jr	nv	0	rime-fast-xhup	legacy-compatible
婘	qr	nv	1	rime-fast-xhup	legacy-compatible
婚	hy	no	23	rime-fast-xhup	legacy-compatible
婞	xk	ng	0	rime-fast-xhup	legacy-compatible
婠	wa	nk	0	rime-fast-xhup	legacy-compatible
婠	wj	nk	5	rime-fast-xhup	legacy-compatible
婢	bi	nu	8	rime-fast-xhup	legacy-compatible
婤	iz	nk	0	rime-fast-xhup	legacy-compatible
婤	vz	nk	1	rime-fast-xhup	legacy-compatible
婧	jk	no	14	rime-fast-xhup	legacy-compatible
婪	lj	mn	3	rime-fast-xhup	legacy-compatible
婫	hy	nb	0	rime-fast-xhup	legacy-compatible
婫	ky	nb	0	rime-fast-xhup	legacy-compatible
婳	hx	nk	0	rime-fast-xhup	legacy-compatible
婴	yk	bn	15	rime-fast-xhup	legacy-compatible
婴	yk	kn	15	rime-fast-xhup	legacy-compatible
婵	ij	nl	11	rime-fast-xhup	legacy-compatible
婶	uf	nu	12	rime-fast-xhup	legacy-compatible
婷	tk	nd	20	rime-fast-xhup	legacy-compatible
婺	wu	mn	6	rime-fast-xhup	legacy-compatible
婺	wu	sn	6	rime-fast-xhup	legacy-compatible
婻	nj	ng	1	rime-fast-xhup	legacy-compatible
婼	io	nk	0	rime-fast-xhup	legacy-compatible
婼	ro	nk	1	rime-fast-xhup	legacy-compatible
婿	xu	no	8	rime-fast-xhup	legacy-compatible
媂	di	nj	0	rime-fast-xhup	legacy-compatible
媂	ti	nj	0	rime-fast-xhup	legacy-compatible
媄	mw	nd	2	rime-fast-xhup	legacy-compatible
媆	nf	nd	0	rime-fast-xhup	legacy-compatible
媆	rr	nd	0	rime-fast-xhup	legacy-compatible
媒	mw	nm	16	rime-fast-xhup	legacy-compatible
媓	hl	nw	1	rime-fast-xhup	legacy-compatible
媖	yk	ny	0	rime-fast-xhup	legacy-compatible
媚	mw	no	19	rime-fast-xhup	legacy-compatible
媛	yr	ny	17	rime-fast-xhup	legacy-compatible
媞	ti	nr	0	rime-fast-xhup	legacy-compatible
媞	ui	nr	0	rime-fast-xhup	legacy-compatible
媪	ao	nm	5	rime-fast-xhup	legacy-compatible
媭	xu	pn	0	rime-fast-xhup	legacy-compatible
媱	yc	nf	3	rime-fast-xhup	legacy-compatible
媲	pi	nb	3	rime-fast-xhup	legacy-compatible
媳	xi	nx	7	rime-fast-xhup	legacy-compatible
媵	yk	on	3	rime-fast-xhup	legacy-compatible
媸	ii	ni	2	rime-fast-xhup	legacy-compatible
媾	gz	nr	4	rime-fast-xhup	legacy-compatible
嫁	jx	nu	25	rime-fast-xhup	legacy-compatible
嫂	sc	ny	16	rime-fast-xhup	legacy-compatible
嫄	yr	nx	3	rime-fast-xhup	legacy-compatible
嫉	ji	nu	7	rime-fast-xhup	legacy-compatible
嫌	xm	nn	24	rime-fast-xhup	legacy-compatible
嫐	nc	nn	2	rime-fast-xhup	legacy-compatible
嫒	ai	ny	5	rime-fast-xhup	legacy-compatible
嫔	pb	nb	10	rime-fast-xhup	legacy-compatible
嫕	yi	nx	1	rime-fast-xhup	legacy-compatible
嫖	pn	nx	15	rime-fast-xhup	legacy-compatible
嫘	lw	nx	2	rime-fast-xhup	legacy-compatible
嫚	mj	ny	5	rime-fast-xhup	legacy-compatible
嫜	vh	nu	1	rime-fast-xhup	legacy-compatible
嫠	li	wn	2	rime-fast-xhup	legacy-compatible
嫡	di	nk	8	rime-fast-xhup	legacy-compatible
嫣	yj	nh	14	rime-fast-xhup	legacy-compatible
嫦	ih	nj	7	rime-fast-xhup	legacy-compatible
嫩	nf	nw	27	rime-fast-xhup	legacy-compatible
嫪	lc	np	4	rime-fast-xhup	legacy-compatible
嫫	mo	nd	5	rime-fast-xhup	legacy-compatible
嫭	hu	nh	2	rime-fast-xhup	legacy-compatible
嫱	ql	nk	5	rime-fast-xhup	legacy-compatible
嫽	ln	nx	1	rime-fast-xhup	legacy-compatible
嬉	xi	nk	10	rime-fast-xhup	legacy-compatible
嬖	bi	un	3	rime-fast-xhup	legacy-compatible
嬗	uj	na	3	rime-fast-xhup	legacy-compatible
嬗	uj	nd	3	rime-fast-xhup	legacy-compatible
嬛	hr	ny	5	rime-fast-xhup	legacy-compatible
嬛	qs	ny	0	rime-fast-xhup	legacy-compatible
嬛	xr	ny	0	rime-fast-xhup	legacy-compatible
嬢	nl	ny	0	rime-fast-xhup	legacy-compatible
嬥	tn	nf	1	rime-fast-xhup	legacy-compatible
嬬	ru	ne	4	rime-fast-xhup	legacy-compatible
嬲	nn	tl	14	rime-fast-xhup	legacy-compatible
嬲	nn	tn	14	rime-fast-xhup	legacy-compatible
嬴	yk	wf	9	rime-fast-xhup	legacy-compatible
嬷	mo	nm	5	rime-fast-xhup	legacy-compatible
嬿	yj	nh	0	rime-fast-xhup	legacy-compatible
孀	ul	no	3	rime-fast-xhup	legacy-compatible
孃	nl	ny	4	rime-fast-xhup	legacy-compatible
孅	qm	nj	0	rime-fast-xhup	legacy-compatible
孅	xm	nj	1	rime-fast-xhup	legacy-compatible
子	zi	va	42	rime-fast-xhup	legacy-compatible
孑	jp	va	10	rime-fast-xhup	legacy-compatible
孓	jt	vn	10	rime-fast-xhup	legacy-compatible
孔	ks	zv	28	rime-fast-xhup	legacy-compatible
孕	yy	nz	18	rime-fast-xhup	legacy-compatible
孖	ma	zz	4	rime-fast-xhup	legacy-compatible
孖	zi	zz	4	rime-fast-xhup	legacy-compatible
字	zi	bz	40	rime-fast-xhup	legacy-compatible
存	cy	uz	31	rime-fast-xhup	legacy-compatible
孙	sy	zx	32	rime-fast-xhup	legacy-compatible
孙	xy	zx	0	rime-fast-xhup	legacy-compatible
孚	fu	pz	11	rime-fast-xhup	legacy-compatible
孚	fu	vz	11	rime-fast-xhup	legacy-compatible
孛	bo	uz	0	rime-fast-xhup	legacy-compatible
孛	bw	uz	0	rime-fast-xhup	legacy-compatible
孜	zi	zw	10	rime-fast-xhup	legacy-compatible
孝	xn	lz	21	rime-fast-xhup	legacy-compatible
孟	mg	zm	25	rime-fast-xhup	legacy-compatible
孢	bc	zs	8	rime-fast-xhup	legacy-compatible
季	ji	hz	26	rime-fast-xhup	legacy-compatible
孤	gu	zg	21	rime-fast-xhup	legacy-compatible
孥	nu	nz	2	rime-fast-xhup	legacy-compatible
学	xt	xz	45	rime-fast-xhup	legacy-compatible
孩	hd	zr	20	rime-fast-xhup	legacy-compatible
孪	lr	wz	4	rime-fast-xhup	legacy-compatible
孬	nc	bz	9	rime-fast-xhup	legacy-compatible
孰	uu	ww	16	rime-fast-xhup	legacy-compatible
孱	cj	uz	3	rime-fast-xhup	legacy-compatible
孱	ij	uz	3	rime-fast-xhup	legacy-compatible
孳	zi	bz	2	rime-fast-xhup	legacy-compatible
孵	fu	lz	8	rime-fast-xhup	legacy-compatible
孺	ru	ze	7	rime-fast-xhup	legacy-compatible
孽	np	cz	12	rime-fast-xhup	legacy-compatible
宁	nk	bd	29	rime-fast-xhup	legacy-compatible
它	ta	bb	51	rime-fast-xhup	legacy-compatible
宄	gv	bj	2	rime-fast-xhup	legacy-compatible
宅	vd	bq	21	rime-fast-xhup	legacy-compatible
宇	yu	by	26	rime-fast-xhup	legacy-compatible
守	uz	bc	28	rime-fast-xhup	legacy-compatible
安	an	bn	37	rime-fast-xhup	legacy-compatible
宋	ss	bm	30	rime-fast-xhup	legacy-compatible
完	wj	be	43	rime-fast-xhup	legacy-compatible
宏	hs	bs	27	rime-fast-xhup	legacy-compatible
宓	fu	bb	1	rime-fast-xhup	legacy-compatible
宓	mi	bb	8	rime-fast-xhup	legacy-compatible
宕	dh	bu	9	rime-fast-xhup	legacy-compatible
宗	zs	bx	27	rime-fast-xhup	legacy-compatible
官	gr	bk	30	rime-fast-xhup	legacy-compatible
宙	vz	by	10	rime-fast-xhup	legacy-compatible
定	dk	br	39	rime-fast-xhup	legacy-compatible
宛	wj	bv	14	rime-fast-xhup	legacy-compatible
宛	yr	bv	0	rime-fast-xhup	legacy-compatible
宜	yi	bq	26	rime-fast-xhup	legacy-compatible
宝	bc	by	32	rime-fast-xhup	legacy-compatible
实	ui	bd	28	rime-fast-xhup	legacy-compatible
宠	is	bl	22	rime-fast-xhup	legacy-compatible
审	uf	bu	21	rime-fast-xhup	legacy-compatible
客	ke	bk	30	rime-fast-xhup	legacy-compatible
宣	xr	ba	21	rime-fast-xhup	legacy-compatible
室	ui	bt	32	rime-fast-xhup	legacy-compatible
宥	yz	bo	7	rime-fast-xhup	legacy-compatible
宦	hr	bi	9	rime-fast-xhup	legacy-compatible
宧	yi	bl	1	rime-fast-xhup	legacy-compatible
宪	xm	be	17	rime-fast-xhup	legacy-compatible
宫	gs	bk	27	rime-fast-xhup	legacy-compatible
宬	ig	bi	2	rime-fast-xhup	legacy-compatible
宰	zd	bu	20	rime-fast-xhup	legacy-compatible
害	hd	bk	27	rime-fast-xhup	legacy-compatible
宴	yj	bn	17	rime-fast-xhup	legacy-compatible
宵	xn	bo	12	rime-fast-xhup	legacy-compatible
家	jp	bu	2	rime-fast-xhup	legacy-compatible
家	jx	bu	50	rime-fast-xhup	legacy-compatible
宸	if	bn	11	rime-fast-xhup	legacy-compatible
容	rs	bk	26	rime-fast-xhup	legacy-compatible
宽	kr	be	28	rime-fast-xhup	legacy-compatible
宾	bb	bb	19	rime-fast-xhup	legacy-compatible
宿	su	bb	18	rime-fast-xhup	legacy-compatible
宿	xq	bb	10	rime-fast-xhup	legacy-compatible
寁	zj	br	1	rime-fast-xhup	legacy-compatible
寂	ji	by	14	rime-fast-xhup	legacy-compatible
寄	ji	bk	30	rime-fast-xhup	legacy-compatible
寅	yb	bb	14	rime-fast-xhup	legacy-compatible
密	mi	be	26	rime-fast-xhup	legacy-compatible
寇	kz	by	16	rime-fast-xhup	legacy-compatible
富	fu	bt	29	rime-fast-xhup	legacy-compatible
寐	mw	bw	11	rime-fast-xhup	legacy-compatible
寒	hj	bd	30	rime-fast-xhup	legacy-compatible
寓	yu	by	13	rime-fast-xhup	legacy-compatible
寝	qb	by	15	rime-fast-xhup	legacy-compatible
寞	mo	bd	7	rime-fast-xhup	legacy-compatible
察	ia	bx	17	rime-fast-xhup	legacy-compatible
寡	gx	bd	14	rime-fast-xhup	legacy-compatible
寤	wu	bk	5	rime-fast-xhup	legacy-compatible
寥	ln	bp	7	rime-fast-xhup	legacy-compatible
寨	vd	bm	19	rime-fast-xhup	legacy-compatible
寮	ln	bx	11	rime-fast-xhup	legacy-compatible
寰	hr	by	11	rime-fast-xhup	legacy-compatible
寸	cy	ad	28	rime-fast-xhup	legacy-compatible
对	dv	yc	67	rime-fast-xhup	legacy-compatible
寺	si	tc	25	rime-fast-xhup	legacy-compatible
寻	xy	ec	26	rime-fast-xhup	legacy-compatible
导	dc	sc	25	rime-fast-xhup	legacy-compatible
寿	uz	fc	21	rime-fast-xhup	legacy-compatible
封	fg	tc	33	rime-fast-xhup	legacy-compatible
射	ue	uc	26	rime-fast-xhup	legacy-compatible
射	ye	uc	0	rime-fast-xhup	legacy-compatible
射	yi	uc	0	rime-fast-xhup	legacy-compatible
将	jl	dc	58	rime-fast-xhup	legacy-compatible
将	jl	pc	58	rime-fast-xhup	legacy-compatible
尉	ww	uc	11	rime-fast-xhup	legacy-compatible
尉	yu	uc	2	rime-fast-xhup	legacy-compatible
尊	zy	bc	24	rime-fast-xhup	legacy-compatible
小	xn	ld	56	rime-fast-xhup	legacy-compatible
少	uc	xp	46	rime-fast-xhup	legacy-compatible
尔	er	dx	27	rime-fast-xhup	legacy-compatible
尕	ga	nx	8	rime-fast-xhup	legacy-compatible
尖	jm	xd	21	rime-fast-xhup	legacy-compatible
尘	if	xt	23	rime-fast-xhup	legacy-compatible
尚	uh	xk	29	rime-fast-xhup	legacy-compatible
尜	ga	xx	2	rime-fast-xhup	legacy-compatible
尝	ih	xs	21	rime-fast-xhup	legacy-compatible
尢	yz	uv	9	rime-fast-xhup	legacy-compatible
尤	yz	ud	22	rime-fast-xhup	legacy-compatible
尤	yz	yd	22	rime-fast-xhup	legacy-compatible
尥	ln	uu	2	rime-fast-xhup	legacy-compatible
尥	ln	yu	2	rime-fast-xhup	legacy-compatible
尧	yc	aw	19	rime-fast-xhup	legacy-compatible
尨	ls	ud	0	rime-fast-xhup	legacy-compatible
尨	mg	ud	0	rime-fast-xhup	legacy-compatible
尨	mh	ud	0	rime-fast-xhup	legacy-compatible
尨	ph	ud	2	rime-fast-xhup	legacy-compatible
尪	wh	uw	1	rime-fast-xhup	legacy-compatible
尪	wh	yw	1	rime-fast-xhup	legacy-compatible
尬	ga	ul	13	rime-fast-xhup	legacy-compatible
尬	ga	yl	13	rime-fast-xhup	legacy-compatible
就	jq	wy	74	rime-fast-xhup	legacy-compatible
尴	gj	um	3	rime-fast-xhup	legacy-compatible
尴	gj	ym	3	rime-fast-xhup	legacy-compatible
尸	ui	vp	19	rime-fast-xhup	legacy-compatible
尹	yb	vp	23	rime-fast-xhup	legacy-compatible
尺	ie	un	1	rime-fast-xhup	legacy-compatible
尺	ii	un	19	rime-fast-xhup	legacy-compatible
尻	kc	uj	12	rime-fast-xhup	legacy-compatible
尼	ni	ub	26	rime-fast-xhup	legacy-compatible
尽	jb	id	31	rime-fast-xhup	legacy-compatible
尾	ww	um	20	rime-fast-xhup	legacy-compatible
尾	yi	um	20	rime-fast-xhup	legacy-compatible
尿	nn	uu	24	rime-fast-xhup	legacy-compatible
尿	sv	uu	2	rime-fast-xhup	legacy-compatible
局	ju	uk	34	rime-fast-xhup	legacy-compatible
屁	pi	ub	27	rime-fast-xhup	legacy-compatible
层	cg	us	33	rime-fast-xhup	legacy-compatible
屃	xi	ur	0	rime-fast-xhup	legacy-compatible
屄	bi	ub	14	rime-fast-xhup	legacy-compatible
居	ju	uk	27	rime-fast-xhup	legacy-compatible
屈	qu	ui	20	rime-fast-xhup	legacy-compatible
屉	ti	uu	7	rime-fast-xhup	legacy-compatible
届	jp	uy	26	rime-fast-xhup	legacy-compatible
屋	wu	ut	26	rime-fast-xhup	legacy-compatible
屌	dn	uj	17	rime-fast-xhup	legacy-compatible
屎	ui	um	22	rime-fast-xhup	legacy-compatible
屏	bk	uc	4	rime-fast-xhup	legacy-compatible
屏	bk	uk	4	rime-fast-xhup	legacy-compatible
屏	pk	uk	25	rime-fast-xhup	legacy-compatible
屐	ji	uy	6	rime-fast-xhup	legacy-compatible
屑	xp	uo	14	rime-fast-xhup	legacy-compatible
展	vj	un	28	rime-fast-xhup	legacy-compatible
屙	ee	uk	9	rime-fast-xhup	legacy-compatible
属	uu	uy	30	rime-fast-xhup	legacy-compatible
属	vu	uy	1	rime-fast-xhup	legacy-compatible
屠	tu	uo	16	rime-fast-xhup	legacy-compatible
屡	lv	un	17	rime-fast-xhup	legacy-compatible
屣	xi	ur	4	rime-fast-xhup	legacy-compatible
履	lv	uw	14	rime-fast-xhup	legacy-compatible
屦	ju	un	3	rime-fast-xhup	legacy-compatible
屮	cc	vl	0	rime-fast-xhup	legacy-compatible
屯	ty	av	18	rime-fast-xhup	legacy-compatible
屯	vy	av	1	rime-fast-xhup	legacy-compatible
山	uj	lk	37	rime-fast-xhup	legacy-compatible
屹	yi	eq	8	rime-fast-xhup	legacy-compatible
屺	qi	ej	3	rime-fast-xhup	legacy-compatible
屼	wu	ew	5	rime-fast-xhup	legacy-compatible
屾	uf	ee	6	rime-fast-xhup	legacy-compatible
屿	yu	ey	11	rime-fast-xhup	legacy-compatible
岁	sv	ex	36	rime-fast-xhup	legacy-compatible
岂	kd	ej	0	rime-fast-xhup	legacy-compatible
岂	qi	ej	17	rime-fast-xhup	legacy-compatible
岈	ya	ey	2	rime-fast-xhup	legacy-compatible
岊	jp	be	0	rime-fast-xhup	legacy-compatible
岌	ji	ej	2	rime-fast-xhup	legacy-compatible
岍	qm	ek	1	rime-fast-xhup	legacy-compatible
岐	qi	ey	12	rime-fast-xhup	legacy-compatible
岑	cf	ev	15	rime-fast-xhup	legacy-compatible
岔	ia	be	11	rime-fast-xhup	legacy-compatible
岔	ia	fe	11	rime-fast-xhup	legacy-compatible
岖	qu	ex	2	rime-fast-xhup	legacy-compatible
岗	gh	ex	22	rime-fast-xhup	legacy-compatible
岘	xm	ee	5	rime-fast-xhup	legacy-compatible
岙	ao	ye	8	rime-fast-xhup	legacy-compatible
岚	lj	ex	18	rime-fast-xhup	legacy-compatible
岛	dc	ne	28	rime-fast-xhup	legacy-compatible
岛	dc	pe	28	rime-fast-xhup	legacy-compatible
岜	ba	eb	4	rime-fast-xhup	legacy-compatible
岞	zo	ev	0	rime-fast-xhup	legacy-compatible
岠	ju	ej	1	rime-fast-xhup	legacy-compatible
岢	ke	ek	4	rime-fast-xhup	legacy-compatible
岣	gz	ek	3	rime-fast-xhup	legacy-compatible
岨	ju	eq	1	rime-fast-xhup	legacy-compatible
岨	qu	eq	1	rime-fast-xhup	legacy-compatible
岩	yj	eu	25	rime-fast-xhup	legacy-compatible
岫	xq	ey	9	rime-fast-xhup	legacy-compatible
岬	jx	ej	5	rime-fast-xhup	legacy-compatible
岭	lk	es	22	rime-fast-xhup	legacy-compatible
岱	dd	re	12	rime-fast-xhup	legacy-compatible
岳	yt	ie	22	rime-fast-xhup	legacy-compatible
岳	yt	qe	22	rime-fast-xhup	legacy-compatible
岵	hu	ek	1	rime-fast-xhup	legacy-compatible
岷	mb	em	8	rime-fast-xhup	legacy-compatible
岸	an	eg	21	rime-fast-xhup	legacy-compatible
岽	ds	ed	2	rime-fast-xhup	legacy-compatible
岿	kv	ee	5	rime-fast-xhup	legacy-compatible
峁	mc	ee	4	rime-fast-xhup	legacy-compatible
峂	ts	ed	0	rime-fast-xhup	legacy-compatible
峃	xt	xe	0	rime-fast-xhup	legacy-compatible
峄	yi	el	4	rime-fast-xhup	legacy-compatible
峋	xy	eo	3	rime-fast-xhup	legacy-compatible
峒	ds	ek	5	rime-fast-xhup	legacy-compatible
峒	ts	ek	3	rime-fast-xhup	legacy-compatible
峗	ww	ev	0	rime-fast-xhup	legacy-compatible
峘	hr	ea	1	rime-fast-xhup	legacy-compatible
峙	ui	ec	6	rime-fast-xhup	legacy-compatible
峙	vi	ec	7	rime-fast-xhup	legacy-compatible
峛	li	ed	1	rime-fast-xhup	legacy-compatible
峡	xx	ej	15	rime-fast-xhup	legacy-compatible
峣	yc	ew	0	rime-fast-xhup	legacy-compatible
峤	jn	el	3	rime-fast-xhup	legacy-compatible
峤	qn	el	5	rime-fast-xhup	legacy-compatible
峥	vg	el	11	rime-fast-xhup	legacy-compatible
峦	lr	we	10	rime-fast-xhup	legacy-compatible
峧	jn	ex	0	rime-fast-xhup	legacy-compatible
峨	ee	ew	9	rime-fast-xhup	legacy-compatible
峪	yu	ek	13	rime-fast-xhup	legacy-compatible
峭	qn	eo	7	rime-fast-xhup	legacy-compatible
峰	fg	ef	29	rime-fast-xhup	legacy-compatible
峱	nc	qe	0	rime-fast-xhup	legacy-compatible
峻	jy	ew	14	rime-fast-xhup	legacy-compatible
峿	wu	ek	0	rime-fast-xhup	legacy-compatible
崀	lh	el	3	rime-fast-xhup	legacy-compatible
崁	kj	er	1	rime-fast-xhup	legacy-compatible
崂	lc	el	3	rime-fast-xhup	legacy-compatible
崃	ld	el	2	rime-fast-xhup	legacy-compatible
崄	xm	ea	0	rime-fast-xhup	legacy-compatible
崆	ks	eg	3	rime-fast-xhup	legacy-compatible
崇	is	ex	18	rime-fast-xhup	legacy-compatible
崌	ju	ek	2	rime-fast-xhup	legacy-compatible
崎	qi	ek	13	rime-fast-xhup	legacy-compatible
崑	ky	eb	4	rime-fast-xhup	legacy-compatible
崒	cv	eu	0	rime-fast-xhup	legacy-compatible
崒	zu	eu	4	rime-fast-xhup	legacy-compatible
崔	cv	ef	24	rime-fast-xhup	legacy-compatible
崖	ya	et	17	rime-fast-xhup	legacy-compatible
崚	lg	ew	1	rime-fast-xhup	legacy-compatible
崚	lk	ew	1	rime-fast-xhup	legacy-compatible
崛	jt	ei	6	rime-fast-xhup	legacy-compatible
崞	go	ez	2	rime-fast-xhup	legacy-compatible
崟	yb	ej	2	rime-fast-xhup	legacy-compatible
崡	hj	ek	0	rime-fast-xhup	legacy-compatible
崤	xn	eo	2	rime-fast-xhup	legacy-compatible
崦	yj	ed	3	rime-fast-xhup	legacy-compatible
崧	ss	es	7	rime-fast-xhup	legacy-compatible
崩	bg	eo	17	rime-fast-xhup	legacy-compatible
崭	ij	ej	0	rime-fast-xhup	legacy-compatible
崭	vj	ej	4	rime-fast-xhup	legacy-compatible
崮	gu	ek	5	rime-fast-xhup	legacy-compatible
崴	wd	en	10	rime-fast-xhup	legacy-compatible
崴	ww	en	2	rime-fast-xhup	legacy-compatible
崶	fg	ec	2	rime-fast-xhup	legacy-compatible
崽	zd	ex	14	rime-fast-xhup	legacy-compatible
崾	yc	en	3	rime-fast-xhup	legacy-compatible
崿	ee	ek	0	rime-fast-xhup	legacy-compatible
嵁	kj	ev	0	rime-fast-xhup	legacy-compatible
嵁	vj	ev	2	rime-fast-xhup	legacy-compatible
嵅	hj	ek	0	rime-fast-xhup	legacy-compatible
嵇	ji	he	7	rime-fast-xhup	legacy-compatible
嵊	ug	en	3	rime-fast-xhup	legacy-compatible
嵋	mw	eo	3	rime-fast-xhup	legacy-compatible
嵌	kj	er	2	rime-fast-xhup	legacy-compatible
嵌	qm	er	15	rime-fast-xhup	legacy-compatible
嵎	yu	ey	0	rime-fast-xhup	legacy-compatible
嵖	ia	ea	0	rime-fast-xhup	legacy-compatible
嵘	rs	em	8	rime-fast-xhup	legacy-compatible
嵚	qb	er	0	rime-fast-xhup	legacy-compatible
嵛	yu	ed	5	rime-fast-xhup	legacy-compatible
嵝	lz	en	2	rime-fast-xhup	legacy-compatible
嵩	ss	ek	12	rime-fast-xhup	legacy-compatible
嵫	zi	ey	2	rime-fast-xhup	legacy-compatible
嵬	ww	eg	4	rime-fast-xhup	legacy-compatible
嵯	co	eg	2	rime-fast-xhup	legacy-compatible
嵲	np	em	1	rime-fast-xhup	legacy-compatible
嵴	ji	eo	5	rime-fast-xhup	legacy-compatible
嶂	vh	eu	7	rime-fast-xhup	legacy-compatible
嶅	ao	fe	0	rime-fast-xhup	legacy-compatible
嶍	xi	eb	1	rime-fast-xhup	legacy-compatible
嶒	cg	eo	1	rime-fast-xhup	legacy-compatible
嶓	bo	et	1	rime-fast-xhup	legacy-compatible
嶙	lb	el	3	rime-fast-xhup	legacy-compatible
嶝	dg	ea	2	rime-fast-xhup	legacy-compatible
嶟	zy	ec	1	rime-fast-xhup	legacy-compatible
嶦	uj	ek	0	rime-fast-xhup	legacy-compatible
嶦	vj	ek	0	rime-fast-xhup	legacy-compatible
嶲	gv	ev	0	rime-fast-xhup	legacy-compatible
嶲	jr	ev	0	rime-fast-xhup	legacy-compatible
嶲	xi	ev	1	rime-fast-xhup	legacy-compatible
嶷	yi	er	5	rime-fast-xhup	legacy-compatible
巅	dm	er	8	rime-fast-xhup	legacy-compatible
巇	xi	eg	1	rime-fast-xhup	legacy-compatible
巉	ij	ed	1	rime-fast-xhup	legacy-compatible
巍	ww	eg	12	rime-fast-xhup	legacy-compatible
川	ir	pl	27	rime-fast-xhup	legacy-compatible
州	vz	dl	28	rime-fast-xhup	legacy-compatible
巡	xy	zv	16	rime-fast-xhup	legacy-compatible
巢	ic	vg	17	rime-fast-xhup	legacy-compatible
工	gs	aa	32	rime-fast-xhup	legacy-compatible
左	zo	ug	34	rime-fast-xhup	legacy-compatible
巧	qn	gv	25	rime-fast-xhup	legacy-compatible
巨	ju	ka	26	rime-fast-xhup	legacy-compatible
巨	ju	kk	26	rime-fast-xhup	legacy-compatible
巩	gs	gf	14	rime-fast-xhup	legacy-compatible
巫	wu	gr	16	rime-fast-xhup	legacy-compatible
差	ci	yg	7	rime-fast-xhup	legacy-compatible
差	ia	yg	41	rime-fast-xhup	legacy-compatible
差	id	yg	14	rime-fast-xhup	legacy-compatible
巯	qq	vv	3	rime-fast-xhup	legacy-compatible
己	ji	vv	23	rime-fast-xhup	legacy-compatible
已	yi	vv	49	rime-fast-xhup	legacy-compatible
巳	si	vv	13	rime-fast-xhup	legacy-compatible
巴	ba	sl	28	rime-fast-xhup	legacy-compatible
巴	ba	vv	28	rime-fast-xhup	legacy-compatible
巷	hh	cs	5	rime-fast-xhup	legacy-compatible
巷	xl	cs	19	rime-fast-xhup	legacy-compatible
巽	xy	sb	9	rime-fast-xhup	legacy-compatible
巾	jb	ll	14	rime-fast-xhup	legacy-compatible
币	bi	pj	26	rime-fast-xhup	legacy-compatible
市	ui	wj	41	rime-fast-xhup	legacy-compatible
布	bu	uj	31	rime-fast-xhup	legacy-compatible
帅	uk	lj	33	rime-fast-xhup	legacy-compatible
帆	fj	jf	18	rime-fast-xhup	legacy-compatible
师	ui	lj	31	rime-fast-xhup	legacy-compatible
希	xi	xj	24	rime-fast-xhup	legacy-compatible
帏	ww	jw	6	rime-fast-xhup	legacy-compatible
帐	vh	ji	25	rime-fast-xhup	legacy-compatible
帑	nu	nj	1	rime-fast-xhup	legacy-compatible
帑	th	nj	2	rime-fast-xhup	legacy-compatible
帔	pw	jy	2	rime-fast-xhup	legacy-compatible
帕	pa	jb	21	rime-fast-xhup	legacy-compatible
帖	tp	jk	32	rime-fast-xhup	legacy-compatible
帘	lm	bj	17	rime-fast-xhup	legacy-compatible
帙	vi	ju	4	rime-fast-xhup	legacy-compatible
帚	vz	ej	5	rime-fast-xhup	legacy-compatible
帛	bo	bj	10	rime-fast-xhup	legacy-compatible
帜	vi	jb	6	rime-fast-xhup	legacy-compatible
帝	di	wj	24	rime-fast-xhup	legacy-compatible
帡	pk	jk	0	rime-fast-xhup	legacy-compatible
带	dd	fj	48	rime-fast-xhup	legacy-compatible
帧	vf	jr	20	rime-fast-xhup	legacy-compatible
帨	uv	je	1	rime-fast-xhup	legacy-compatible
席	xi	gj	20	rime-fast-xhup	legacy-compatible
帮	bh	fj	45	rime-fast-xhup	legacy-compatible
帱	dc	jc	1	rime-fast-xhup	legacy-compatible
帱	iz	jc	1	rime-fast-xhup	legacy-compatible
帷	ww	jf	8	rime-fast-xhup	legacy-compatible
常	ih	xj	34	rime-fast-xhup	legacy-compatible
帻	ze	jr	2	rime-fast-xhup	legacy-compatible
帼	go	jy	4	rime-fast-xhup	legacy-compatible
帽	mc	jo	19	rime-fast-xhup	legacy-compatible
幂	mi	bj	8	rime-fast-xhup	legacy-compatible
幄	wo	jt	5	rime-fast-xhup	legacy-compatible
幅	fu	jt	20	rime-fast-xhup	legacy-compatible
幌	hl	je	7	rime-fast-xhup	legacy-compatible
幌	hl	jw	7	rime-fast-xhup	legacy-compatible
幔	mj	jy	9	rime-fast-xhup	legacy-compatible
幕	mu	cj	18	rime-fast-xhup	legacy-compatible
幖	bn	jx	0	rime-fast-xhup	legacy-compatible
幛	vh	ju	5	rime-fast-xhup	legacy-compatible
幞	fu	jn	3	rime-fast-xhup	legacy-compatible
幡	fj	jt	9	rime-fast-xhup	legacy-compatible
幢	il	jl	3	rime-fast-xhup	legacy-compatible
幢	vl	jl	18	rime-fast-xhup	legacy-compatible
幪	mg	jn	1	rime-fast-xhup	legacy-compatible
幪	mg	ju	1	rime-fast-xhup	legacy-compatible
干	gj	au	43	rime-fast-xhup	legacy-compatible
平	pk	au	35	rime-fast-xhup	legacy-compatible
年	nm	pl	57	rime-fast-xhup	legacy-compatible
年	nm	rl	57	rime-fast-xhup	legacy-compatible
并	bk	bk	54	rime-fast-xhup	legacy-compatible
幸	xk	tg	20	rime-fast-xhup	legacy-compatible
幺	yc	vs	17	rime-fast-xhup	legacy-compatible
幻	hr	yv	21	rime-fast-xhup	legacy-compatible
幼	yz	yl	20	rime-fast-xhup	legacy-compatible
幽	yz	ey	24	rime-fast-xhup	legacy-compatible
幽	yz	yk	24	rime-fast-xhup	legacy-compatible
广	an	di	1	rime-fast-xhup	legacy-compatible
广	an	wp	1	rime-fast-xhup	legacy-compatible
广	gl	di	29	rime-fast-xhup	legacy-compatible
广	gl	wp	29	rime-fast-xhup	legacy-compatible
庄	vl	gt	28	rime-fast-xhup	legacy-compatible
庆	qk	gd	25	rime-fast-xhup	legacy-compatible
庇	bi	gb	9	rime-fast-xhup	legacy-compatible
床	il	gm	30	rime-fast-xhup	legacy-compatible
庋	gv	gv	2	rime-fast-xhup	legacy-compatible
庋	gv	gy	2	rime-fast-xhup	legacy-compatible
序	xu	gl	20	rime-fast-xhup	legacy-compatible
庐	lu	gh	12	rime-fast-xhup	legacy-compatible
庑	wu	gw	5	rime-fast-xhup	legacy-compatible
库	ku	gi	32	rime-fast-xhup	legacy-compatible
应	yk	ga	42	rime-fast-xhup	legacy-compatible
底	de	gd	8	rime-fast-xhup	legacy-compatible
底	di	gd	32	rime-fast-xhup	legacy-compatible
庖	pc	gs	5	rime-fast-xhup	legacy-compatible
店	dm	gk	37	rime-fast-xhup	legacy-compatible
庙	mn	gy	21	rime-fast-xhup	legacy-compatible
庚	gg	gn	19	rime-fast-xhup	legacy-compatible
府	fu	gc	24	rime-fast-xhup	legacy-compatible
庞	ph	gl	19	rime-fast-xhup	legacy-compatible
废	fw	gd	24	rime-fast-xhup	legacy-compatible
庠	xl	gy	5	rime-fast-xhup	legacy-compatible
庤	vi	gc	3	rime-fast-xhup	legacy-compatible
庥	xq	gm	3	rime-fast-xhup	legacy-compatible
度	do	gy	1	rime-fast-xhup	legacy-compatible
度	du	gy	37	rime-fast-xhup	legacy-compatible
座	zo	gt	30	rime-fast-xhup	legacy-compatible
庭	tk	gz	23	rime-fast-xhup	legacy-compatible
庱	ig	gw	1	rime-fast-xhup	legacy-compatible
庳	bi	gu	1	rime-fast-xhup	legacy-compatible
庵	an	gd	15	rime-fast-xhup	legacy-compatible
庶	uu	gh	10	rime-fast-xhup	legacy-compatible
康	kh	gn	28	rime-fast-xhup	legacy-compatible
庸	ys	gl	14	rime-fast-xhup	legacy-compatible
庹	to	gi	6	rime-fast-xhup	legacy-compatible
庼	qk	gr	0	rime-fast-xhup	legacy-compatible
庾	yu	gy	7	rime-fast-xhup	legacy-compatible
廆	gv	gg	0	rime-fast-xhup	legacy-compatible
廆	hv	gg	0	rime-fast-xhup	legacy-compatible
廆	ww	gg	1	rime-fast-xhup	legacy-compatible
廉	lm	gn	17	rime-fast-xhup	legacy-compatible
廊	lh	ge	15	rime-fast-xhup	legacy-compatible
廋	sz	gy	4	rime-fast-xhup	legacy-compatible
廑	jb	ga	1	rime-fast-xhup	legacy-compatible
廑	qb	ga	1	rime-fast-xhup	legacy-compatible
廒	ao	gw	2	rime-fast-xhup	legacy-compatible
廓	ko	ge	9	rime-fast-xhup	legacy-compatible
廖	ln	gp	23	rime-fast-xhup	legacy-compatible
廙	yi	gb	1	rime-fast-xhup	legacy-compatible
廛	ij	gt	3	rime-fast-xhup	legacy-compatible
廨	xp	gn	3	rime-fast-xhup	legacy-compatible
廪	lb	gx	5	rime-fast-xhup	legacy-compatible
延	yj	zv	22	rime-fast-xhup	legacy-compatible
廷	tk	zr	19	rime-fast-xhup	legacy-compatible
建	jm	zy	36	rime-fast-xhup	legacy-compatible
廿	nm	ca	15	rime-fast-xhup	legacy-compatible
开	kd	ac	51	rime-fast-xhup	legacy-compatible
弁	bm	sc	7	rime-fast-xhup	legacy-compatible
异	yi	sc	22	rime-fast-xhup	legacy-compatible
弃	qi	wc	20	rime-fast-xhup	legacy-compatible
弄	ls	wc	20	rime-fast-xhup	legacy-compatible
弄	ns	wc	44	rime-fast-xhup	legacy-compatible
弆	ju	tc	0	rime-fast-xhup	legacy-compatible
弇	yj	rc	2	rime-fast-xhup	legacy-compatible
弈	yi	wc	10	rime-fast-xhup	legacy-compatible
弊	bi	dc	16	rime-fast-xhup	legacy-compatible
弊	bi	xc	16	rime-fast-xhup	legacy-compatible
弋	yi	ad	12	rime-fast-xhup	legacy-compatible
式	ui	yg	37	rime-fast-xhup	legacy-compatible
弑	ui	xg	9	rime-fast-xhup	legacy-compatible
弓	gs	vv	23	rime-fast-xhup	legacy-compatible
引	yb	gl	30	rime-fast-xhup	legacy-compatible
弗	fu	vl	18	rime-fast-xhup	legacy-compatible
弘	hs	gs	19	rime-fast-xhup	legacy-compatible
弛	ii	gy	11	rime-fast-xhup	legacy-compatible
弟	di	bp	22	rime-fast-xhup	legacy-compatible
弟	ti	bp	0	rime-fast-xhup	legacy-compatible
弟	tv	bp	0	rime-fast-xhup	legacy-compatible
张	vh	gi	45	rime-fast-xhup	legacy-compatible
弢	tc	gy	4	rime-fast-xhup	legacy-compatible
弥	mi	gx	16	rime-fast-xhup	legacy-compatible
弦	xm	gy	21	rime-fast-xhup	legacy-compatible
弧	hu	gg	13	rime-fast-xhup	legacy-compatible
弨	ic	gk	1	rime-fast-xhup	legacy-compatible
弩	nu	ng	13	rime-fast-xhup	legacy-compatible
弭	mi	ge	5	rime-fast-xhup	legacy-compatible
弯	wj	wg	22	rime-fast-xhup	legacy-compatible
弱	ro	gd	28	rime-fast-xhup	legacy-compatible
弶	jl	gx	3	rime-fast-xhup	legacy-compatible
弸	pg	go	2	rime-fast-xhup	legacy-compatible
弹	dj	gl	18	rime-fast-xhup	legacy-compatible
弹	tj	gl	25	rime-fast-xhup	legacy-compatible
强	jl	gi	1	rime-fast-xhup	legacy-compatible
强	ql	gi	42	rime-fast-xhup	legacy-compatible
弼	bi	gb	10	rime-fast-xhup	legacy-compatible
弼	bi	gg	10	rime-fast-xhup	legacy-compatible
彀	gz	uy	3	rime-fast-xhup	legacy-compatible
归	gv	le	29	rime-fast-xhup	legacy-compatible
当	dh	xe	50	rime-fast-xhup	legacy-compatible
录	lu	eu	27	rime-fast-xhup	legacy-compatible
彖	tr	vu	4	rime-fast-xhup	legacy-compatible
彗	hv	fe	7	rime-fast-xhup	legacy-compatible
彘	vi	vb	6	rime-fast-xhup	legacy-compatible
彝	yi	vc	11	rime-fast-xhup	legacy-compatible
彟	ho	ey	0	rime-fast-xhup	legacy-compatible
形	xk	kp	27	rime-fast-xhup	legacy-compatible
彤	ts	dp	16	rime-fast-xhup	legacy-compatible
彦	yj	ip	20	rime-fast-xhup	legacy-compatible
彧	yu	ad	0	rime-fast-xhup	legacy-compatible
彩	cd	pp	25	rime-fast-xhup	legacy-compatible
彩	cd	vp	25	rime-fast-xhup	legacy-compatible
彪	bn	hp	19	rime-fast-xhup	legacy-compatible
彬	bb	mp	20	rime-fast-xhup	legacy-compatible
彭	bh	up	0	rime-fast-xhup	legacy-compatible
彭	pg	up	26	rime-fast-xhup	legacy-compatible
彰	vh	lp	13	rime-fast-xhup	legacy-compatible
影	yk	op	28	rime-fast-xhup	legacy-compatible
彳	ii	pr	9	rime-fast-xhup	legacy-compatible
彷	fh	if	3	rime-fast-xhup	legacy-compatible
彷	ph	if	4	rime-fast-xhup	legacy-compatible
役	yi	iy	14	rime-fast-xhup	legacy-compatible
彻	ie	id	15	rime-fast-xhup	legacy-compatible
彼	bi	iy	20	rime-fast-xhup	legacy-compatible
往	wh	iv	37	rime-fast-xhup	legacy-compatible
征	vg	iv	23	rime-fast-xhup	legacy-compatible
徂	cu	iq	4	rime-fast-xhup	legacy-compatible
径	jk	ig	18	rime-fast-xhup	legacy-compatible
待	dd	ic	34	rime-fast-xhup	legacy-compatible
徇	xy	io	6	rime-fast-xhup	legacy-compatible
很	hf	ig	61	rime-fast-xhup	legacy-compatible
徉	yh	iy	5	rime-fast-xhup	legacy-compatible
徊	hk	ik	7	rime-fast-xhup	legacy-compatible
律	lv	iy	19	rime-fast-xhup	legacy-compatible
徐	xu	ih	31	rime-fast-xhup	legacy-compatible
徒	tu	ir	18	rime-fast-xhup	legacy-compatible
徕	ld	il	6	rime-fast-xhup	legacy-compatible
得	de	ic	54	rime-fast-xhup	legacy-compatible
得	dw	ic	39	rime-fast-xhup	legacy-compatible
徘	pd	if	5	rime-fast-xhup	legacy-compatible
徙	xi	ir	10	rime-fast-xhup	legacy-compatible
徛	ji	ik	1	rime-fast-xhup	legacy-compatible
徜	ih	ik	4	rime-fast-xhup	legacy-compatible
御	yu	ie	20	rime-fast-xhup	legacy-compatible
徨	hl	iw	5	rime-fast-xhup	legacy-compatible
循	xy	io	15	rime-fast-xhup	legacy-compatible
徭	yc	if	4	rime-fast-xhup	legacy-compatible
微	ww	iw	27	rime-fast-xhup	legacy-compatible
徵	vg	iw	0	rime-fast-xhup	legacy-compatible
徵	vi	iw	9	rime-fast-xhup	legacy-compatible
德	de	ix	34	rime-fast-xhup	legacy-compatible
徼	jn	iw	4	rime-fast-xhup	legacy-compatible
徽	hv	iw	16	rime-fast-xhup	legacy-compatible
心	xb	dd	42	rime-fast-xhup	legacy-compatible
必	bi	dd	29	rime-fast-xhup	legacy-compatible
忆	yi	xv	19	rime-fast-xhup	legacy-compatible
忉	dc	xd	4	rime-fast-xhup	legacy-compatible
忌	ji	jx	20	rime-fast-xhup	legacy-compatible
忍	rf	rx	27	rime-fast-xhup	legacy-compatible
忏	ij	xq	7	rime-fast-xhup	legacy-compatible
忏	ij	xu	7	rime-fast-xhup	legacy-compatible
忐	tj	ux	2	rime-fast-xhup	legacy-compatible
忑	te	xx	3	rime-fast-xhup	legacy-compatible
忒	te	yx	12	rime-fast-xhup	legacy-compatible
忒	tv	yx	11	rime-fast-xhup	legacy-compatible
忒	tw	yx	16	rime-fast-xhup	legacy-compatible
忖	cy	xc	7	rime-fast-xhup	legacy-compatible
志	vi	ux	28	rime-fast-xhup	legacy-compatible
忘	wh	wx	31	rime-fast-xhup	legacy-compatible
忙	mh	xw	45	rime-fast-xhup	legacy-compatible
忝	tm	tx	6	rime-fast-xhup	legacy-compatible
忞	mb	wx	0	rime-fast-xhup	legacy-compatible
忞	wf	wx	1	rime-fast-xhup	legacy-compatible
忠	vs	vx	25	rime-fast-xhup	legacy-compatible
忡	is	xv	3	rime-fast-xhup	legacy-compatible
忤	wu	xw	6	rime-fast-xhup	legacy-compatible
忧	yz	xy	20	rime-fast-xhup	legacy-compatible
忪	ss	xs	3	rime-fast-xhup	legacy-compatible
忪	vs	xs	0	rime-fast-xhup	legacy-compatible
快	kk	xg	50	rime-fast-xhup	legacy-compatible
快	kk	xn	50	rime-fast-xhup	legacy-compatible
忭	bm	xb	2	rime-fast-xhup	legacy-compatible
忮	vi	xy	4	rime-fast-xhup	legacy-compatible
忱	if	xv	8	rime-fast-xhup	legacy-compatible
忳	dy	xt	0	rime-fast-xhup	legacy-compatible
忳	ty	xt	0	rime-fast-xhup	legacy-compatible
忳	vy	xt	1	rime-fast-xhup	legacy-compatible
念	nm	rx	30	rime-fast-xhup	legacy-compatible
忸	nq	xi	4	rime-fast-xhup	legacy-compatible
忺	xm	xr	1	rime-fast-xhup	legacy-compatible
忻	xb	xj	11	rime-fast-xhup	legacy-compatible
忽	hu	wx	20	rime-fast-xhup	legacy-compatible
忾	kd	xq	2	rime-fast-xhup	legacy-compatible
忾	xi	xq	0	rime-fast-xhup	legacy-compatible
忿	ff	bx	8	rime-fast-xhup	legacy-compatible
忿	ff	fx	8	rime-fast-xhup	legacy-compatible
怀	hk	xb	25	rime-fast-xhup	legacy-compatible
态	td	tx	20	rime-fast-xhup	legacy-compatible
怂	ss	rx	10	rime-fast-xhup	legacy-compatible
怃	wu	xw	0	rime-fast-xhup	legacy-compatible
怄	ou	xx	4	rime-fast-xhup	legacy-compatible
怅	ih	xi	7	rime-fast-xhup	legacy-compatible
怆	il	xv	5	rime-fast-xhup	legacy-compatible
怊	ic	xk	1	rime-fast-xhup	legacy-compatible
怍	va	xv	0	rime-fast-xhup	legacy-compatible
怍	zo	xv	3	rime-fast-xhup	legacy-compatible
怎	zf	rx	25	rime-fast-xhup	legacy-compatible
怎	zf	vx	25	rime-fast-xhup	legacy-compatible
怏	yh	xy	2	rime-fast-xhup	legacy-compatible
怒	nu	nx	27	rime-fast-xhup	legacy-compatible
怔	vg	xv	12	rime-fast-xhup	legacy-compatible
怕	pa	xb	43	rime-fast-xhup	legacy-compatible
怖	bu	xj	8	rime-fast-xhup	legacy-compatible
怙	hu	xk	4	rime-fast-xhup	legacy-compatible
怛	da	xa	7	rime-fast-xhup	legacy-compatible
怜	lm	xs	17	rime-fast-xhup	legacy-compatible
思	sd	tx	0	rime-fast-xhup	legacy-compatible
思	si	tx	30	rime-fast-xhup	legacy-compatible
怠	dd	sx	8	rime-fast-xhup	legacy-compatible
怡	yi	xk	21	rime-fast-xhup	legacy-compatible
急	ji	dx	35	rime-fast-xhup	legacy-compatible
怦	pg	xp	3	rime-fast-xhup	legacy-compatible
性	xk	xu	44	rime-fast-xhup	legacy-compatible
怨	yr	xx	20	rime-fast-xhup	legacy-compatible
怩	ni	xb	4	rime-fast-xhup	legacy-compatible
怪	gk	xt	39	rime-fast-xhup	legacy-compatible
怫	fu	xf	1	rime-fast-xhup	legacy-compatible
怯	qp	xs	11	rime-fast-xhup	legacy-compatible
怵	iu	xu	7	rime-fast-xhup	legacy-compatible
总	zs	bx	45	rime-fast-xhup	legacy-compatible
怼	dv	yx	4	rime-fast-xhup	legacy-compatible
怿	yi	xl	5	rime-fast-xhup	legacy-compatible
恁	nb	rx	0	rime-fast-xhup	legacy-compatible
恁	nf	rx	14	rime-fast-xhup	legacy-compatible
恂	xy	xo	5	rime-fast-xhup	legacy-compatible
恃	ui	xc	10	rime-fast-xhup	legacy-compatible
恋	lm	wx	23	rime-fast-xhup	legacy-compatible
恍	hl	xe	10	rime-fast-xhup	legacy-compatible
恍	hl	xw	10	rime-fast-xhup	legacy-compatible
恐	ks	gx	21	rime-fast-xhup	legacy-compatible
恒	hg	xa	23	rime-fast-xhup	legacy-compatible
恓	qi	xx	0	rime-fast-xhup	legacy-compatible
恓	xi	xx	0	rime-fast-xhup	legacy-compatible
恓	xu	xx	0	rime-fast-xhup	legacy-compatible
恔	jn	xx	0	rime-fast-xhup	legacy-compatible
恔	xn	xx	1	rime-fast-xhup	legacy-compatible
恕	uu	nx	12	rime-fast-xhup	legacy-compatible
恙	yh	yx	7	rime-fast-xhup	legacy-compatible
恚	hv	tx	5	rime-fast-xhup	legacy-compatible
恝	jx	fx	2	rime-fast-xhup	legacy-compatible
恢	hv	xh	9	rime-fast-xhup	legacy-compatible
恣	zi	dx	8	rime-fast-xhup	legacy-compatible
恤	xu	xx	18	rime-fast-xhup	legacy-compatible
恧	nv	ex	1	rime-fast-xhup	legacy-compatible
恨	hf	xg	30	rime-fast-xhup	legacy-compatible
恩	en	kx	61	rime-fast-xhup	legacy-compatible
恩	en	yx	61	rime-fast-xhup	legacy-compatible
恪	ke	xk	10	rime-fast-xhup	legacy-compatible
恫	ds	xk	5	rime-fast-xhup	legacy-compatible
恬	tm	xk	11	rime-fast-xhup	legacy-compatible
恭	gs	cx	16	rime-fast-xhup	legacy-compatible
息	xi	zx	21	rime-fast-xhup	legacy-compatible
恰	qx	xk	19	rime-fast-xhup	legacy-compatible
恳	kf	gx	8	rime-fast-xhup	legacy-compatible
恶	ee	yx	34	rime-fast-xhup	legacy-compatible
恶	wu	yx	1	rime-fast-xhup	legacy-compatible
恸	ts	xl	6	rime-fast-xhup	legacy-compatible
恹	yj	xq	7	rime-fast-xhup	legacy-compatible
恺	kd	xj	11	rime-fast-xhup	legacy-compatible
恻	ce	xd	5	rime-fast-xhup	legacy-compatible
恼	nc	xk	14	rime-fast-xhup	legacy-compatible
恽	yy	xi	6	rime-fast-xhup	legacy-compatible
恿	ys	sx	3	rime-fast-xhup	legacy-compatible
悃	ky	xm	4	rime-fast-xhup	legacy-compatible
悄	qn	xo	10	rime-fast-xhup	legacy-compatible
悆	uu	rx	0	rime-fast-xhup	legacy-compatible
悆	yu	rx	3	rime-fast-xhup	legacy-compatible
悈	jp	xc	0	rime-fast-xhup	legacy-compatible
悈	ke	xc	1	rime-fast-xhup	legacy-compatible
悉	xi	bx	15	rime-fast-xhup	legacy-compatible
悉	xi	px	15	rime-fast-xhup	legacy-compatible
悌	ti	xp	5	rime-fast-xhup	legacy-compatible
悍	hj	xg	11	rime-fast-xhup	legacy-compatible
悒	yi	xb	0	rime-fast-xhup	legacy-compatible
悔	hv	xm	15	rime-fast-xhup	legacy-compatible
悖	bw	xz	7	rime-fast-xhup	legacy-compatible
悚	ss	xu	5	rime-fast-xhup	legacy-compatible
悛	qr	xw	3	rime-fast-xhup	legacy-compatible
悝	kv	xl	2	rime-fast-xhup	legacy-compatible
悝	li	xl	0	rime-fast-xhup	legacy-compatible
悟	wu	xk	19	rime-fast-xhup	legacy-compatible
悠	yz	rx	17	rime-fast-xhup	legacy-compatible
悢	ll	xl	3	rime-fast-xhup	legacy-compatible
患	hr	ix	24	rime-fast-xhup	legacy-compatible
患	hr	vx	24	rime-fast-xhup	legacy-compatible
悦	yt	xe	20	rime-fast-xhup	legacy-compatible
您	nb	rx	49	rime-fast-xhup	legacy-compatible
悫	qt	ux	3	rime-fast-xhup	legacy-compatible
悬	xr	qx	20	rime-fast-xhup	legacy-compatible
悭	qm	xt	6	rime-fast-xhup	legacy-compatible
悯	mb	xw	7	rime-fast-xhup	legacy-compatible
悰	cs	xx	2	rime-fast-xhup	legacy-compatible
悱	fw	xf	3	rime-fast-xhup	legacy-compatible
悲	bw	fx	21	rime-fast-xhup	legacy-compatible
悴	cv	xu	4	rime-fast-xhup	legacy-compatible
悸	ji	xz	6	rime-fast-xhup	legacy-compatible
悻	xk	xg	3	rime-fast-xhup	legacy-compatible
悼	dc	xu	12	rime-fast-xhup	legacy-compatible
情	qk	xo	33	rime-fast-xhup	legacy-compatible
惆	iz	xk	3	rime-fast-xhup	legacy-compatible
惇	dy	xz	5	rime-fast-xhup	legacy-compatible
惊	jk	xx	24	rime-fast-xhup	legacy-compatible
惋	wj	xv	5	rime-fast-xhup	legacy-compatible
惎	ji	qx	1	rime-fast-xhup	legacy-compatible
惑	ho	gx	16	rime-fast-xhup	legacy-compatible
惔	dj	xh	0	rime-fast-xhup	legacy-compatible
惔	tj	xh	2	rime-fast-xhup	legacy-compatible
惕	ti	xw	6	rime-fast-xhup	legacy-compatible
惘	wh	xw	5	rime-fast-xhup	legacy-compatible
惙	io	xy	1	rime-fast-xhup	legacy-compatible
惙	iv	xy	0	rime-fast-xhup	legacy-compatible
惚	hu	xx	4	rime-fast-xhup	legacy-compatible
惛	hy	xo	2	rime-fast-xhup	legacy-compatible
惛	mf	xo	0	rime-fast-xhup	legacy-compatible
惜	xi	xo	19	rime-fast-xhup	legacy-compatible
惝	ih	xk	1	rime-fast-xhup	legacy-compatible
惝	th	xk	1	rime-fast-xhup	legacy-compatible
惟	ww	xf	19	rime-fast-xhup	legacy-compatible
惠	hv	ax	24	rime-fast-xhup	legacy-compatible
惦	dm	xk	5	rime-fast-xhup	legacy-compatible
惧	ju	xb	13	rime-fast-xhup	legacy-compatible
惨	cj	xp	29	rime-fast-xhup	legacy-compatible
惩	ig	ix	10	rime-fast-xhup	legacy-compatible
惫	bw	wx	9	rime-fast-xhup	legacy-compatible
惬	qp	xj	5	rime-fast-xhup	legacy-compatible
惭	cj	xj	8	rime-fast-xhup	legacy-compatible
惮	da	xl	0	rime-fast-xhup	legacy-compatible
惮	dj	xl	5	rime-fast-xhup	legacy-compatible
惯	gr	xb	19	rime-fast-xhup	legacy-compatible
惯	gr	xr	19	rime-fast-xhup	legacy-compatible
惰	do	xo	7	rime-fast-xhup	legacy-compatible
想	xl	mx	60	rime-fast-xhup	legacy-compatible
惴	vv	xe	3	rime-fast-xhup	legacy-compatible
惶	hl	xw	8	rime-fast-xhup	legacy-compatible
惹	re	cx	25	rime-fast-xhup	legacy-compatible
惺	xk	xu	6	rime-fast-xhup	legacy-compatible
愀	qn	xh	0	rime-fast-xhup	legacy-compatible
愁	iz	hx	25	rime-fast-xhup	legacy-compatible
愃	xr	xa	0	rime-fast-xhup	legacy-compatible
愆	qm	ix	3	rime-fast-xhup	legacy-compatible
愈	yu	rx	23	rime-fast-xhup	legacy-compatible
愉	tz	xd	0	rime-fast-xhup	legacy-compatible
愉	yu	xd	9	rime-fast-xhup	legacy-compatible
愍	mb	mx	5	rime-fast-xhup	legacy-compatible
愎	bi	xw	2	rime-fast-xhup	legacy-compatible
意	yi	lx	29	rime-fast-xhup	legacy-compatible
愐	mm	xm	1	rime-fast-xhup	legacy-compatible
愔	yb	xo	3	rime-fast-xhup	legacy-compatible
愕	ee	xk	7	rime-fast-xhup	legacy-compatible
愚	yu	yx	17	rime-fast-xhup	legacy-compatible
感	gj	wx	34	rime-fast-xhup	legacy-compatible
感	gj	xx	34	rime-fast-xhup	legacy-compatible
愠	yy	xm	6	rime-fast-xhup	legacy-compatible
愣	lg	xf	15	rime-fast-xhup	legacy-compatible
愤	ff	xr	13	rime-fast-xhup	legacy-compatible
愦	kv	xr	3	rime-fast-xhup	legacy-compatible
愧	kv	xg	11	rime-fast-xhup	legacy-compatible
愫	su	xx	4	rime-fast-xhup	legacy-compatible
愭	qi	xo	0	rime-fast-xhup	legacy-compatible
愿	yr	ix	28	rime-fast-xhup	legacy-compatible
慆	tc	xj	1	rime-fast-xhup	legacy-compatible
慈	ci	bx	17	rime-fast-xhup	legacy-compatible
慊	qm	xn	2	rime-fast-xhup	legacy-compatible
慊	qp	xn	1	rime-fast-xhup	legacy-compatible
慌	hl	xv	20	rime-fast-xhup	legacy-compatible
慎	uf	xb	16	rime-fast-xhup	legacy-compatible
慑	ue	xy	7	rime-fast-xhup	legacy-compatible
慕	mu	cx	19	rime-fast-xhup	legacy-compatible
慝	te	kx	3	rime-fast-xhup	legacy-compatible
慢	mj	xy	39	rime-fast-xhup	legacy-compatible
慥	zc	xz	1	rime-fast-xhup	legacy-compatible
慧	hv	fx	23	rime-fast-xhup	legacy-compatible
慨	kd	xv	9	rime-fast-xhup	legacy-compatible
慬	jb	xa	0	rime-fast-xhup	legacy-compatible
慬	qb	xa	1	rime-fast-xhup	legacy-compatible
慭	yb	lx	0	rime-fast-xhup	legacy-compatible
慰	ww	ux	14	rime-fast-xhup	legacy-compatible
慵	ys	xl	8	rime-fast-xhup	legacy-compatible
慷	kh	xn	6	rime-fast-xhup	legacy-compatible
憋	bp	dx	22	rime-fast-xhup	legacy-compatible
憋	bp	xx	22	rime-fast-xhup	legacy-compatible
憎	zg	xo	11	rime-fast-xhup	legacy-compatible
憔	qn	xh	3	rime-fast-xhup	legacy-compatible
憕	dg	xa	0	rime-fast-xhup	legacy-compatible
憕	ig	xa	0	rime-fast-xhup	legacy-compatible
憕	vg	xa	0	rime-fast-xhup	legacy-compatible
憙	xi	ux	0	rime-fast-xhup	legacy-compatible
憧	is	xl	4	rime-fast-xhup	legacy-compatible
憨	hj	vx	13	rime-fast-xhup	legacy-compatible
憩	qi	qx	6	rime-fast-xhup	legacy-compatible
憩	qi	ux	6	rime-fast-xhup	legacy-compatible
憬	jk	xx	5	rime-fast-xhup	legacy-compatible
憭	ln	xx	4	rime-fast-xhup	legacy-compatible
憷	iu	xr	2	rime-fast-xhup	legacy-compatible
憺	dj	xk	1	rime-fast-xhup	legacy-compatible
憾	hj	xx	11	rime-fast-xhup	legacy-compatible
懂	ds	xv	35	rime-fast-xhup	legacy-compatible
懈	xp	xn	9	rime-fast-xhup	legacy-compatible
懊	ao	xd	4	rime-fast-xhup	legacy-compatible
懋	mc	mx	9	rime-fast-xhup	legacy-compatible
懑	mf	dx	2	rime-fast-xhup	legacy-compatible
懒	lj	xr	28	rime-fast-xhup	legacy-compatible
懔	lb	xx	3	rime-fast-xhup	legacy-compatible
懦	no	xe	6	rime-fast-xhup	legacy-compatible
懵	mg	xo	12	rime-fast-xhup	legacy-compatible
懿	yi	ux	13	rime-fast-xhup	legacy-compatible
戆	gh	lx	10	rime-fast-xhup	legacy-compatible
戆	vl	lx	0	rime-fast-xhup	legacy-compatible
戈	ge	ad	20	rime-fast-xhup	legacy-compatible
戉	yt	gv	0	rime-fast-xhup	legacy-compatible
戊	wu	gp	12	rime-fast-xhup	legacy-compatible
戋	jm	ad	9	rime-fast-xhup	legacy-compatible
戌	qu	wa	1	rime-fast-xhup	legacy-compatible
戌	xu	wa	10	rime-fast-xhup	legacy-compatible
戍	uu	wd	9	rime-fast-xhup	legacy-compatible
戎	rs	gu	13	rime-fast-xhup	legacy-compatible
戏	hu	yg	5	rime-fast-xhup	legacy-compatible
戏	xi	yg	30	rime-fast-xhup	legacy-compatible
成	ig	wv	46	rime-fast-xhup	legacy-compatible
我	wo	pd	83	rime-fast-xhup	legacy-compatible
戒	jp	gc	22	rime-fast-xhup	legacy-compatible
戕	ql	pg	4	rime-fast-xhup	legacy-compatible
或	ho	ga	55	rime-fast-xhup	legacy-compatible
戗	ql	rg	4	rime-fast-xhup	legacy-compatible
战	vj	lg	30	rime-fast-xhup	legacy-compatible
战	vj	vg	30	rime-fast-xhup	legacy-compatible
戚	qi	wx	16	rime-fast-xhup	legacy-compatible
戛	ga	ag	5	rime-fast-xhup	legacy-compatible
戛	jx	ag	5	rime-fast-xhup	legacy-compatible
戟	ji	ug	12	rime-fast-xhup	legacy-compatible
戡	kj	qg	4	rime-fast-xhup	legacy-compatible
戢	ji	ka	5	rime-fast-xhup	legacy-compatible
戢	ji	kd	5	rime-fast-xhup	legacy-compatible
戣	kv	bg	4	rime-fast-xhup	legacy-compatible
戣	kv	vg	4	rime-fast-xhup	legacy-compatible
戤	gd	ng	1	rime-fast-xhup	legacy-compatible
戥	dg	od	2	rime-fast-xhup	legacy-compatible
戥	dg	og	2	rime-fast-xhup	legacy-compatible
截	jp	uf	21	rime-fast-xhup	legacy-compatible
戬	jm	yg	4	rime-fast-xhup	legacy-compatible
戭	yj	bg	0	rime-fast-xhup	legacy-compatible
戮	lu	xg	8	rime-fast-xhup	legacy-compatible
戳	io	xg	18	rime-fast-xhup	legacy-compatible
戴	dd	ub	30	rime-fast-xhup	legacy-compatible
戴	dd	ud	30	rime-fast-xhup	legacy-compatible
户	hu	du	29	rime-fast-xhup	legacy-compatible
戽	hu	hu	3	rime-fast-xhup	legacy-compatible
戾	li	hq	8	rime-fast-xhup	legacy-compatible
房	fh	hf	34	rime-fast-xhup	legacy-compatible
房	ph	hf	0	rime-fast-xhup	legacy-compatible
所	so	hj	49	rime-fast-xhup	legacy-compatible
所	so	pj	49	rime-fast-xhup	legacy-compatible
扁	bm	hc	24	rime-fast-xhup	legacy-compatible
扁	pm	hc	3	rime-fast-xhup	legacy-compatible
扂	dm	hk	1	rime-fast-xhup	legacy-compatible
扃	js	hk	4	rime-fast-xhup	legacy-compatible
扅	yi	hx	0	rime-fast-xhup	legacy-compatible
扆	yi	hy	0	rime-fast-xhup	legacy-compatible
扇	uj	hx	20	rime-fast-xhup	legacy-compatible
扈	hu	hb	9	rime-fast-xhup	legacy-compatible
扉	fw	hf	8	rime-fast-xhup	legacy-compatible
扊	yj	hh	0	rime-fast-xhup	legacy-compatible
手	uz	pl	40	rime-fast-xhup	legacy-compatible
才	cd	ap	53	rime-fast-xhup	legacy-compatible
扎	va	fv	24	rime-fast-xhup	legacy-compatible
扎	za	fv	11	rime-fast-xhup	legacy-compatible
扑	pu	fb	22	rime-fast-xhup	legacy-compatible
扒	ba	fb	17	rime-fast-xhup	legacy-compatible
扒	pa	fb	12	rime-fast-xhup	legacy-compatible
打	da	fd	57	rime-fast-xhup	legacy-compatible
扔	rg	fn	27	rime-fast-xhup	legacy-compatible
托	to	fq	30	rime-fast-xhup	legacy-compatible
扛	gh	fg	2	rime-fast-xhup	legacy-compatible
扛	kh	fg	19	rime-fast-xhup	legacy-compatible
扞	hj	fg	0	rime-fast-xhup	legacy-compatible
扣	kz	fk	30	rime-fast-xhup	legacy-compatible
扦	qm	fq	5	rime-fast-xhup	legacy-compatible
执	vi	fw	20	rime-fast-xhup	legacy-compatible
扩	ko	fg	18	rime-fast-xhup	legacy-compatible
扪	mf	fm	7	rime-fast-xhup	legacy-compatible
扫	sc	fe	25	rime-fast-xhup	legacy-compatible
扬	yh	fp	25	rime-fast-xhup	legacy-compatible
扭	nq	fi	20	rime-fast-xhup	legacy-compatible
扮	bj	fd	19	rime-fast-xhup	legacy-compatible
扯	ie	fv	26	rime-fast-xhup	legacy-compatible
扰	rc	fy	15	rime-fast-xhup	legacy-compatible
扳	bj	fy	14	rime-fast-xhup	legacy-compatible
扶	fu	ff	21	rime-fast-xhup	legacy-compatible
批	pi	fb	29	rime-fast-xhup	legacy-compatible
扺	vi	fu	0	rime-fast-xhup	legacy-compatible
扼	ee	fv	12	rime-fast-xhup	legacy-compatible
扽	df	ft	15	rime-fast-xhup	legacy-compatible
找	vc	fg	54	rime-fast-xhup	legacy-compatible
承	ig	vn	23	rime-fast-xhup	legacy-compatible
技	ji	fy	21	rime-fast-xhup	legacy-compatible
抃	bm	fb	1	rime-fast-xhup	legacy-compatible
抄	ic	fu	26	rime-fast-xhup	legacy-compatible
抉	jt	fg	4	rime-fast-xhup	legacy-compatible
抉	jt	fn	4	rime-fast-xhup	legacy-compatible
把	ba	fb	61	rime-fast-xhup	legacy-compatible
抑	yi	fe	15	rime-fast-xhup	legacy-compatible
抒	uu	fl	10	rime-fast-xhup	legacy-compatible
抓	vx	fv	35	rime-fast-xhup	legacy-compatible
抔	pz	fb	3	rime-fast-xhup	legacy-compatible
投	tz	fy	33	rime-fast-xhup	legacy-compatible
抖	dz	fu	21	rime-fast-xhup	legacy-compatible
抗	kh	fj	29	rime-fast-xhup	legacy-compatible
折	ue	fj	6	rime-fast-xhup	legacy-compatible
折	ve	fj	29	rime-fast-xhup	legacy-compatible
抚	fu	fw	17	rime-fast-xhup	legacy-compatible
抛	pc	fl	28	rime-fast-xhup	legacy-compatible
抟	tr	fv	5	rime-fast-xhup	legacy-compatible
抠	kz	fx	16	rime-fast-xhup	legacy-compatible
抡	ly	fb	11	rime-fast-xhup	legacy-compatible
抢	ig	fv	0	rime-fast-xhup	legacy-compatible
抢	ql	fv	34	rime-fast-xhup	legacy-compatible
护	hu	fh	22	rime-fast-xhup	legacy-compatible
报	bc	fy	37	rime-fast-xhup	legacy-compatible
抨	pg	fp	3	rime-fast-xhup	legacy-compatible
披	pi	fy	17	rime-fast-xhup	legacy-compatible
抬	td	fk	22	rime-fast-xhup	legacy-compatible
抱	bc	fs	31	rime-fast-xhup	legacy-compatible
抵	di	fd	21	rime-fast-xhup	legacy-compatible
抹	ma	fm	9	rime-fast-xhup	legacy-compatible
抹	mo	fm	21	rime-fast-xhup	legacy-compatible
抻	if	fu	8	rime-fast-xhup	legacy-compatible
押	ya	fj	27	rime-fast-xhup	legacy-compatible
抽	iz	fy	31	rime-fast-xhup	legacy-compatible
抿	mb	fm	11	rime-fast-xhup	legacy-compatible
拂	bi	ff	0	rime-fast-xhup	legacy-compatible
拂	fu	ff	16	rime-fast-xhup	legacy-compatible
拃	va	fv	0	rime-fast-xhup	legacy-compatible
拄	vu	fv	8	rime-fast-xhup	legacy-compatible
担	dj	fa	19	rime-fast-xhup	legacy-compatible
拆	ca	fi	8	rime-fast-xhup	legacy-compatible
拆	id	fi	26	rime-fast-xhup	legacy-compatible
拇	mu	fm	7	rime-fast-xhup	legacy-compatible
拈	nm	fk	11	rime-fast-xhup	legacy-compatible
拉	la	fl	44	rime-fast-xhup	legacy-compatible
拊	fu	fc	4	rime-fast-xhup	legacy-compatible
拌	bj	fb	18	rime-fast-xhup	legacy-compatible
拌	pj	fb	0	rime-fast-xhup	legacy-compatible
拍	pd	fb	41	rime-fast-xhup	legacy-compatible
拎	lb	fs	17	rime-fast-xhup	legacy-compatible
拐	gk	fl	20	rime-fast-xhup	legacy-compatible
拒	ju	fj	19	rime-fast-xhup	legacy-compatible
拓	ta	fu	3	rime-fast-xhup	legacy-compatible
拓	to	fu	19	rime-fast-xhup	legacy-compatible
拓	vi	fu	0	rime-fast-xhup	legacy-compatible
拔	ba	fd	24	rime-fast-xhup	legacy-compatible
拖	to	fy	29	rime-fast-xhup	legacy-compatible
拗	ao	fl	10	rime-fast-xhup	legacy-compatible
拗	nq	fl	8	rime-fast-xhup	legacy-compatible
拘	gz	fk	0	rime-fast-xhup	legacy-compatible
拘	ju	fk	11	rime-fast-xhup	legacy-compatible
拙	vo	fi	13	rime-fast-xhup	legacy-compatible
招	vc	fk	33	rime-fast-xhup	legacy-compatible
拜	bd	uf	25	rime-fast-xhup	legacy-compatible
拟	ni	fr	27	rime-fast-xhup	legacy-compatible
拢	ls	fl	13	rime-fast-xhup	legacy-compatible
拣	jm	fd	18	rime-fast-xhup	legacy-compatible
拤	qx	fb	0	rime-fast-xhup	legacy-compatible
拥	ys	fy	19	rime-fast-xhup	legacy-compatible
拦	lj	fs	18	rime-fast-xhup	legacy-compatible
拧	nk	fd	19	rime-fast-xhup	legacy-compatible
拨	bo	fd	24	rime-fast-xhup	legacy-compatible
择	vd	fl	2	rime-fast-xhup	legacy-compatible
择	ze	fl	17	rime-fast-xhup	legacy-compatible
括	gx	fk	1	rime-fast-xhup	legacy-compatible
括	ko	fk	12	rime-fast-xhup	legacy-compatible
拭	ui	fg	12	rime-fast-xhup	legacy-compatible
拮	jp	fk	3	rime-fast-xhup	legacy-compatible
拮	jx	fk	0	rime-fast-xhup	legacy-compatible
拯	vg	fa	7	rime-fast-xhup	legacy-compatible
拱	gs	fb	17	rime-fast-xhup	legacy-compatible
拳	qr	ju	21	rime-fast-xhup	legacy-compatible
拴	ur	fw	14	rime-fast-xhup	legacy-compatible
拶	za	fx	4	rime-fast-xhup	legacy-compatible
拶	zj	fx	1	rime-fast-xhup	legacy-compatible
拷	kc	fv	20	rime-fast-xhup	legacy-compatible
拼	pb	fk	26	rime-fast-xhup	legacy-compatible
拽	vk	fy	21	rime-fast-xhup	legacy-compatible
拽	ye	fy	1	rime-fast-xhup	legacy-compatible
拾	ue	fk	1	rime-fast-xhup	legacy-compatible
拾	ui	fk	19	rime-fast-xhup	legacy-compatible
拿	na	ru	48	rime-fast-xhup	legacy-compatible
持	ii	fc	29	rime-fast-xhup	legacy-compatible
挂	gx	ft	38	rime-fast-xhup	legacy-compatible
指	vi	fo	35	rime-fast-xhup	legacy-compatible
挈	qp	fu	4	rime-fast-xhup	legacy-compatible
按	an	fn	44	rime-fast-xhup	legacy-compatible
挎	ku	fk	0	rime-fast-xhup	legacy-compatible
挎	kx	fk	10	rime-fast-xhup	legacy-compatible
挑	tn	fd	30	rime-fast-xhup	legacy-compatible
挓	va	fq	1	rime-fast-xhup	legacy-compatible
挖	wa	fv	30	rime-fast-xhup	legacy-compatible
挚	vi	fu	9	rime-fast-xhup	legacy-compatible
挛	lr	wu	5	rime-fast-xhup	legacy-compatible
挝	vx	fz	8	rime-fast-xhup	legacy-compatible
挝	wo	fz	4	rime-fast-xhup	legacy-compatible
挞	ta	fz	6	rime-fast-xhup	legacy-compatible
挟	jx	fj	0	rime-fast-xhup	legacy-compatible
挟	xp	fj	13	rime-fast-xhup	legacy-compatible
挠	nc	fw	15	rime-fast-xhup	legacy-compatible
挡	dh	fe	23	rime-fast-xhup	legacy-compatible
挣	vg	fl	27	rime-fast-xhup	legacy-compatible
挤	ji	fl	26	rime-fast-xhup	legacy-compatible
挥	hv	fi	19	rime-fast-xhup	legacy-compatible
挦	xm	fc	0	rime-fast-xhup	legacy-compatible
挨	ai	fu	21	rime-fast-xhup	legacy-compatible
挪	no	fe	19	rime-fast-xhup	legacy-compatible
挫	co	ft	16	rime-fast-xhup	legacy-compatible
振	vf	fn	23	rime-fast-xhup	legacy-compatible
挲	sa	du	1	rime-fast-xhup	legacy-compatible
挲	so	du	2	rime-fast-xhup	legacy-compatible
挲	ua	du	0	rime-fast-xhup	legacy-compatible
挹	yi	fb	6	rime-fast-xhup	legacy-compatible
挺	tk	fz	42	rime-fast-xhup	legacy-compatible
挼	ro	fn	0	rime-fast-xhup	legacy-compatible
挽	wj	fv	15	rime-fast-xhup	legacy-compatible
捂	wu	fk	18	rime-fast-xhup	legacy-compatible
捃	jy	fk	4	rime-fast-xhup	legacy-compatible
捅	ts	fy	18	rime-fast-xhup	legacy-compatible
捆	ky	fm	15	rime-fast-xhup	legacy-compatible
捉	vo	fr	20	rime-fast-xhup	legacy-compatible
捋	lo	fc	3	rime-fast-xhup	legacy-compatible
捋	lv	fc	12	rime-fast-xhup	legacy-compatible
捌	ba	fd	12	rime-fast-xhup	legacy-compatible
捍	hj	fg	9	rime-fast-xhup	legacy-compatible
捎	uc	fo	12	rime-fast-xhup	legacy-compatible
捏	np	ft	30	rime-fast-xhup	legacy-compatible
捐	jr	fo	22	rime-fast-xhup	legacy-compatible
捕	bu	ff	16	rime-fast-xhup	legacy-compatible
捞	lc	fl	23	rime-fast-xhup	legacy-compatible
损	sy	fr	21	rime-fast-xhup	legacy-compatible
捡	jm	fa	24	rime-fast-xhup	legacy-compatible
换	hr	fd	46	rime-fast-xhup	legacy-compatible
捣	dc	fe	16	rime-fast-xhup	legacy-compatible
捧	pg	fl	22	rime-fast-xhup	legacy-compatible
捩	lp	fq	4	rime-fast-xhup	legacy-compatible
捭	bd	fu	3	rime-fast-xhup	legacy-compatible
据	ju	fk	39	rime-fast-xhup	legacy-compatible
捯	dc	fd	1	rime-fast-xhup	legacy-compatible
捱	ai	ft	8	rime-fast-xhup	legacy-compatible
捶	iv	fi	13	rime-fast-xhup	legacy-compatible
捷	jp	fr	20	rime-fast-xhup	legacy-compatible
捺	na	fx	9	rime-fast-xhup	legacy-compatible
捻	nm	fx	14	rime-fast-xhup	legacy-compatible
捻	np	fx	0	rime-fast-xhup	legacy-compatible
捽	zo	fu	2	rime-fast-xhup	legacy-compatible
掀	xm	fr	15	rime-fast-xhup	legacy-compatible
掂	dm	fk	15	rime-fast-xhup	legacy-compatible
掇	do	fy	5	rime-fast-xhup	legacy-compatible
授	uz	fy	17	rime-fast-xhup	legacy-compatible
掉	dn	fu	42	rime-fast-xhup	legacy-compatible
掊	pz	fk	3	rime-fast-xhup	legacy-compatible
掌	vh	xu	21	rime-fast-xhup	legacy-compatible
掎	ji	fk	3	rime-fast-xhup	legacy-compatible
掏	tc	ff	20	rime-fast-xhup	legacy-compatible
掐	qx	fj	19	rime-fast-xhup	legacy-compatible
排	pd	ff	32	rime-fast-xhup	legacy-compatible
掖	ye	fn	9	rime-fast-xhup	legacy-compatible
掘	jt	fi	16	rime-fast-xhup	legacy-compatible
掞	uj	fh	1	rime-fast-xhup	legacy-compatible
掞	yj	fh	0	rime-fast-xhup	legacy-compatible
掟	dk	fr	2	rime-fast-xhup	legacy-compatible
掟	vg	fr	0	rime-fast-xhup	legacy-compatible
掠	lt	fx	14	rime-fast-xhup	legacy-compatible
探	tj	fm	24	rime-fast-xhup	legacy-compatible
掣	ie	pu	8	rime-fast-xhup	legacy-compatible
接	jp	fn	41	rime-fast-xhup	legacy-compatible
控	ks	fg	23	rime-fast-xhup	legacy-compatible
推	tv	ff	32	rime-fast-xhup	legacy-compatible
掩	yj	fd	15	rime-fast-xhup	legacy-compatible
措	co	fo	17	rime-fast-xhup	legacy-compatible
掬	ju	fm	9	rime-fast-xhup	legacy-compatible
掭	tm	fx	3	rime-fast-xhup	legacy-compatible
掮	qm	fo	2	rime-fast-xhup	legacy-compatible
掰	bd	uf	15	rime-fast-xhup	legacy-compatible
掰	bd	uu	15	rime-fast-xhup	legacy-compatible
掳	lu	fl	9	rime-fast-xhup	legacy-compatible
掴	gk	fy	1	rime-fast-xhup	legacy-compatible
掴	go	fy	8	rime-fast-xhup	legacy-compatible
掷	vi	fe	14	rime-fast-xhup	legacy-compatible
掸	dj	fl	6	rime-fast-xhup	legacy-compatible
掸	uj	fl	6	rime-fast-xhup	legacy-compatible
掺	cj	fp	0	rime-fast-xhup	legacy-compatible
掺	ij	fp	15	rime-fast-xhup	legacy-compatible
掺	uj	fp	0	rime-fast-xhup	legacy-compatible
掺	xm	fp	0	rime-fast-xhup	legacy-compatible
掼	gr	fb	5	rime-fast-xhup	legacy-compatible
掼	gr	fr	5	rime-fast-xhup	legacy-compatible
掾	yr	fu	4	rime-fast-xhup	legacy-compatible
揄	yu	fd	2	rime-fast-xhup	legacy-compatible
揆	kv	ft	7	rime-fast-xhup	legacy-compatible
揉	rz	fm	20	rime-fast-xhup	legacy-compatible
揍	zz	ft	19	rime-fast-xhup	legacy-compatible
揎	xr	fa	1	rime-fast-xhup	legacy-compatible
描	mn	ft	14	rime-fast-xhup	legacy-compatible
提	di	fr	1	rime-fast-xhup	legacy-compatible
提	ti	fr	35	rime-fast-xhup	legacy-compatible
插	ia	fj	29	rime-fast-xhup	legacy-compatible
揕	vf	fv	1	rime-fast-xhup	legacy-compatible
揖	yi	fe	9	rime-fast-xhup	legacy-compatible
揞	an	fo	0	rime-fast-xhup	legacy-compatible
揠	ya	fn	1	rime-fast-xhup	legacy-compatible
握	wo	ft	21	rime-fast-xhup	legacy-compatible
揣	ik	fe	14	rime-fast-xhup	legacy-compatible
揣	tr	fe	0	rime-fast-xhup	legacy-compatible
揣	vv	fe	0	rime-fast-xhup	legacy-compatible
揩	kd	fb	10	rime-fast-xhup	legacy-compatible
揪	jq	fh	17	rime-fast-xhup	legacy-compatible
揭	jp	fv	19	rime-fast-xhup	legacy-compatible
揭	qi	fv	0	rime-fast-xhup	legacy-compatible
揳	xp	fd	0	rime-fast-xhup	legacy-compatible
援	yr	fy	15	rime-fast-xhup	legacy-compatible
揶	ye	fe	6	rime-fast-xhup	legacy-compatible
揸	va	fa	6	rime-fast-xhup	legacy-compatible
揽	lj	fe	17	rime-fast-xhup	legacy-compatible
揾	wf	fm	0	rime-fast-xhup	legacy-compatible
揿	qb	fr	5	rime-fast-xhup	legacy-compatible
搀	ij	fd	10	rime-fast-xhup	legacy-compatible
搁	ge	fk	18	rime-fast-xhup	legacy-compatible
搂	lz	fn	17	rime-fast-xhup	legacy-compatible
搅	jn	fe	18	rime-fast-xhup	legacy-compatible
搋	ik	fj	1	rime-fast-xhup	legacy-compatible
搌	vj	fn	1	rime-fast-xhup	legacy-compatible
搏	bo	fc	16	rime-fast-xhup	legacy-compatible
搐	iu	ft	3	rime-fast-xhup	legacy-compatible
搒	bh	ff	1	rime-fast-xhup	legacy-compatible
搒	pg	ff	1	rime-fast-xhup	legacy-compatible
搓	co	fg	19	rime-fast-xhup	legacy-compatible
搔	sc	fi	11	rime-fast-xhup	legacy-compatible
搛	jm	fn	2	rime-fast-xhup	legacy-compatible
搜	sz	fy	27	rime-fast-xhup	legacy-compatible
搞	gc	fk	48	rime-fast-xhup	legacy-compatible
搠	uo	fo	3	rime-fast-xhup	legacy-compatible
搡	sh	fm	5	rime-fast-xhup	legacy-compatible
搣	mp	fh	2	rime-fast-xhup	legacy-compatible
搦	no	fd	2	rime-fast-xhup	legacy-compatible
搪	th	fk	5	rime-fast-xhup	legacy-compatible
搬	bj	fy	29	rime-fast-xhup	legacy-compatible
搭	da	fk	26	rime-fast-xhup	legacy-compatible
搴	qm	bu	5	rime-fast-xhup	legacy-compatible
携	xp	fn	22	rime-fast-xhup	legacy-compatible
搽	ia	fm	14	rime-fast-xhup	legacy-compatible
摁	en	fx	15	rime-fast-xhup	legacy-compatible
摄	np	fy	1	rime-fast-xhup	legacy-compatible
摄	ue	fy	23	rime-fast-xhup	legacy-compatible
摅	uu	fx	2	rime-fast-xhup	legacy-compatible
摆	bd	fs	26	rime-fast-xhup	legacy-compatible
摇	yc	ff	21	rime-fast-xhup	legacy-compatible
摈	bb	fb	4	rime-fast-xhup	legacy-compatible
摊	tj	ff	19	rime-fast-xhup	legacy-compatible
摏	is	fj	0	rime-fast-xhup	legacy-compatible
摒	bk	fc	7	rime-fast-xhup	legacy-compatible
摒	bk	fk	7	rime-fast-xhup	legacy-compatible
摔	uk	fu	23	rime-fast-xhup	legacy-compatible
摘	vd	fk	21	rime-fast-xhup	legacy-compatible
摛	ii	fd	2	rime-fast-xhup	legacy-compatible
摞	lo	fx	12	rime-fast-xhup	legacy-compatible
摧	cv	ff	12	rime-fast-xhup	legacy-compatible
摩	ma	gu	1	rime-fast-xhup	legacy-compatible
摩	mo	gu	20	rime-fast-xhup	legacy-compatible
摭	vi	fh	0	rime-fast-xhup	legacy-compatible
摴	iu	fk	1	rime-fast-xhup	legacy-compatible
摸	mo	fd	29	rime-fast-xhup	legacy-compatible
摹	mo	cu	10	rime-fast-xhup	legacy-compatible
摽	bn	fx	2	rime-fast-xhup	legacy-compatible
撂	ln	fk	9	rime-fast-xhup	legacy-compatible
撄	yk	fn	3	rime-fast-xhup	legacy-compatible
撅	jt	fr	10	rime-fast-xhup	legacy-compatible
撇	pp	fw	16	rime-fast-xhup	legacy-compatible
撑	ig	fu	23	rime-fast-xhup	legacy-compatible
撒	sa	fw	41	rime-fast-xhup	legacy-compatible
撕	si	fj	18	rime-fast-xhup	legacy-compatible
撖	hj	fw	1	rime-fast-xhup	legacy-compatible
撙	zy	fc	1	rime-fast-xhup	legacy-compatible
撚	nm	fh	3	rime-fast-xhup	legacy-compatible
撞	vl	fl	26	rime-fast-xhup	legacy-compatible
撤	ie	fw	23	rime-fast-xhup	legacy-compatible
撩	ln	fx	14	rime-fast-xhup	legacy-compatible
撬	qn	fm	13	rime-fast-xhup	legacy-compatible
播	bo	ft	24	rime-fast-xhup	legacy-compatible
撮	co	fy	21	rime-fast-xhup	legacy-compatible
撮	zo	fy	1	rime-fast-xhup	legacy-compatible
撰	vr	fb	13	rime-fast-xhup	legacy-compatible
撵	nm	fi	11	rime-fast-xhup	legacy-compatible
撷	xp	fr	6	rime-fast-xhup	legacy-compatible
撸	lu	fo	8	rime-fast-xhup	legacy-compatible
撺	cr	fi	2	rime-fast-xhup	legacy-compatible
撼	hj	fx	11	rime-fast-xhup	legacy-compatible
擀	gj	fg	8	rime-fast-xhup	legacy-compatible
擂	lw	ft	10	rime-fast-xhup	legacy-compatible
擅	uj	fa	12	rime-fast-xhup	legacy-compatible
操	cc	fm	34	rime-fast-xhup	legacy-compatible
擎	qk	cu	12	rime-fast-xhup	legacy-compatible
擐	hr	fy	3	rime-fast-xhup	legacy-compatible
擒	qb	fd	13	rime-fast-xhup	legacy-compatible
擘	bd	uu	1	rime-fast-xhup	legacy-compatible
擘	bo	uu	3	rime-fast-xhup	legacy-compatible
擞	sz	fw	3	rime-fast-xhup	legacy-compatible
擢	vo	ff	6	rime-fast-xhup	legacy-compatible
擤	xk	fl	5	rime-fast-xhup	legacy-compatible
擦	ca	fx	27	rime-fast-xhup	legacy-compatible
擿	ti	fz	0	rime-fast-xhup	legacy-compatible
擿	vd	fz	0	rime-fast-xhup	legacy-compatible
擿	vi	fz	1	rime-fast-xhup	legacy-compatible
攀	pj	mu	17	rime-fast-xhup	legacy-compatible
攉	ho	ff	1	rime-fast-xhup	legacy-compatible
攒	cr	fr	9	rime-fast-xhup	legacy-compatible
攒	zj	fr	20	rime-fast-xhup	legacy-compatible
攘	rh	fy	7	rime-fast-xhup	legacy-compatible
攥	zr	fx	10	rime-fast-xhup	legacy-compatible
攫	jt	fy	6	rime-fast-xhup	legacy-compatible
攮	nh	fy	2	rime-fast-xhup	legacy-compatible
支	vi	uy	28	rime-fast-xhup	legacy-compatible
收	uz	vw	40	rime-fast-xhup	legacy-compatible
攸	yz	rw	10	rime-fast-xhup	legacy-compatible
改	gd	jw	45	rime-fast-xhup	legacy-compatible
攻	gs	gw	24	rime-fast-xhup	legacy-compatible
攽	bj	bw	0	rime-fast-xhup	legacy-compatible
攽	bj	fw	0	rime-fast-xhup	legacy-compatible
放	fh	fw	44	rime-fast-xhup	legacy-compatible
政	vg	vw	23	rime-fast-xhup	legacy-compatible
故	gu	gw	31	rime-fast-xhup	legacy-compatible
故	gu	uw	31	rime-fast-xhup	legacy-compatible
效	xn	ww	20	rime-fast-xhup	legacy-compatible
敉	mi	mw	2	rime-fast-xhup	legacy-compatible
敌	di	qw	21	rime-fast-xhup	legacy-compatible
敌	di	uw	21	rime-fast-xhup	legacy-compatible
敏	mb	pw	27	rime-fast-xhup	legacy-compatible
救	jq	qw	28	rime-fast-xhup	legacy-compatible
敔	yu	ww	0	rime-fast-xhup	legacy-compatible
敕	ii	uw	9	rime-fast-xhup	legacy-compatible
敖	ao	fw	15	rime-fast-xhup	legacy-compatible
教	jn	lw	36	rime-fast-xhup	legacy-compatible
敛	lm	rw	13	rime-fast-xhup	legacy-compatible
敝	bi	dw	10	rime-fast-xhup	legacy-compatible
敝	bi	xw	10	rime-fast-xhup	legacy-compatible
敞	ih	xw	9	rime-fast-xhup	legacy-compatible
敢	gj	vw	34	rime-fast-xhup	legacy-compatible
散	sj	cw	29	rime-fast-xhup	legacy-compatible
敦	dv	ww	4	rime-fast-xhup	legacy-compatible
敦	dy	ww	16	rime-fast-xhup	legacy-compatible
敩	xn	xw	0	rime-fast-xhup	legacy-compatible
敩	xt	xw	0	rime-fast-xhup	legacy-compatible
敫	jn	bw	0	rime-fast-xhup	legacy-compatible
敬	jk	cw	23	rime-fast-xhup	legacy-compatible
数	uo	mw	8	rime-fast-xhup	legacy-compatible
数	uu	mw	38	rime-fast-xhup	legacy-compatible
敲	qn	wy	25	rime-fast-xhup	legacy-compatible
整	vg	uv	34	rime-fast-xhup	legacy-compatible
敷	fu	fw	19	rime-fast-xhup	legacy-compatible
文	wf	wx	37	rime-fast-xhup	legacy-compatible
斋	vd	we	19	rime-fast-xhup	legacy-compatible
斌	bb	wv	23	rime-fast-xhup	legacy-compatible
斐	fw	fw	15	rime-fast-xhup	legacy-compatible
斑	bj	ww	21	rime-fast-xhup	legacy-compatible
斓	lj	wj	5	rime-fast-xhup	legacy-compatible
斗	dz	du	26	rime-fast-xhup	legacy-compatible
料	ln	mu	29	rime-fast-xhup	legacy-compatible
斛	hu	du	7	rime-fast-xhup	legacy-compatible
斜	xp	ru	22	rime-fast-xhup	legacy-compatible
斝	jx	ku	1	rime-fast-xhup	legacy-compatible
斟	vf	qu	10	rime-fast-xhup	legacy-compatible
斠	jn	au	1	rime-fast-xhup	legacy-compatible
斠	jn	ju	1	rime-fast-xhup	legacy-compatible
斡	gr	uu	0	rime-fast-xhup	legacy-compatible
斡	wo	uu	6	rime-fast-xhup	legacy-compatible
斤	jb	il	25	rime-fast-xhup	legacy-compatible
斤	jb	pl	25	rime-fast-xhup	legacy-compatible
斥	ii	id	14	rime-fast-xhup	legacy-compatible
斥	ii	pd	14	rime-fast-xhup	legacy-compatible
斧	fu	bj	13	rime-fast-xhup	legacy-compatible
斧	fu	fj	13	rime-fast-xhup	legacy-compatible
斩	vj	ij	20	rime-fast-xhup	legacy-compatible
斫	vo	uj	6	rime-fast-xhup	legacy-compatible
断	dr	mj	31	rime-fast-xhup	legacy-compatible
断	dr	vj	31	rime-fast-xhup	legacy-compatible
斯	si	qj	30	rime-fast-xhup	legacy-compatible
新	xb	lj	54	rime-fast-xhup	legacy-compatible
斶	iu	ji	0	rime-fast-xhup	legacy-compatible
方	fh	dw	38	rime-fast-xhup	legacy-compatible
方	fh	wv	38	rime-fast-xhup	legacy-compatible
於	wu	fd	5	rime-fast-xhup	legacy-compatible
於	yu	fd	21	rime-fast-xhup	legacy-compatible
施	ui	fy	27	rime-fast-xhup	legacy-compatible
旁	bh	wf	2	rime-fast-xhup	legacy-compatible
旁	ph	wf	26	rime-fast-xhup	legacy-compatible
旃	vj	fd	4	rime-fast-xhup	legacy-compatible
旄	mc	fm	6	rime-fast-xhup	legacy-compatible
旅	lv	fn	21	rime-fast-xhup	legacy-compatible
旆	pw	fl	3	rime-fast-xhup	legacy-compatible
旋	xr	fr	20	rime-fast-xhup	legacy-compatible
旌	jk	fu	10	rime-fast-xhup	legacy-compatible
旎	ni	fb	5	rime-fast-xhup	legacy-compatible
族	zu	fu	26	rime-fast-xhup	legacy-compatible
旐	vc	fd	1	rime-fast-xhup	legacy-compatible
旒	lq	fv	3	rime-fast-xhup	legacy-compatible
旖	yi	fk	5	rime-fast-xhup	legacy-compatible
旗	qi	fb	22	rime-fast-xhup	legacy-compatible
旞	sv	fz	0	rime-fast-xhup	legacy-compatible
无	mo	ay	1	rime-fast-xhup	legacy-compatible
无	wu	ay	46	rime-fast-xhup	legacy-compatible
既	ji	gv	36	rime-fast-xhup	legacy-compatible
日	ri	ka	53	rime-fast-xhup	legacy-compatible
日	ri	la	53	rime-fast-xhup	legacy-compatible
旦	dj	oa	16	rime-fast-xhup	legacy-compatible
旧	jq	lo	32	rime-fast-xhup	legacy-compatible
旨	vi	bo	13	rime-fast-xhup	legacy-compatible
早	zc	ou	44	rime-fast-xhup	legacy-compatible
旬	xy	bo	15	rime-fast-xhup	legacy-compatible
旭	xu	jo	21	rime-fast-xhup	legacy-compatible
旮	ga	jo	5	rime-fast-xhup	legacy-compatible
旯	la	oj	2	rime-fast-xhup	legacy-compatible
旰	gj	og	2	rime-fast-xhup	legacy-compatible
旰	hj	og	0	rime-fast-xhup	legacy-compatible
旱	hj	og	15	rime-fast-xhup	legacy-compatible
旴	xu	oy	0	rime-fast-xhup	legacy-compatible
旵	ij	oe	1	rime-fast-xhup	legacy-compatible
时	ui	oc	58	rime-fast-xhup	legacy-compatible
旷	kl	og	13	rime-fast-xhup	legacy-compatible
旸	yh	op	0	rime-fast-xhup	legacy-compatible
旺	wh	ow	24	rime-fast-xhup	legacy-compatible
旻	mb	ow	10	rime-fast-xhup	legacy-compatible
旿	wu	ow	1	rime-fast-xhup	legacy-compatible
昀	yy	od	9	rime-fast-xhup	legacy-compatible
昂	ah	oe	23	rime-fast-xhup	legacy-compatible
昃	ze	or	2	rime-fast-xhup	legacy-compatible
昄	bj	oy	1	rime-fast-xhup	legacy-compatible
昆	ky	ob	19	rime-fast-xhup	legacy-compatible
昇	ug	ou	8	rime-fast-xhup	legacy-compatible
昈	hu	oh	1	rime-fast-xhup	legacy-compatible
昉	fh	of	5	rime-fast-xhup	legacy-compatible
昊	hc	ot	17	rime-fast-xhup	legacy-compatible
昌	ih	oo	24	rime-fast-xhup	legacy-compatible
明	mk	oo	36	rime-fast-xhup	legacy-compatible
昏	hy	uo	25	rime-fast-xhup	legacy-compatible
昒	hu	ow	1	rime-fast-xhup	legacy-compatible
易	yi	ow	33	rime-fast-xhup	legacy-compatible
昔	xi	co	15	rime-fast-xhup	legacy-compatible
昕	xb	oj	16	rime-fast-xhup	legacy-compatible
昙	tj	os	8	rime-fast-xhup	legacy-compatible
昝	zj	wo	4	rime-fast-xhup	legacy-compatible
星	xk	ou	32	rime-fast-xhup	legacy-compatible
映	yk	oy	20	rime-fast-xhup	legacy-compatible
昡	xr	oy	1	rime-fast-xhup	legacy-compatible
昣	vf	op	0	rime-fast-xhup	legacy-compatible
昤	lk	os	1	rime-fast-xhup	legacy-compatible
春	iy	fo	32	rime-fast-xhup	legacy-compatible
昧	mw	ow	13	rime-fast-xhup	legacy-compatible
昨	zo	ov	20	rime-fast-xhup	legacy-compatible
昪	bm	oc	0	rime-fast-xhup	legacy-compatible
昫	xu	ok	1	rime-fast-xhup	legacy-compatible
昭	vc	ok	19	rime-fast-xhup	legacy-compatible
是	ui	or	83	rime-fast-xhup	legacy-compatible
昱	yu	ol	12	rime-fast-xhup	legacy-compatible
昳	dp	ou	1	rime-fast-xhup	legacy-compatible
昳	yi	ou	1	rime-fast-xhup	legacy-compatible
昴	mc	oe	6	rime-fast-xhup	legacy-compatible
昵	ni	ob	11	rime-fast-xhup	legacy-compatible
昶	ih	yo	9	rime-fast-xhup	legacy-compatible
昺	bk	ob	2	rime-fast-xhup	legacy-compatible
昼	vz	ia	13	rime-fast-xhup	legacy-compatible
昽	ls	ol	0	rime-fast-xhup	legacy-compatible
显	xm	oy	26	rime-fast-xhup	legacy-compatible
晁	ic	od	8	rime-fast-xhup	legacy-compatible
晃	hl	oe	22	rime-fast-xhup	legacy-compatible
晃	hl	ow	22	rime-fast-xhup	legacy-compatible
晅	xr	oa	0	rime-fast-xhup	legacy-compatible
晊	vi	ot	1	rime-fast-xhup	legacy-compatible
晋	jb	yo	21	rime-fast-xhup	legacy-compatible
晌	uh	ok	7	rime-fast-xhup	legacy-compatible
晏	yj	on	14	rime-fast-xhup	legacy-compatible
晐	gd	or	0	rime-fast-xhup	legacy-compatible
晒	ud	ox	28	rime-fast-xhup	legacy-compatible
晓	xn	ow	27	rime-fast-xhup	legacy-compatible
晔	ye	ou	11	rime-fast-xhup	legacy-compatible
晕	yy	oi	47	rime-fast-xhup	legacy-compatible
晖	hv	oi	17	rime-fast-xhup	legacy-compatible
晗	hj	ok	10	rime-fast-xhup	legacy-compatible
晙	jy	ow	1	rime-fast-xhup	legacy-compatible
晚	wj	ov	37	rime-fast-xhup	legacy-compatible
晞	xi	oj	6	rime-fast-xhup	legacy-compatible
晟	ig	oi	0	rime-fast-xhup	legacy-compatible
晟	ug	oi	14	rime-fast-xhup	legacy-compatible
晡	bu	of	2	rime-fast-xhup	legacy-compatible
晢	ve	fo	2	rime-fast-xhup	legacy-compatible
晤	wu	ok	11	rime-fast-xhup	legacy-compatible
晦	hv	om	10	rime-fast-xhup	legacy-compatible
晨	if	on	23	rime-fast-xhup	legacy-compatible
晪	tm	ob	1	rime-fast-xhup	legacy-compatible
晫	vo	ou	3	rime-fast-xhup	legacy-compatible
普	pu	bo	26	rime-fast-xhup	legacy-compatible
景	jk	ox	27	rime-fast-xhup	legacy-compatible
景	yk	ox	0	rime-fast-xhup	legacy-compatible
晰	xi	oj	8	rime-fast-xhup	legacy-compatible
晱	uj	oh	1	rime-fast-xhup	legacy-compatible
晴	qk	oo	23	rime-fast-xhup	legacy-compatible
晶	jk	oo	22	rime-fast-xhup	legacy-compatible
晷	gv	ok	3	rime-fast-xhup	legacy-compatible
智	vi	uo	26	rime-fast-xhup	legacy-compatible
晾	ll	ox	16	rime-fast-xhup	legacy-compatible
暂	zj	io	21	rime-fast-xhup	legacy-compatible
暄	xr	oa	9	rime-fast-xhup	legacy-compatible
暅	gg	oa	0	rime-fast-xhup	legacy-compatible
暅	xr	oa	0	rime-fast-xhup	legacy-compatible
暇	xx	oy	11	rime-fast-xhup	legacy-compatible
暌	kv	ot	1	rime-fast-xhup	legacy-compatible
暑	uu	oo	11	rime-fast-xhup	legacy-compatible
暕	jm	oj	0	rime-fast-xhup	legacy-compatible
暕	lj	oj	1	rime-fast-xhup	legacy-compatible
暖	nr	oy	23	rime-fast-xhup	legacy-compatible
暗	an	oo	27	rime-fast-xhup	legacy-compatible
暝	mk	ob	7	rime-fast-xhup	legacy-compatible
暧	ai	oy	10	rime-fast-xhup	legacy-compatible
暨	ji	ga	23	rime-fast-xhup	legacy-compatible
暮	mu	co	17	rime-fast-xhup	legacy-compatible
暲	vh	ou	2	rime-fast-xhup	legacy-compatible
暴	bc	ou	24	rime-fast-xhup	legacy-compatible
暴	pu	ou	1	rime-fast-xhup	legacy-compatible
暵	hj	on	1	rime-fast-xhup	legacy-compatible
暶	xr	or	0	rime-fast-xhup	legacy-compatible
暹	xm	zf	4	rime-fast-xhup	legacy-compatible
暾	ty	ow	3	rime-fast-xhup	legacy-compatible
暿	xi	ok	1	rime-fast-xhup	legacy-compatible
曈	ts	ol	2	rime-fast-xhup	legacy-compatible
曌	vc	og	3	rime-fast-xhup	legacy-compatible
曙	uu	oo	9	rime-fast-xhup	legacy-compatible
曛	xy	oh	3	rime-fast-xhup	legacy-compatible
曜	yc	of	12	rime-fast-xhup	legacy-compatible
曝	bc	ou	14	rime-fast-xhup	legacy-compatible
曝	pu	ou	8	rime-fast-xhup	legacy-compatible
曦	xi	od	16	rime-fast-xhup	legacy-compatible
曩	nh	oy	5	rime-fast-xhup	legacy-compatible
曰	yt	ka	14	rime-fast-xhup	legacy-compatible
曲	qu	la	28	rime-fast-xhup	legacy-compatible
曳	ye	lp	10	rime-fast-xhup	legacy-compatible
更	gg	an	50	rime-fast-xhup	legacy-compatible
曷	he	ov	4	rime-fast-xhup	legacy-compatible
曹	cc	ao	27	rime-fast-xhup	legacy-compatible
曼	mj	oy	23	rime-fast-xhup	legacy-compatible
曾	cg	bo	35	rime-fast-xhup	legacy-compatible
曾	zg	bo	32	rime-fast-xhup	legacy-compatible
替	ti	fo	28	rime-fast-xhup	legacy-compatible
最	zv	oy	52	rime-fast-xhup	legacy-compatible
月	yt	ka	52	rime-fast-xhup	legacy-compatible
有	yz	uo	75	rime-fast-xhup	legacy-compatible
朊	rr	oe	0	rime-fast-xhup	legacy-compatible
朋	pg	oo	19	rime-fast-xhup	legacy-compatible
服	fu	oy	31	rime-fast-xhup	legacy-compatible
朏	fw	oi	0	rime-fast-xhup	legacy-compatible
朏	ku	oi	1	rime-fast-xhup	legacy-compatible
朐	iy	ok	0	rime-fast-xhup	legacy-compatible
朐	qu	ok	2	rime-fast-xhup	legacy-compatible
朐	xu	ok	0	rime-fast-xhup	legacy-compatible
朓	tn	od	2	rime-fast-xhup	legacy-compatible
朔	uo	bo	14	rime-fast-xhup	legacy-compatible
朕	vf	ot	19	rime-fast-xhup	legacy-compatible
朗	lh	do	22	rime-fast-xhup	legacy-compatible
朘	jr	ow	0	rime-fast-xhup	legacy-compatible
望	wh	ww	30	rime-fast-xhup	legacy-compatible
朝	ic	uo	29	rime-fast-xhup	legacy-compatible
朝	vc	uo	22	rime-fast-xhup	legacy-compatible
期	ji	qo	5	rime-fast-xhup	legacy-compatible
期	qi	qo	36	rime-fast-xhup	legacy-compatible
朦	mg	on	8	rime-fast-xhup	legacy-compatible
朦	mg	ou	8	rime-fast-xhup	legacy-compatible
木	mu	un	33	rime-fast-xhup	legacy-compatible
未	ww	an	41	rime-fast-xhup	legacy-compatible
末	mo	an	26	rime-fast-xhup	legacy-compatible
本	bf	aa	44	rime-fast-xhup	legacy-compatible
札	va	mv	14	rime-fast-xhup	legacy-compatible
术	uu	md	26	rime-fast-xhup	legacy-compatible
术	vu	md	2	rime-fast-xhup	legacy-compatible
朱	uu	pw	0	rime-fast-xhup	legacy-compatible
朱	vu	pw	32	rime-fast-xhup	legacy-compatible
朳	ba	mb	1	rime-fast-xhup	legacy-compatible
朴	pn	mb	15	rime-fast-xhup	legacy-compatible
朴	po	mb	2	rime-fast-xhup	legacy-compatible
朴	pu	mb	16	rime-fast-xhup	legacy-compatible
朵	do	jm	21	rime-fast-xhup	legacy-compatible
朸	li	ml	0	rime-fast-xhup	legacy-compatible
机	ji	mj	37	rime-fast-xhup	legacy-compatible
朽	xq	mv	9	rime-fast-xhup	legacy-compatible
杀	ua	xm	43	rime-fast-xhup	legacy-compatible
杂	za	jm	26	rime-fast-xhup	legacy-compatible
权	qr	my	32	rime-fast-xhup	legacy-compatible
杄	qm	mq	0	rime-fast-xhup	legacy-compatible
杆	gj	mg	23	rime-fast-xhup	legacy-compatible
杈	ia	mi	7	rime-fast-xhup	legacy-compatible
杉	ua	mp	1	rime-fast-xhup	legacy-compatible
杉	uj	mp	15	rime-fast-xhup	legacy-compatible
杌	wu	mw	0	rime-fast-xhup	legacy-compatible
李	li	mz	39	rime-fast-xhup	legacy-compatible
杏	xk	mk	16	rime-fast-xhup	legacy-compatible
材	cd	mc	21	rime-fast-xhup	legacy-compatible
村	cy	mc	37	rime-fast-xhup	legacy-compatible
杓	bn	mu	4	rime-fast-xhup	legacy-compatible
杓	uc	mu	4	rime-fast-xhup	legacy-compatible
杕	di	md	0	rime-fast-xhup	legacy-compatible
杕	do	md	1	rime-fast-xhup	legacy-compatible
杖	vh	mv	18	rime-fast-xhup	legacy-compatible
杙	yi	my	1	rime-fast-xhup	legacy-compatible
杜	du	mt	28	rime-fast-xhup	legacy-compatible
杞	qi	mj	9	rime-fast-xhup	legacy-compatible
束	uu	an	19	rime-fast-xhup	legacy-compatible
杠	gh	mg	14	rime-fast-xhup	legacy-compatible
条	tn	wm	38	rime-fast-xhup	legacy-compatible
来	ld	an	65	rime-fast-xhup	legacy-compatible
杧	mh	mw	0	rime-fast-xhup	legacy-compatible
杨	yh	mp	37	rime-fast-xhup	legacy-compatible
杩	ma	mm	5	rime-fast-xhup	legacy-compatible
杪	mn	mu	3	rime-fast-xhup	legacy-compatible
杭	hh	mj	18	rime-fast-xhup	legacy-compatible
杯	bw	mb	27	rime-fast-xhup	legacy-compatible
杰	jp	mh	27	rime-fast-xhup	legacy-compatible
杲	gc	om	5	rime-fast-xhup	legacy-compatible
杳	yc	mo	8	rime-fast-xhup	legacy-compatible
杵	iu	mu	11	rime-fast-xhup	legacy-compatible
杵	iu	mw	11	rime-fast-xhup	legacy-compatible
杷	pa	mb	3	rime-fast-xhup	legacy-compatible
杻	iz	mi	1	rime-fast-xhup	legacy-compatible
杻	nq	mi	1	rime-fast-xhup	legacy-compatible
杼	vu	ml	4	rime-fast-xhup	legacy-compatible
松	ss	ms	29	rime-fast-xhup	legacy-compatible
板	bj	my	31	rime-fast-xhup	legacy-compatible
极	ji	mj	32	rime-fast-xhup	legacy-compatible
构	gz	ms	17	rime-fast-xhup	legacy-compatible
枅	ji	mc	0	rime-fast-xhup	legacy-compatible
枅	ji	mk	0	rime-fast-xhup	legacy-compatible
枇	pi	mb	2	rime-fast-xhup	legacy-compatible
枉	wh	mw	13	rime-fast-xhup	legacy-compatible
枋	bk	mf	0	rime-fast-xhup	legacy-compatible
枋	fh	mf	6	rime-fast-xhup	legacy-compatible
枍	yi	mv	0	rime-fast-xhup	legacy-compatible
析	xi	mj	14	rime-fast-xhup	legacy-compatible
枕	vf	mv	21	rime-fast-xhup	legacy-compatible
林	lb	mm	38	rime-fast-xhup	legacy-compatible
枘	rv	mn	1	rime-fast-xhup	legacy-compatible
枚	mw	mw	20	rime-fast-xhup	legacy-compatible
果	go	ln	30	rime-fast-xhup	legacy-compatible
枝	qi	my	0	rime-fast-xhup	legacy-compatible
枝	vi	my	22	rime-fast-xhup	legacy-compatible
枞	cs	mr	3	rime-fast-xhup	legacy-compatible
枞	zs	mr	3	rime-fast-xhup	legacy-compatible
枢	uu	mx	11	rime-fast-xhup	legacy-compatible
枣	zc	ad	16	rime-fast-xhup	legacy-compatible
枥	li	ml	0	rime-fast-xhup	legacy-compatible
枧	jm	me	3	rime-fast-xhup	legacy-compatible
枨	ig	mi	2	rime-fast-xhup	legacy-compatible
枪	ql	mv	29	rime-fast-xhup	legacy-compatible
枫	fg	mx	23	rime-fast-xhup	legacy-compatible
枭	xn	nm	11	rime-fast-xhup	legacy-compatible
枭	xn	pm	11	rime-fast-xhup	legacy-compatible
枯	ku	mk	17	rime-fast-xhup	legacy-compatible
枰	pk	mp	5	rime-fast-xhup	legacy-compatible
枲	xi	sm	1	rime-fast-xhup	legacy-compatible
枳	vi	mb	6	rime-fast-xhup	legacy-compatible
枵	xn	mv	1	rime-fast-xhup	legacy-compatible
架	jx	lm	29	rime-fast-xhup	legacy-compatible
枷	jx	mk	8	rime-fast-xhup	legacy-compatible
枸	gz	mk	3	rime-fast-xhup	legacy-compatible
枸	ju	mk	2	rime-fast-xhup	legacy-compatible
枹	bc	ms	0	rime-fast-xhup	legacy-compatible
枹	fu	ms	1	rime-fast-xhup	legacy-compatible
柁	do	mb	4	rime-fast-xhup	legacy-compatible
柁	to	mb	4	rime-fast-xhup	legacy-compatible
柃	lk	ms	2	rime-fast-xhup	legacy-compatible
柄	bk	mb	17	rime-fast-xhup	legacy-compatible
柈	bj	mb	1	rime-fast-xhup	legacy-compatible
柈	pj	mb	0	rime-fast-xhup	legacy-compatible
柊	vs	md	3	rime-fast-xhup	legacy-compatible
柏	bd	mb	19	rime-fast-xhup	legacy-compatible
柏	bo	mb	15	rime-fast-xhup	legacy-compatible
某	mz	gm	38	rime-fast-xhup	legacy-compatible
柑	gj	mg	10	rime-fast-xhup	legacy-compatible
柒	qi	dm	13	rime-fast-xhup	legacy-compatible
染	rj	dm	22	rime-fast-xhup	legacy-compatible
柔	rz	mm	22	rime-fast-xhup	legacy-compatible
柔	rz	sm	22	rime-fast-xhup	legacy-compatible
柖	uc	mk	0	rime-fast-xhup	legacy-compatible
柘	ve	mu	6	rime-fast-xhup	legacy-compatible
柙	xx	mj	3	rime-fast-xhup	legacy-compatible
柚	yz	my	10	rime-fast-xhup	legacy-compatible
柜	gv	mj	21	rime-fast-xhup	legacy-compatible
柜	ju	mj	2	rime-fast-xhup	legacy-compatible
柝	to	mi	4	rime-fast-xhup	legacy-compatible
柞	va	mv	4	rime-fast-xhup	legacy-compatible
柞	zo	mv	2	rime-fast-xhup	legacy-compatible
柠	nk	md	10	rime-fast-xhup	legacy-compatible
柢	di	md	3	rime-fast-xhup	legacy-compatible
柢	ii	md	0	rime-fast-xhup	legacy-compatible
查	ia	ma	39	rime-fast-xhup	legacy-compatible
查	va	ma	5	rime-fast-xhup	legacy-compatible
柩	jq	mj	3	rime-fast-xhup	legacy-compatible
柬	jm	an	10	rime-fast-xhup	legacy-compatible
柯	ke	mk	22	rime-fast-xhup	legacy-compatible
柰	nd	mx	4	rime-fast-xhup	legacy-compatible
柱	vu	mv	23	rime-fast-xhup	legacy-compatible
柳	lq	me	28	rime-fast-xhup	legacy-compatible
柴	id	vm	21	rime-fast-xhup	legacy-compatible
柷	vu	me	1	rime-fast-xhup	legacy-compatible
柽	ig	mt	2	rime-fast-xhup	legacy-compatible
柿	ui	mj	10	rime-fast-xhup	legacy-compatible
栀	vi	mv	8	rime-fast-xhup	legacy-compatible
栅	ce	mc	0	rime-fast-xhup	legacy-compatible
栅	ui	mc	0	rime-fast-xhup	legacy-compatible
栅	uj	mc	11	rime-fast-xhup	legacy-compatible
栅	va	mc	3	rime-fast-xhup	legacy-compatible
标	bn	mx	28	rime-fast-xhup	legacy-compatible
栈	vj	mj	14	rime-fast-xhup	legacy-compatible
栉	vi	me	4	rime-fast-xhup	legacy-compatible
栊	ls	ml	5	rime-fast-xhup	legacy-compatible
栋	ds	md	24	rime-fast-xhup	legacy-compatible
栌	lu	mu	2	rime-fast-xhup	legacy-compatible
栎	li	ml	4	rime-fast-xhup	legacy-compatible
栎	yt	ml	9	rime-fast-xhup	legacy-compatible
栏	lj	ms	25	rime-fast-xhup	legacy-compatible
栐	ys	my	0	rime-fast-xhup	legacy-compatible
树	uu	mc	32	rime-fast-xhup	legacy-compatible
栒	xy	mo	1	rime-fast-xhup	legacy-compatible
栓	ur	mw	17	rime-fast-xhup	legacy-compatible
栖	qi	mx	13	rime-fast-xhup	legacy-compatible
栖	xi	mx	10	rime-fast-xhup	legacy-compatible
栗	li	xm	14	rime-fast-xhup	legacy-compatible
栝	gx	mk	4	rime-fast-xhup	legacy-compatible
栝	tm	mk	0	rime-fast-xhup	legacy-compatible
栟	bf	mk	0	rime-fast-xhup	legacy-compatible
栟	bk	mc	0	rime-fast-xhup	legacy-compatible
栟	bk	mk	0	rime-fast-xhup	legacy-compatible
校	jn	mx	7	rime-fast-xhup	legacy-compatible
校	xn	mx	26	rime-fast-xhup	legacy-compatible
栩	xu	mx	7	rime-fast-xhup	legacy-compatible
株	vu	mv	19	rime-fast-xhup	legacy-compatible
栲	kc	mv	4	rime-fast-xhup	legacy-compatible
栳	lc	mb	2	rime-fast-xhup	legacy-compatible
栴	vj	md	2	rime-fast-xhup	legacy-compatible
样	yh	my	39	rime-fast-xhup	legacy-compatible
核	he	mr	26	rime-fast-xhup	legacy-compatible
核	hu	mr	1	rime-fast-xhup	legacy-compatible
根	gf	mg	33	rime-fast-xhup	legacy-compatible
栻	ui	mg	2	rime-fast-xhup	legacy-compatible
格	ge	mk	38	rime-fast-xhup	legacy-compatible
栽	zd	um	18	rime-fast-xhup	legacy-compatible
栾	lr	wm	12	rime-fast-xhup	legacy-compatible
桀	jp	xm	9	rime-fast-xhup	legacy-compatible
桁	hg	mi	6	rime-fast-xhup	legacy-compatible
桁	hh	mi	0	rime-fast-xhup	legacy-compatible
桂	gv	mt	22	rime-fast-xhup	legacy-compatible
桃	tc	md	21	rime-fast-xhup	legacy-compatible
桄	gl	me	5	rime-fast-xhup	legacy-compatible
桄	gl	mw	5	rime-fast-xhup	legacy-compatible
桅	ww	mv	7	rime-fast-xhup	legacy-compatible
框	kl	mw	24	rime-fast-xhup	legacy-compatible
案	an	bm	31	rime-fast-xhup	legacy-compatible
桉	an	mn	7	rime-fast-xhup	legacy-compatible
桊	jr	jm	2	rime-fast-xhup	legacy-compatible
桌	vo	lm	22	rime-fast-xhup	legacy-compatible
桎	vi	mt	4	rime-fast-xhup	legacy-compatible
桐	ts	mk	18	rime-fast-xhup	legacy-compatible
桑	sh	ym	23	rime-fast-xhup	legacy-compatible
桓	hr	ma	14	rime-fast-xhup	legacy-compatible
桔	jp	mk	6	rime-fast-xhup	legacy-compatible
桔	ju	mk	13	rime-fast-xhup	legacy-compatible
桕	jq	mj	0	rime-fast-xhup	legacy-compatible
桠	ya	my	5	rime-fast-xhup	legacy-compatible
桡	nc	mw	0	rime-fast-xhup	legacy-compatible
桡	rc	mw	7	rime-fast-xhup	legacy-compatible
桢	vf	mr	12	rime-fast-xhup	legacy-compatible
档	dh	me	27	rime-fast-xhup	legacy-compatible
桤	qi	mj	0	rime-fast-xhup	legacy-compatible
桥	qn	ml	30	rime-fast-xhup	legacy-compatible
桦	hx	mu	14	rime-fast-xhup	legacy-compatible
桧	gv	ms	5	rime-fast-xhup	legacy-compatible
桧	gv	my	5	rime-fast-xhup	legacy-compatible
桧	hv	ms	4	rime-fast-xhup	legacy-compatible
桨	jl	dm	11	rime-fast-xhup	legacy-compatible
桨	jl	pm	11	rime-fast-xhup	legacy-compatible
桩	vl	mt	18	rime-fast-xhup	legacy-compatible
桫	so	mu	2	rime-fast-xhup	legacy-compatible
桯	tk	mw	1	rime-fast-xhup	legacy-compatible
桯	yk	mw	0	rime-fast-xhup	legacy-compatible
桲	bo	mz	0	rime-fast-xhup	legacy-compatible
桲	po	mz	1	rime-fast-xhup	legacy-compatible
桴	fu	mz	3	rime-fast-xhup	legacy-compatible
桶	ts	my	21	rime-fast-xhup	legacy-compatible
桷	jt	my	2	rime-fast-xhup	legacy-compatible
桹	lh	ml	0	rime-fast-xhup	legacy-compatible
梁	ll	dm	30	rime-fast-xhup	legacy-compatible
梃	tk	mz	8	rime-fast-xhup	legacy-compatible
梅	mw	mm	29	rime-fast-xhup	legacy-compatible
梆	bh	me	6	rime-fast-xhup	legacy-compatible
梌	ia	mh	0	rime-fast-xhup	legacy-compatible
梌	ia	mm	0	rime-fast-xhup	legacy-compatible
梌	tu	mh	1	rime-fast-xhup	legacy-compatible
梏	gu	mk	2	rime-fast-xhup	legacy-compatible
梓	zi	mu	16	rime-fast-xhup	legacy-compatible
梗	gg	mg	16	rime-fast-xhup	legacy-compatible
梠	lv	mk	0	rime-fast-xhup	legacy-compatible
梢	sc	mo	0	rime-fast-xhup	legacy-compatible
梢	uc	mo	13	rime-fast-xhup	legacy-compatible
梣	if	mv	0	rime-fast-xhup	legacy-compatible
梣	qb	mv	1	rime-fast-xhup	legacy-compatible
梦	mg	mx	36	rime-fast-xhup	legacy-compatible
梧	wu	mk	10	rime-fast-xhup	legacy-compatible
梨	li	hm	20	rime-fast-xhup	legacy-compatible
梭	so	mw	12	rime-fast-xhup	legacy-compatible
梯	ti	mp	15	rime-fast-xhup	legacy-compatible
械	xp	mc	11	rime-fast-xhup	legacy-compatible
梳	uu	mv	16	rime-fast-xhup	legacy-compatible
梴	ij	mz	1	rime-fast-xhup	legacy-compatible
梴	yj	mz	0	rime-fast-xhup	legacy-compatible
梵	fj	mf	14	rime-fast-xhup	legacy-compatible
梼	dc	mc	0	rime-fast-xhup	legacy-compatible
梼	iz	mc	0	rime-fast-xhup	legacy-compatible
梼	tc	mc	1	rime-fast-xhup	legacy-compatible
梽	vi	mx	0	rime-fast-xhup	legacy-compatible
梾	ld	ml	0	rime-fast-xhup	legacy-compatible
梿	lm	mz	0	rime-fast-xhup	legacy-compatible
检	jm	ma	22	rime-fast-xhup	legacy-compatible
棁	vo	me	0	rime-fast-xhup	legacy-compatible
棂	lk	mh	4	rime-fast-xhup	legacy-compatible
棉	mm	mj	22	rime-fast-xhup	legacy-compatible
棋	qi	mb	21	rime-fast-xhup	legacy-compatible
棍	gy	mb	19	rime-fast-xhup	legacy-compatible
棍	hy	mb	0	rime-fast-xhup	legacy-compatible
棐	fw	fm	2	rime-fast-xhup	legacy-compatible
棒	bh	ml	26	rime-fast-xhup	legacy-compatible
棓	bh	mk	0	rime-fast-xhup	legacy-compatible
棓	bw	mk	0	rime-fast-xhup	legacy-compatible
棓	pz	mk	3	rime-fast-xhup	legacy-compatible
棕	zs	mx	14	rime-fast-xhup	legacy-compatible
棘	ji	an	11	rime-fast-xhup	legacy-compatible
棚	pg	mo	18	rime-fast-xhup	legacy-compatible
棠	th	xm	14	rime-fast-xhup	legacy-compatible
棣	dd	mn	0	rime-fast-xhup	legacy-compatible
棣	di	mn	9	rime-fast-xhup	legacy-compatible
棣	ti	mn	0	rime-fast-xhup	legacy-compatible
棤	co	mo	2	rime-fast-xhup	legacy-compatible
棨	qi	hm	2	rime-fast-xhup	legacy-compatible
棪	yj	mh	1	rime-fast-xhup	legacy-compatible
棫	yu	ma	0	rime-fast-xhup	legacy-compatible
棬	jr	mv	0	rime-fast-xhup	legacy-compatible
棬	qr	mv	2	rime-fast-xhup	legacy-compatible
森	sf	mm	25	rime-fast-xhup	legacy-compatible
棰	iv	mi	7	rime-fast-xhup	legacy-compatible
棱	lg	mw	13	rime-fast-xhup	legacy-compatible
棱	lk	mw	5	rime-fast-xhup	legacy-compatible
棵	ke	mg	16	rime-fast-xhup	legacy-compatible
棹	vc	mu	8	rime-fast-xhup	legacy-compatible
棹	vo	mu	0	rime-fast-xhup	legacy-compatible
棺	gr	mk	14	rime-fast-xhup	legacy-compatible
棻	ff	cm	2	rime-fast-xhup	legacy-compatible
棼	ff	md	2	rime-fast-xhup	legacy-compatible
棽	if	mv	0	rime-fast-xhup	legacy-compatible
棽	uf	mv	0	rime-fast-xhup	legacy-compatible
椀	wj	mv	8	rime-fast-xhup	legacy-compatible
椁	go	mz	6	rime-fast-xhup	legacy-compatible
椅	yi	mk	15	rime-fast-xhup	legacy-compatible
椆	dn	mk	0	rime-fast-xhup	legacy-compatible
椆	iz	mk	0	rime-fast-xhup	legacy-compatible
椆	vz	mk	1	rime-fast-xhup	legacy-compatible
椋	ll	mx	6	rime-fast-xhup	legacy-compatible
植	vi	mq	18	rime-fast-xhup	legacy-compatible
椎	iv	mf	1	rime-fast-xhup	legacy-compatible
椎	vv	mf	12	rime-fast-xhup	legacy-compatible
椐	ju	mk	0	rime-fast-xhup	legacy-compatible
椑	bw	mu	1	rime-fast-xhup	legacy-compatible
椑	pi	mu	0	rime-fast-xhup	legacy-compatible
椒	jn	my	13	rime-fast-xhup	legacy-compatible
椓	vo	mn	1	rime-fast-xhup	legacy-compatible
椟	du	md	3	rime-fast-xhup	legacy-compatible
椠	qm	im	1	rime-fast-xhup	legacy-compatible
椤	lo	mx	7	rime-fast-xhup	legacy-compatible
椪	pg	my	5	rime-fast-xhup	legacy-compatible
椭	to	mo	4	rime-fast-xhup	legacy-compatible
椰	ye	me	14	rime-fast-xhup	legacy-compatible
椴	dr	my	8	rime-fast-xhup	legacy-compatible
椸	yi	my	0	rime-fast-xhup	legacy-compatible
椹	uf	mv	2	rime-fast-xhup	legacy-compatible
椹	vf	mv	2	rime-fast-xhup	legacy-compatible
椽	ir	mu	7	rime-fast-xhup	legacy-compatible
椿	iy	mo	10	rime-fast-xhup	legacy-compatible
楂	ia	ma	3	rime-fast-xhup	legacy-compatible
楂	va	ma	3	rime-fast-xhup	legacy-compatible
楒	si	mx	1	rime-fast-xhup	legacy-compatible
楔	xp	md	8	rime-fast-xhup	legacy-compatible
楗	jm	mz	0	rime-fast-xhup	legacy-compatible
楙	mc	mm	1	rime-fast-xhup	legacy-compatible
楚	iu	mr	26	rime-fast-xhup	legacy-compatible
楝	lm	mj	5	rime-fast-xhup	legacy-compatible
楞	lg	mf	17	rime-fast-xhup	legacy-compatible
楠	nj	mg	19	rime-fast-xhup	legacy-compatible
楣	mw	mo	8	rime-fast-xhup	legacy-compatible
楦	xr	ma	4	rime-fast-xhup	legacy-compatible
楩	pm	mg	1	rime-fast-xhup	legacy-compatible
楪	dp	mm	0	rime-fast-xhup	legacy-compatible
楪	ye	mm	1	rime-fast-xhup	legacy-compatible
楫	ji	me	5	rime-fast-xhup	legacy-compatible
楮	iu	mo	0	rime-fast-xhup	legacy-compatible
楯	dy	mo	1	rime-fast-xhup	legacy-compatible
楯	uy	mo	1	rime-fast-xhup	legacy-compatible
楷	jp	mb	1	rime-fast-xhup	legacy-compatible
楷	kd	mb	13	rime-fast-xhup	legacy-compatible
楸	qq	mh	5	rime-fast-xhup	legacy-compatible
楹	yk	mm	7	rime-fast-xhup	legacy-compatible
楼	lz	mn	38	rime-fast-xhup	legacy-compatible
榀	pb	mk	3	rime-fast-xhup	legacy-compatible
概	gd	mv	15	rime-fast-xhup	legacy-compatible
榃	tj	mt	0	rime-fast-xhup	legacy-compatible
榄	lj	me	8	rime-fast-xhup	legacy-compatible
榅	wf	mm	0	rime-fast-xhup	legacy-compatible
榅	yy	mm	0	rime-fast-xhup	legacy-compatible
榆	yu	md	12	rime-fast-xhup	legacy-compatible
榇	if	mm	0	rime-fast-xhup	legacy-compatible
榈	lv	mk	3	rime-fast-xhup	legacy-compatible
榉	ju	ml	3	rime-fast-xhup	legacy-compatible
榍	xp	mo	0	rime-fast-xhup	legacy-compatible
榑	bo	mc	0	rime-fast-xhup	legacy-compatible
榑	fu	mc	1	rime-fast-xhup	legacy-compatible
榔	lh	me	6	rime-fast-xhup	legacy-compatible
榕	rs	mk	14	rime-fast-xhup	legacy-compatible
榖	gu	uy	0	rime-fast-xhup	legacy-compatible
榛	vf	mh	8	rime-fast-xhup	legacy-compatible
榜	bh	mf	26	rime-fast-xhup	legacy-compatible
榧	fw	mf	0	rime-fast-xhup	legacy-compatible
榨	va	mv	12	rime-fast-xhup	legacy-compatible
榫	sy	mu	6	rime-fast-xhup	legacy-compatible
榭	xp	mc	9	rime-fast-xhup	legacy-compatible
榰	vi	mo	0	rime-fast-xhup	legacy-compatible
榱	cv	my	2	rime-fast-xhup	legacy-compatible
榴	lq	mt	8	rime-fast-xhup	legacy-compatible
榷	qt	mf	3	rime-fast-xhup	legacy-compatible
榻	ta	mx	9	rime-fast-xhup	legacy-compatible
槁	gc	mk	4	rime-fast-xhup	legacy-compatible
槃	pj	vm	3	rime-fast-xhup	legacy-compatible
槊	uo	bm	5	rime-fast-xhup	legacy-compatible
槌	iv	mz	10	rime-fast-xhup	legacy-compatible
槎	ia	mg	8	rime-fast-xhup	legacy-compatible
槐	hk	mg	13	rime-fast-xhup	legacy-compatible
槔	gc	mu	1	rime-fast-xhup	legacy-compatible
槚	jx	mr	0	rime-fast-xhup	legacy-compatible
槛	jm	mm	5	rime-fast-xhup	legacy-compatible
槛	kj	mm	9	rime-fast-xhup	legacy-compatible
槜	zv	mn	0	rime-fast-xhup	legacy-compatible
槟	bb	mb	5	rime-fast-xhup	legacy-compatible
槟	bk	mb	3	rime-fast-xhup	legacy-compatible
槠	vu	mo	2	rime-fast-xhup	legacy-compatible
槭	qi	mx	4	rime-fast-xhup	legacy-compatible
槭	se	mx	0	rime-fast-xhup	legacy-compatible
槱	ic	mh	0	rime-fast-xhup	legacy-compatible
槱	yz	mh	1	rime-fast-xhup	legacy-compatible
槲	hu	mu	4	rime-fast-xhup	legacy-compatible
槽	cc	mo	21	rime-fast-xhup	legacy-compatible
槿	jb	ma	7	rime-fast-xhup	legacy-compatible
樊	fj	md	18	rime-fast-xhup	legacy-compatible
樋	ts	mz	0	rime-fast-xhup	legacy-compatible
樗	iu	mk	4	rime-fast-xhup	legacy-compatible
樘	th	mt	4	rime-fast-xhup	legacy-compatible
樟	vh	mu	10	rime-fast-xhup	legacy-compatible
模	mo	md	24	rime-fast-xhup	legacy-compatible
模	mu	md	5	rime-fast-xhup	legacy-compatible
樨	xi	mn	2	rime-fast-xhup	legacy-compatible
横	hg	mb	27	rime-fast-xhup	legacy-compatible
樯	ql	mk	6	rime-fast-xhup	legacy-compatible
樱	yk	mn	17	rime-fast-xhup	legacy-compatible
樵	qn	mh	11	rime-fast-xhup	legacy-compatible
樽	zy	mc	11	rime-fast-xhup	legacy-compatible
樾	yt	mv	6	rime-fast-xhup	legacy-compatible
橄	gj	mw	5	rime-fast-xhup	legacy-compatible
橇	qn	mm	7	rime-fast-xhup	legacy-compatible
橐	to	am	5	rime-fast-xhup	legacy-compatible
橑	ln	mx	0	rime-fast-xhup	legacy-compatible
橘	ju	mk	13	rime-fast-xhup	legacy-compatible
橙	ig	ma	17	rime-fast-xhup	legacy-compatible
橛	jt	mr	3	rime-fast-xhup	legacy-compatible
橞	hv	mx	1	rime-fast-xhup	legacy-compatible
橡	xl	mn	9	rime-fast-xhup	legacy-compatible
橥	vu	qm	0	rime-fast-xhup	legacy-compatible
橦	il	ml	0	rime-fast-xhup	legacy-compatible
橦	ts	ml	2	rime-fast-xhup	legacy-compatible
橱	iu	mc	9	rime-fast-xhup	legacy-compatible
橹	lu	mo	7	rime-fast-xhup	legacy-compatible
橼	yr	mu	3	rime-fast-xhup	legacy-compatible
檀	tj	ma	12	rime-fast-xhup	legacy-compatible
檄	xi	mw	5	rime-fast-xhup	legacy-compatible
檎	qb	md	1	rime-fast-xhup	legacy-compatible
檐	yj	mk	12	rime-fast-xhup	legacy-compatible
檑	lw	mt	1	rime-fast-xhup	legacy-compatible
檗	bo	um	2	rime-fast-xhup	legacy-compatible
檞	jp	mn	1	rime-fast-xhup	legacy-compatible
檠	qk	cm	3	rime-fast-xhup	legacy-compatible
檩	lb	mx	3	rime-fast-xhup	legacy-compatible
檫	ia	mx	7	rime-fast-xhup	legacy-compatible
檬	mg	mn	9	rime-fast-xhup	legacy-compatible
檬	mg	mu	9	rime-fast-xhup	legacy-compatible
檵	ji	mv	0	rime-fast-xhup	legacy-compatible
櫆	kv	mu	2	rime-fast-xhup	legacy-compatible
欂	bo	mc	0	rime-fast-xhup	legacy-compatible
欠	qm	dr	27	rime-fast-xhup	legacy-compatible
次	ci	dr	42	rime-fast-xhup	legacy-compatible
欢	hr	yr	22	rime-fast-xhup	legacy-compatible
欣	xb	jr	23	rime-fast-xhup	legacy-compatible
欤	yu	yr	7	rime-fast-xhup	legacy-compatible
欧	ou	kr	28	rime-fast-xhup	legacy-compatible
欧	ou	qr	28	rime-fast-xhup	legacy-compatible
欲	yu	br	31	rime-fast-xhup	legacy-compatible
欸	ai	sr	4	rime-fast-xhup	legacy-compatible
欸	ei	sr	0	rime-fast-xhup	legacy-compatible
欹	qi	dr	0	rime-fast-xhup	legacy-compatible
欹	yi	dr	0	rime-fast-xhup	legacy-compatible
欺	qi	qr	15	rime-fast-xhup	legacy-compatible
欻	ix	hr	19	rime-fast-xhup	legacy-compatible
欻	xu	hr	1	rime-fast-xhup	legacy-compatible
款	kr	ur	33	rime-fast-xhup	legacy-compatible
歃	ua	qr	1	rime-fast-xhup	legacy-compatible
歅	yb	xr	1	rime-fast-xhup	legacy-compatible
歅	yj	xr	0	rime-fast-xhup	legacy-compatible
歆	xb	lr	11	rime-fast-xhup	legacy-compatible
歇	xp	or	19	rime-fast-xhup	legacy-compatible
歉	qm	br	11	rime-fast-xhup	legacy-compatible
歌	ge	dr	37	rime-fast-xhup	legacy-compatible
歙	ue	rr	4	rime-fast-xhup	legacy-compatible
歙	xi	hr	2	rime-fast-xhup	legacy-compatible
歙	xi	rr	2	rime-fast-xhup	legacy-compatible
止	vi	la	23	rime-fast-xhup	legacy-compatible
正	vg	av	42	rime-fast-xhup	legacy-compatible
此	ci	vb	41	rime-fast-xhup	legacy-compatible
步	bu	vp	29	rime-fast-xhup	legacy-compatible
武	wu	av	28	rime-fast-xhup	legacy-compatible
歧	qi	vy	11	rime-fast-xhup	legacy-compatible
歪	wd	bv	22	rime-fast-xhup	legacy-compatible
歪	wd	pv	22	rime-fast-xhup	legacy-compatible
歹	dd	ax	9	rime-fast-xhup	legacy-compatible
死	si	db	47	rime-fast-xhup	legacy-compatible
歼	jm	dq	13	rime-fast-xhup	legacy-compatible
殁	mo	dy	7	rime-fast-xhup	legacy-compatible
殂	cu	dq	3	rime-fast-xhup	legacy-compatible
殃	yh	dy	7	rime-fast-xhup	legacy-compatible
殄	tm	dp	4	rime-fast-xhup	legacy-compatible
殆	dd	dk	8	rime-fast-xhup	legacy-compatible
殇	uh	dp	13	rime-fast-xhup	legacy-compatible
殉	xy	do	7	rime-fast-xhup	legacy-compatible
殊	uu	dv	14	rime-fast-xhup	legacy-compatible
残	cj	dj	24	rime-fast-xhup	legacy-compatible
殍	pn	dz	3	rime-fast-xhup	legacy-compatible
殒	yy	dr	6	rime-fast-xhup	legacy-compatible
殓	lm	da	6	rime-fast-xhup	legacy-compatible
殖	ui	dq	3	rime-fast-xhup	legacy-compatible
殖	vi	dq	8	rime-fast-xhup	legacy-compatible
殚	dj	dl	5	rime-fast-xhup	legacy-compatible
殛	ji	da	0	rime-fast-xhup	legacy-compatible
殡	bb	db	6	rime-fast-xhup	legacy-compatible
殣	jb	da	3	rime-fast-xhup	legacy-compatible
殪	yi	da	3	rime-fast-xhup	legacy-compatible
殳	uu	jy	0	rime-fast-xhup	legacy-compatible
殴	ou	ky	11	rime-fast-xhup	legacy-compatible
殴	ou	qy	11	rime-fast-xhup	legacy-compatible
段	dr	py	35	rime-fast-xhup	legacy-compatible
殷	yb	py	21	rime-fast-xhup	legacy-compatible
殷	yj	py	1	rime-fast-xhup	legacy-compatible
殿	dm	uy	21	rime-fast-xhup	legacy-compatible
毁	hv	jy	22	rime-fast-xhup	legacy-compatible
毂	gu	uy	6	rime-fast-xhup	legacy-compatible
毅	yi	ly	19	rime-fast-xhup	legacy-compatible
毋	wu	va	13	rime-fast-xhup	legacy-compatible
毌	gr	va	1	rime-fast-xhup	legacy-compatible
毌	wj	va	0	rime-fast-xhup	legacy-compatible
母	mu	vd	27	rime-fast-xhup	legacy-compatible
每	mw	pm	42	rime-fast-xhup	legacy-compatible
每	mw	rm	42	rime-fast-xhup	legacy-compatible
毐	ai	uw	4	rime-fast-xhup	legacy-compatible
毒	dd	fm	0	rime-fast-xhup	legacy-compatible
毒	du	fm	29	rime-fast-xhup	legacy-compatible
毓	yu	pv	14	rime-fast-xhup	legacy-compatible
毓	yu	rv	14	rime-fast-xhup	legacy-compatible
比	bi	bb	53	rime-fast-xhup	legacy-compatible
毕	bi	bu	21	rime-fast-xhup	legacy-compatible
毖	bi	bb	3	rime-fast-xhup	legacy-compatible
毗	pi	tb	10	rime-fast-xhup	legacy-compatible
毙	bi	bb	12	rime-fast-xhup	legacy-compatible
毛	mc	pv	37	rime-fast-xhup	legacy-compatible
毡	vj	mk	10	rime-fast-xhup	legacy-compatible
毪	mu	mn	1	rime-fast-xhup	legacy-compatible
毫	hc	wm	14	rime-fast-xhup	legacy-compatible
毯	tj	mh	10	rime-fast-xhup	legacy-compatible
毳	cv	mm	0	rime-fast-xhup	legacy-compatible
毵	sj	sm	2	rime-fast-xhup	legacy-compatible
毹	uu	rm	2	rime-fast-xhup	legacy-compatible
毽	jm	mz	2	rime-fast-xhup	legacy-compatible
氅	ih	xm	0	rime-fast-xhup	legacy-compatible
氆	pu	mo	3	rime-fast-xhup	legacy-compatible
氇	lu	mo	3	rime-fast-xhup	legacy-compatible
氍	qu	om	3	rime-fast-xhup	legacy-compatible
氏	ui	kv	26	rime-fast-xhup	legacy-compatible
氏	ui	pv	26	rime-fast-xhup	legacy-compatible
氏	vi	kv	1	rime-fast-xhup	legacy-compatible
氏	vi	pv	1	rime-fast-xhup	legacy-compatible
氐	di	ud	7	rime-fast-xhup	legacy-compatible
民	mb	vv	31	rime-fast-xhup	legacy-compatible
氓	mg	wm	2	rime-fast-xhup	legacy-compatible
氓	mh	wm	8	rime-fast-xhup	legacy-compatible
气	qi	pv	36	rime-fast-xhup	legacy-compatible
气	qi	rv	36	rime-fast-xhup	legacy-compatible
氕	pp	qp	1	rime-fast-xhup	legacy-compatible
氖	nd	qn	7	rime-fast-xhup	legacy-compatible
氘	dc	ql	4	rime-fast-xhup	legacy-compatible
氙	xm	qe	3	rime-fast-xhup	legacy-compatible
氚	ir	qi	4	rime-fast-xhup	legacy-compatible
氛	ff	qd	6	rime-fast-xhup	legacy-compatible
氟	fu	qf	16	rime-fast-xhup	legacy-compatible
氟	fu	rf	16	rime-fast-xhup	legacy-compatible
氡	ds	qd	7	rime-fast-xhup	legacy-compatible
氢	qk	qg	17	rime-fast-xhup	legacy-compatible
氤	yb	qd	3	rime-fast-xhup	legacy-compatible
氦	hd	qr	8	rime-fast-xhup	legacy-compatible
氧	yh	qy	19	rime-fast-xhup	legacy-compatible
氨	an	qn	16	rime-fast-xhup	legacy-compatible
氩	ya	qy	6	rime-fast-xhup	legacy-compatible
氪	ke	qe	5	rime-fast-xhup	legacy-compatible
氮	dj	qh	17	rime-fast-xhup	legacy-compatible
氯	lv	qu	16	rime-fast-xhup	legacy-compatible
氰	qk	qo	10	rime-fast-xhup	legacy-compatible
氲	yy	qm	4	rime-fast-xhup	legacy-compatible
水	uv	ln	45	rime-fast-xhup	legacy-compatible
永	ys	dn	27	rime-fast-xhup	legacy-compatible
氽	ty	ru	0	rime-fast-xhup	legacy-compatible
氾	fj	dv	0	rime-fast-xhup	legacy-compatible
氿	gv	dj	1	rime-fast-xhup	legacy-compatible
氿	jq	dj	1	rime-fast-xhup	legacy-compatible
汀	tk	dd	15	rime-fast-xhup	legacy-compatible
汁	vi	du	22	rime-fast-xhup	legacy-compatible
求	qq	ad	33	rime-fast-xhup	legacy-compatible
汆	cr	ru	6	rime-fast-xhup	legacy-compatible
汇	hv	dk	25	rime-fast-xhup	legacy-compatible
汈	dn	dd	0	rime-fast-xhup	legacy-compatible
汉	hj	dy	29	rime-fast-xhup	legacy-compatible
汊	ia	di	7	rime-fast-xhup	legacy-compatible
汋	qt	du	0	rime-fast-xhup	legacy-compatible
汋	vo	du	1	rime-fast-xhup	legacy-compatible
汐	xi	dx	11	rime-fast-xhup	legacy-compatible
汔	qi	dq	0	rime-fast-xhup	legacy-compatible
汕	uj	de	10	rime-fast-xhup	legacy-compatible
汗	hj	dg	39	rime-fast-xhup	legacy-compatible
汛	xy	du	9	rime-fast-xhup	legacy-compatible
汜	si	ds	5	rime-fast-xhup	legacy-compatible
汝	ru	dn	20	rime-fast-xhup	legacy-compatible
汞	gs	gu	14	rime-fast-xhup	legacy-compatible
江	jl	dg	31	rime-fast-xhup	legacy-compatible
池	ii	dy	25	rime-fast-xhup	legacy-compatible
污	wu	dk	15	rime-fast-xhup	legacy-compatible
汤	th	dp	31	rime-fast-xhup	legacy-compatible
汤	uh	dp	1	rime-fast-xhup	legacy-compatible
汧	qm	dk	0	rime-fast-xhup	legacy-compatible
汨	mi	do	4	rime-fast-xhup	legacy-compatible
汩	gu	do	3	rime-fast-xhup	legacy-compatible
汩	yu	do	0	rime-fast-xhup	legacy-compatible
汪	wh	dw	25	rime-fast-xhup	legacy-compatible
汫	jk	dj	1	rime-fast-xhup	legacy-compatible
汭	rv	dn	1	rime-fast-xhup	legacy-compatible
汰	td	dt	8	rime-fast-xhup	legacy-compatible
汲	ji	dj	11	rime-fast-xhup	legacy-compatible
汴	bm	db	7	rime-fast-xhup	legacy-compatible
汶	mf	dw	0	rime-fast-xhup	legacy-compatible
汶	wf	dw	12	rime-fast-xhup	legacy-compatible
汹	xs	dk	3	rime-fast-xhup	legacy-compatible
汽	qi	dq	16	rime-fast-xhup	legacy-compatible
汾	ff	dd	9	rime-fast-xhup	legacy-compatible
沁	qb	dx	17	rime-fast-xhup	legacy-compatible
沂	yi	dj	9	rime-fast-xhup	legacy-compatible
沃	wo	dy	18	rime-fast-xhup	legacy-compatible
沄	yy	ds	0	rime-fast-xhup	legacy-compatible
沅	yr	de	10	rime-fast-xhup	legacy-compatible
沆	hh	dj	3	rime-fast-xhup	legacy-compatible
沇	yj	de	1	rime-fast-xhup	legacy-compatible
沈	if	dv	1	rime-fast-xhup	legacy-compatible
沈	uf	dv	33	rime-fast-xhup	legacy-compatible
沉	if	dj	23	rime-fast-xhup	legacy-compatible
沌	dy	dt	5	rime-fast-xhup	legacy-compatible
沌	vr	dt	1	rime-fast-xhup	legacy-compatible
沏	qi	dd	9	rime-fast-xhup	legacy-compatible
沐	mu	dm	16	rime-fast-xhup	legacy-compatible
沓	da	uo	5	rime-fast-xhup	legacy-compatible
沓	ta	uo	9	rime-fast-xhup	legacy-compatible
沔	mm	dm	5	rime-fast-xhup	legacy-compatible
沘	bi	db	0	rime-fast-xhup	legacy-compatible
沙	ua	du	30	rime-fast-xhup	legacy-compatible
沚	vi	dv	2	rime-fast-xhup	legacy-compatible
沛	pw	dl	14	rime-fast-xhup	legacy-compatible
沟	gz	ds	24	rime-fast-xhup	legacy-compatible
没	mo	dy	14	rime-fast-xhup	legacy-compatible
没	mw	dy	67	rime-fast-xhup	legacy-compatible
沣	fg	df	9	rime-fast-xhup	legacy-compatible
沤	ou	dx	7	rime-fast-xhup	legacy-compatible
沥	li	dl	15	rime-fast-xhup	legacy-compatible
沦	ly	db	9	rime-fast-xhup	legacy-compatible
沧	ch	dv	16	rime-fast-xhup	legacy-compatible
沨	fg	dx	0	rime-fast-xhup	legacy-compatible
沩	ww	dw	0	rime-fast-xhup	legacy-compatible
沪	hu	dh	23	rime-fast-xhup	legacy-compatible
沫	mo	dm	14	rime-fast-xhup	legacy-compatible
沭	uu	du	5	rime-fast-xhup	legacy-compatible
沮	ju	dq	7	rime-fast-xhup	legacy-compatible
沱	to	db	8	rime-fast-xhup	legacy-compatible
河	he	dk	29	rime-fast-xhup	legacy-compatible
沵	li	dx	0	rime-fast-xhup	legacy-compatible
沵	mi	dx	0	rime-fast-xhup	legacy-compatible
沸	fw	df	12	rime-fast-xhup	legacy-compatible
油	yz	dy	32	rime-fast-xhup	legacy-compatible
沺	tm	dt	1	rime-fast-xhup	legacy-compatible
治	vi	dk	29	rime-fast-xhup	legacy-compatible
沼	vc	dk	10	rime-fast-xhup	legacy-compatible
沽	gu	dk	14	rime-fast-xhup	legacy-compatible
沾	vj	dk	19	rime-fast-xhup	legacy-compatible
沿	yj	dk	24	rime-fast-xhup	legacy-compatible
泂	js	dk	1	rime-fast-xhup	legacy-compatible
泃	ju	dk	1	rime-fast-xhup	legacy-compatible
泄	xp	du	17	rime-fast-xhup	legacy-compatible
泄	yi	du	0	rime-fast-xhup	legacy-compatible
泅	qq	dr	7	rime-fast-xhup	legacy-compatible
泇	jx	dk	0	rime-fast-xhup	legacy-compatible
泉	qr	bu	25	rime-fast-xhup	legacy-compatible
泊	bo	db	15	rime-fast-xhup	legacy-compatible
泊	po	db	11	rime-fast-xhup	legacy-compatible
泌	bi	db	2	rime-fast-xhup	legacy-compatible
泌	mi	db	8	rime-fast-xhup	legacy-compatible
泐	le	dl	5	rime-fast-xhup	legacy-compatible
泓	hs	ds	13	rime-fast-xhup	legacy-compatible
泔	gj	dg	3	rime-fast-xhup	legacy-compatible
法	fa	ds	41	rime-fast-xhup	legacy-compatible
泖	mc	de	2	rime-fast-xhup	legacy-compatible
泗	si	de	11	rime-fast-xhup	legacy-compatible
泙	pg	dp	0	rime-fast-xhup	legacy-compatible
泙	pk	dp	1	rime-fast-xhup	legacy-compatible
泚	ci	db	3	rime-fast-xhup	legacy-compatible
泛	fj	df	20	rime-fast-xhup	legacy-compatible
泛	fj	dz	20	rime-fast-xhup	legacy-compatible
泜	vi	dd	0	rime-fast-xhup	legacy-compatible
泞	nk	dd	3	rime-fast-xhup	legacy-compatible
泠	lk	ds	11	rime-fast-xhup	legacy-compatible
泡	pc	ds	32	rime-fast-xhup	legacy-compatible
波	bo	dy	32	rime-fast-xhup	legacy-compatible
泣	qi	dl	14	rime-fast-xhup	legacy-compatible
泥	ni	db	25	rime-fast-xhup	legacy-compatible
注	vu	dv	27	rime-fast-xhup	legacy-compatible
泪	lw	do	27	rime-fast-xhup	legacy-compatible
泫	xr	dy	5	rime-fast-xhup	legacy-compatible
泮	pj	db	7	rime-fast-xhup	legacy-compatible
泯	mb	dm	9	rime-fast-xhup	legacy-compatible
泰	td	fu	25	rime-fast-xhup	legacy-compatible
泱	yh	dy	6	rime-fast-xhup	legacy-compatible
泳	ys	dy	15	rime-fast-xhup	legacy-compatible
泵	bg	uu	20	rime-fast-xhup	legacy-compatible
泷	ls	dl	7	rime-fast-xhup	legacy-compatible
泷	ul	dl	2	rime-fast-xhup	legacy-compatible
泸	lu	du	7	rime-fast-xhup	legacy-compatible
泺	lo	dl	3	rime-fast-xhup	legacy-compatible
泺	po	dl	3	rime-fast-xhup	legacy-compatible
泻	xp	dy	17	rime-fast-xhup	legacy-compatible
泼	po	dd	18	rime-fast-xhup	legacy-compatible
泽	ui	dl	0	rime-fast-xhup	legacy-compatible
泽	ze	dl	26	rime-fast-xhup	legacy-compatible
泾	jk	dg	10	rime-fast-xhup	legacy-compatible
洁	jp	dk	22	rime-fast-xhup	legacy-compatible
洄	hv	dk	5	rime-fast-xhup	legacy-compatible
洇	yb	dd	5	rime-fast-xhup	legacy-compatible
洈	ww	dv	1	rime-fast-xhup	legacy-compatible
洋	yh	dy	29	rime-fast-xhup	legacy-compatible
洌	lp	dd	5	rime-fast-xhup	legacy-compatible
洎	ji	dz	4	rime-fast-xhup	legacy-compatible
洑	fu	dq	4	rime-fast-xhup	legacy-compatible
洒	sa	dx	20	rime-fast-xhup	legacy-compatible
洒	xi	dx	0	rime-fast-xhup	legacy-compatible
洓	qi	dn	0	rime-fast-xhup	legacy-compatible
洓	se	dn	0	rime-fast-xhup	legacy-compatible
洓	zi	dn	0	rime-fast-xhup	legacy-compatible
洗	xi	de	36	rime-fast-xhup	legacy-compatible
洗	xm	de	2	rime-fast-xhup	legacy-compatible
洘	kc	dv	2	rime-fast-xhup	legacy-compatible
洙	vu	dv	10	rime-fast-xhup	legacy-compatible
洚	jl	dl	4	rime-fast-xhup	legacy-compatible
洛	lo	dk	24	rime-fast-xhup	legacy-compatible
洞	ds	dk	27	rime-fast-xhup	legacy-compatible
洞	ts	dk	1	rime-fast-xhup	legacy-compatible
洢	yi	dy	0	rime-fast-xhup	legacy-compatible
洣	mi	dm	0	rime-fast-xhup	legacy-compatible
津	jb	dy	20	rime-fast-xhup	legacy-compatible
洧	ww	do	0	rime-fast-xhup	legacy-compatible
洨	xn	dx	1	rime-fast-xhup	legacy-compatible
洪	hs	db	26	rime-fast-xhup	legacy-compatible
洫	xu	dx	1	rime-fast-xhup	legacy-compatible
洭	kl	dw	1	rime-fast-xhup	legacy-compatible
洮	tc	dd	6	rime-fast-xhup	legacy-compatible
洱	er	de	6	rime-fast-xhup	legacy-compatible
洲	vz	dl	22	rime-fast-xhup	legacy-compatible
洲	vz	dv	22	rime-fast-xhup	legacy-compatible
洳	ru	dk	4	rime-fast-xhup	legacy-compatible
洴	pk	dk	1	rime-fast-xhup	legacy-compatible
洵	xy	do	8	rime-fast-xhup	legacy-compatible
洸	gl	de	3	rime-fast-xhup	legacy-compatible
洸	gl	dw	3	rime-fast-xhup	legacy-compatible
洹	hr	da	6	rime-fast-xhup	legacy-compatible
洺	mk	dk	4	rime-fast-xhup	legacy-compatible
活	ho	dk	35	rime-fast-xhup	legacy-compatible
洼	wa	dt	12	rime-fast-xhup	legacy-compatible
洽	qx	dk	14	rime-fast-xhup	legacy-compatible
派	pd	dn	33	rime-fast-xhup	legacy-compatible
洿	wu	dk	2	rime-fast-xhup	legacy-compatible
流	lq	dv	33	rime-fast-xhup	legacy-compatible
浃	jx	dj	2	rime-fast-xhup	legacy-compatible
浅	jm	dj	1	rime-fast-xhup	legacy-compatible
浅	qm	dj	24	rime-fast-xhup	legacy-compatible
浆	jl	du	18	rime-fast-xhup	legacy-compatible
浇	jn	de	19	rime-fast-xhup	legacy-compatible
浇	jn	dw	19	rime-fast-xhup	legacy-compatible
浈	vf	dr	0	rime-fast-xhup	legacy-compatible
浉	ui	dj	0	rime-fast-xhup	legacy-compatible
浊	vo	di	14	rime-fast-xhup	legacy-compatible
测	ce	dd	28	rime-fast-xhup	legacy-compatible
浍	hv	ds	0	rime-fast-xhup	legacy-compatible
浍	kk	ds	4	rime-fast-xhup	legacy-compatible
济	ji	dl	20	rime-fast-xhup	legacy-compatible
浏	lq	dd	7	rime-fast-xhup	legacy-compatible
浐	ij	di	0	rime-fast-xhup	legacy-compatible
浑	hy	di	14	rime-fast-xhup	legacy-compatible
浒	hu	dw	6	rime-fast-xhup	legacy-compatible
浒	xu	dw	2	rime-fast-xhup	legacy-compatible
浓	ns	dn	23	rime-fast-xhup	legacy-compatible
浔	xy	dc	6	rime-fast-xhup	legacy-compatible
浕	jb	dd	0	rime-fast-xhup	legacy-compatible
浙	ve	dj	16	rime-fast-xhup	legacy-compatible
浚	jy	dw	7	rime-fast-xhup	legacy-compatible
浚	xy	dw	7	rime-fast-xhup	legacy-compatible
浛	hj	dk	0	rime-fast-xhup	legacy-compatible
浜	bh	db	22	rime-fast-xhup	legacy-compatible
浞	vo	dr	2	rime-fast-xhup	legacy-compatible
浟	yz	dw	0	rime-fast-xhup	legacy-compatible
浠	xi	dj	7	rime-fast-xhup	legacy-compatible
浡	bo	dz	0	rime-fast-xhup	legacy-compatible
浣	hr	de	12	rime-fast-xhup	legacy-compatible
浣	hr	dw	12	rime-fast-xhup	legacy-compatible
浥	yi	db	3	rime-fast-xhup	legacy-compatible
浦	pu	df	19	rime-fast-xhup	legacy-compatible
浩	hc	dk	24	rime-fast-xhup	legacy-compatible
浪	lh	dl	25	rime-fast-xhup	legacy-compatible
浬	li	dl	0	rime-fast-xhup	legacy-compatible
浭	gg	dg	1	rime-fast-xhup	legacy-compatible
浮	fu	dz	21	rime-fast-xhup	legacy-compatible
浯	wu	dk	0	rime-fast-xhup	legacy-compatible
浰	li	dd	0	rime-fast-xhup	legacy-compatible
浰	lm	dd	0	rime-fast-xhup	legacy-compatible
浲	fg	df	0	rime-fast-xhup	legacy-compatible
浲	hs	df	0	rime-fast-xhup	legacy-compatible
浴	yu	dk	22	rime-fast-xhup	legacy-compatible
海	hd	dm	38	rime-fast-xhup	legacy-compatible
浸	jb	dy	17	rime-fast-xhup	legacy-compatible
浼	mw	dv	5	rime-fast-xhup	legacy-compatible
涂	tu	dh	25	rime-fast-xhup	legacy-compatible
涄	pk	dv	0	rime-fast-xhup	legacy-compatible
涅	np	dt	19	rime-fast-xhup	legacy-compatible
消	xn	do	23	rime-fast-xhup	legacy-compatible
涉	ue	dp	19	rime-fast-xhup	legacy-compatible
涌	is	dy	1	rime-fast-xhup	legacy-compatible
涌	ys	dy	19	rime-fast-xhup	legacy-compatible
涍	xn	dz	1	rime-fast-xhup	legacy-compatible
涎	xm	dz	8	rime-fast-xhup	legacy-compatible
涐	ee	dw	5	rime-fast-xhup	legacy-compatible
涑	su	du	3	rime-fast-xhup	legacy-compatible
涓	jr	do	13	rime-fast-xhup	legacy-compatible
涔	cf	dv	10	rime-fast-xhup	legacy-compatible
涕	ti	dp	11	rime-fast-xhup	legacy-compatible
涘	si	du	5	rime-fast-xhup	legacy-compatible
涛	tc	dc	23	rime-fast-xhup	legacy-compatible
涝	lc	dl	12	rime-fast-xhup	legacy-compatible
涞	ld	dl	5	rime-fast-xhup	legacy-compatible
涟	lm	dz	9	rime-fast-xhup	legacy-compatible
涠	ww	dw	2	rime-fast-xhup	legacy-compatible
涡	go	dn	3	rime-fast-xhup	legacy-compatible
涡	wo	dn	11	rime-fast-xhup	legacy-compatible
涢	yy	dr	0	rime-fast-xhup	legacy-compatible
涣	hr	dd	7	rime-fast-xhup	legacy-compatible
涤	di	dm	11	rime-fast-xhup	legacy-compatible
润	ry	dw	23	rime-fast-xhup	legacy-compatible
涧	jm	do	14	rime-fast-xhup	legacy-compatible
涨	vh	di	38	rime-fast-xhup	legacy-compatible
涩	se	dv	17	rime-fast-xhup	legacy-compatible
涪	fu	dk	6	rime-fast-xhup	legacy-compatible
涫	gr	dk	2	rime-fast-xhup	legacy-compatible
涮	ur	dd	14	rime-fast-xhup	legacy-compatible
涯	ya	dt	14	rime-fast-xhup	legacy-compatible
液	ye	dn	24	rime-fast-xhup	legacy-compatible
涴	wj	dv	0	rime-fast-xhup	legacy-compatible
涴	wo	dv	1	rime-fast-xhup	legacy-compatible
涴	yr	dv	0	rime-fast-xhup	legacy-compatible
涵	hj	dk	22	rime-fast-xhup	legacy-compatible
涸	he	dk	6	rime-fast-xhup	legacy-compatible
涿	vo	dn	4	rime-fast-xhup	legacy-compatible
淀	dm	dr	8	rime-fast-xhup	legacy-compatible
淄	zi	dt	5	rime-fast-xhup	legacy-compatible
淅	xi	dj	5	rime-fast-xhup	legacy-compatible
淆	xn	do	3	rime-fast-xhup	legacy-compatible
淇	qi	db	14	rime-fast-xhup	legacy-compatible
淋	lb	dm	19	rime-fast-xhup	legacy-compatible
淌	ih	dk	0	rime-fast-xhup	legacy-compatible
淌	th	dk	14	rime-fast-xhup	legacy-compatible
淏	hc	dt	2	rime-fast-xhup	legacy-compatible
淑	uu	dy	19	rime-fast-xhup	legacy-compatible
淖	io	du	0	rime-fast-xhup	legacy-compatible
淖	nc	du	6	rime-fast-xhup	legacy-compatible
淖	vo	du	0	rime-fast-xhup	legacy-compatible
淘	tc	df	20	rime-fast-xhup	legacy-compatible
淙	cs	dx	5	rime-fast-xhup	legacy-compatible
淜	pg	do	0	rime-fast-xhup	legacy-compatible
淜	pk	do	1	rime-fast-xhup	legacy-compatible
淝	fw	db	4	rime-fast-xhup	legacy-compatible
淞	ss	ds	8	rime-fast-xhup	legacy-compatible
淟	tm	db	1	rime-fast-xhup	legacy-compatible
淠	pi	dl	3	rime-fast-xhup	legacy-compatible
淠	pw	dl	0	rime-fast-xhup	legacy-compatible
淡	dj	dh	25	rime-fast-xhup	legacy-compatible
淤	yu	dd	15	rime-fast-xhup	legacy-compatible
淦	gj	dj	9	rime-fast-xhup	legacy-compatible
淫	yb	dr	21	rime-fast-xhup	legacy-compatible
淬	cv	du	9	rime-fast-xhup	legacy-compatible
淮	hk	df	16	rime-fast-xhup	legacy-compatible
淯	yu	do	0	rime-fast-xhup	legacy-compatible
深	uf	dm	33	rime-fast-xhup	legacy-compatible
淳	iy	dz	15	rime-fast-xhup	legacy-compatible
淳	vy	dz	0	rime-fast-xhup	legacy-compatible
淴	hu	dx	1	rime-fast-xhup	legacy-compatible
混	hy	db	34	rime-fast-xhup	legacy-compatible
淹	yj	dd	14	rime-fast-xhup	legacy-compatible
添	tm	dx	26	rime-fast-xhup	legacy-compatible
淼	mn	uu	13	rime-fast-xhup	legacy-compatible
清	qk	do	35	rime-fast-xhup	legacy-compatible
渊	yr	dl	16	rime-fast-xhup	legacy-compatible
渌	lu	du	5	rime-fast-xhup	legacy-compatible
渍	zi	dr	12	rime-fast-xhup	legacy-compatible
渎	du	dd	7	rime-fast-xhup	legacy-compatible
渎	dz	dd	0	rime-fast-xhup	legacy-compatible
渐	jm	dj	21	rime-fast-xhup	legacy-compatible
渑	mm	dd	1	rime-fast-xhup	legacy-compatible
渑	ug	dd	1	rime-fast-xhup	legacy-compatible
渔	yu	da	16	rime-fast-xhup	legacy-compatible
渗	uf	dp	14	rime-fast-xhup	legacy-compatible
渚	vu	do	11	rime-fast-xhup	legacy-compatible
渝	yu	dd	19	rime-fast-xhup	legacy-compatible
渟	tk	dd	1	rime-fast-xhup	legacy-compatible
渠	ju	dm	0	rime-fast-xhup	legacy-compatible
渠	qu	dm	18	rime-fast-xhup	legacy-compatible
渡	du	dy	21	rime-fast-xhup	legacy-compatible
渣	va	da	21	rime-fast-xhup	legacy-compatible
渤	bo	dl	10	rime-fast-xhup	legacy-compatible
渥	wo	dt	9	rime-fast-xhup	legacy-compatible
温	wf	dm	28	rime-fast-xhup	legacy-compatible
渫	xp	dm	0	rime-fast-xhup	legacy-compatible
渭	ww	do	11	rime-fast-xhup	legacy-compatible
港	gh	ds	30	rime-fast-xhup	legacy-compatible
港	jl	ds	0	rime-fast-xhup	legacy-compatible
渰	yj	dc	1	rime-fast-xhup	legacy-compatible
渲	xr	da	7	rime-fast-xhup	legacy-compatible
渴	ke	dv	16	rime-fast-xhup	legacy-compatible
游	yz	dz	31	rime-fast-xhup	legacy-compatible
渺	mn	du	11	rime-fast-xhup	legacy-compatible
渼	mw	dd	0	rime-fast-xhup	legacy-compatible
湃	pd	df	5	rime-fast-xhup	legacy-compatible
湄	mw	do	10	rime-fast-xhup	legacy-compatible
湉	tm	dk	2	rime-fast-xhup	legacy-compatible
湍	tr	de	6	rime-fast-xhup	legacy-compatible
湎	mm	dm	2	rime-fast-xhup	legacy-compatible
湑	xu	do	0	rime-fast-xhup	legacy-compatible
湓	pf	dm	3	rime-fast-xhup	legacy-compatible
湔	jm	dd	3	rime-fast-xhup	legacy-compatible
湖	hu	do	28	rime-fast-xhup	legacy-compatible
湘	xl	do	22	rime-fast-xhup	legacy-compatible
湛	vj	dv	14	rime-fast-xhup	legacy-compatible
湜	ui	dr	0	rime-fast-xhup	legacy-compatible
湝	jp	db	11	rime-fast-xhup	legacy-compatible
湟	hl	dw	5	rime-fast-xhup	legacy-compatible
湣	hy	do	0	rime-fast-xhup	legacy-compatible
湣	mb	do	3	rime-fast-xhup	legacy-compatible
湫	jn	dh	3	rime-fast-xhup	legacy-compatible
湫	qq	dh	3	rime-fast-xhup	legacy-compatible
湮	yb	dt	2	rime-fast-xhup	legacy-compatible
湮	yj	dt	5	rime-fast-xhup	legacy-compatible
湲	yr	dy	1	rime-fast-xhup	legacy-compatible
湴	bj	dy	3	rime-fast-xhup	legacy-compatible
湴	pj	dy	0	rime-fast-xhup	legacy-compatible
湾	wj	dg	23	rime-fast-xhup	legacy-compatible
湿	ui	dy	24	rime-fast-xhup	legacy-compatible
溁	yk	dm	0	rime-fast-xhup	legacy-compatible
溃	hv	db	3	rime-fast-xhup	legacy-compatible
溃	hv	dr	3	rime-fast-xhup	legacy-compatible
溃	kv	dr	12	rime-fast-xhup	legacy-compatible
溅	jm	dj	16	rime-fast-xhup	legacy-compatible
溆	xu	dy	2	rime-fast-xhup	legacy-compatible
溇	lz	dn	0	rime-fast-xhup	legacy-compatible
溉	gd	dv	4	rime-fast-xhup	legacy-compatible
溍	jb	do	2	rime-fast-xhup	legacy-compatible
溏	th	dk	0	rime-fast-xhup	legacy-compatible
源	yr	dx	30	rime-fast-xhup	legacy-compatible
溘	ke	dm	2	rime-fast-xhup	legacy-compatible
溚	da	dk	0	rime-fast-xhup	legacy-compatible
溚	ta	dk	0	rime-fast-xhup	legacy-compatible
溜	lq	dt	21	rime-fast-xhup	legacy-compatible
溞	sc	di	1	rime-fast-xhup	legacy-compatible
溟	mk	db	15	rime-fast-xhup	legacy-compatible
溠	va	dg	1	rime-fast-xhup	legacy-compatible
溢	yi	dm	16	rime-fast-xhup	legacy-compatible
溥	pu	dc	9	rime-fast-xhup	legacy-compatible
溦	ww	dw	0	rime-fast-xhup	legacy-compatible
溧	li	dm	6	rime-fast-xhup	legacy-compatible
溪	xi	dd	22	rime-fast-xhup	legacy-compatible
溯	su	do	11	rime-fast-xhup	legacy-compatible
溱	qb	dh	5	rime-fast-xhup	legacy-compatible
溱	vf	dh	1	rime-fast-xhup	legacy-compatible
溲	sz	dy	3	rime-fast-xhup	legacy-compatible
溴	xq	dq	12	rime-fast-xhup	legacy-compatible
溵	yb	dy	0	rime-fast-xhup	legacy-compatible
溶	rs	dk	17	rime-fast-xhup	legacy-compatible
溷	hy	du	4	rime-fast-xhup	legacy-compatible
溹	so	dx	1	rime-fast-xhup	legacy-compatible
溺	ni	dd	8	rime-fast-xhup	legacy-compatible
溺	nn	dd	8	rime-fast-xhup	legacy-compatible
溻	ta	dx	4	rime-fast-xhup	legacy-compatible
溽	ru	dc	3	rime-fast-xhup	legacy-compatible
滁	iu	dh	6	rime-fast-xhup	legacy-compatible
滁	iu	dm	6	rime-fast-xhup	legacy-compatible
滂	ph	df	6	rime-fast-xhup	legacy-compatible
滃	wg	dx	5	rime-fast-xhup	legacy-compatible
滆	ge	dl	2	rime-fast-xhup	legacy-compatible
滇	dm	db	14	rime-fast-xhup	legacy-compatible
滉	hl	de	2	rime-fast-xhup	legacy-compatible
滉	hl	dw	2	rime-fast-xhup	legacy-compatible
滋	zi	dy	15	rime-fast-xhup	legacy-compatible
滍	vi	di	0	rime-fast-xhup	legacy-compatible
滏	fu	da	4	rime-fast-xhup	legacy-compatible
滑	hx	dg	23	rime-fast-xhup	legacy-compatible
滑	hx	do	23	rime-fast-xhup	legacy-compatible
滓	zi	du	4	rime-fast-xhup	legacy-compatible
滔	tc	dj	10	rime-fast-xhup	legacy-compatible
滕	tg	ou	17	rime-fast-xhup	legacy-compatible
滗	bi	dm	8	rime-fast-xhup	legacy-compatible
滘	jn	dk	0	rime-fast-xhup	legacy-compatible
滚	gy	dy	29	rime-fast-xhup	legacy-compatible
滞	vi	dj	15	rime-fast-xhup	legacy-compatible
滟	yj	db	7	rime-fast-xhup	legacy-compatible
滠	ue	dy	2	rime-fast-xhup	legacy-compatible
满	mj	dl	38	rime-fast-xhup	legacy-compatible
滢	yk	dy	10	rime-fast-xhup	legacy-compatible
滤	lv	dx	13	rime-fast-xhup	legacy-compatible
滥	lj	dm	16	rime-fast-xhup	legacy-compatible
滦	lr	dm	5	rime-fast-xhup	legacy-compatible
滧	yc	dw	0	rime-fast-xhup	legacy-compatible
滨	bb	db	18	rime-fast-xhup	legacy-compatible
滩	tj	df	18	rime-fast-xhup	legacy-compatible
滪	yu	dr	0	rime-fast-xhup	legacy-compatible
滫	xq	do	1	rime-fast-xhup	legacy-compatible
滴	di	dk	38	rime-fast-xhup	legacy-compatible
滹	hu	dh	4	rime-fast-xhup	legacy-compatible
漂	pn	dx	20	rime-fast-xhup	legacy-compatible
漆	qi	du	21	rime-fast-xhup	legacy-compatible
漈	ji	dx	4	rime-fast-xhup	legacy-compatible
漉	lu	db	6	rime-fast-xhup	legacy-compatible
漋	ls	du	0	rime-fast-xhup	legacy-compatible
漏	lz	dy	24	rime-fast-xhup	legacy-compatible
漓	li	dd	7	rime-fast-xhup	legacy-compatible
演	yj	db	31	rime-fast-xhup	legacy-compatible
漕	cc	do	8	rime-fast-xhup	legacy-compatible
漖	jn	dw	0	rime-fast-xhup	legacy-compatible
漠	mo	dd	12	rime-fast-xhup	legacy-compatible
漤	lj	dn	0	rime-fast-xhup	legacy-compatible
漦	ii	wu	0	rime-fast-xhup	legacy-compatible
漩	xr	dr	8	rime-fast-xhup	legacy-compatible
漪	yi	dk	11	rime-fast-xhup	legacy-compatible
漫	mj	dy	20	rime-fast-xhup	legacy-compatible
漭	mh	dc	2	rime-fast-xhup	legacy-compatible
漯	lo	dx	2	rime-fast-xhup	legacy-compatible
漯	ta	dx	2	rime-fast-xhup	legacy-compatible
漱	uu	dr	11	rime-fast-xhup	legacy-compatible
漳	vh	du	9	rime-fast-xhup	legacy-compatible
漴	is	dx	0	rime-fast-xhup	legacy-compatible
漴	vl	dx	0	rime-fast-xhup	legacy-compatible
漶	hr	dx	2	rime-fast-xhup	legacy-compatible
漷	ho	de	2	rime-fast-xhup	legacy-compatible
漷	ko	de	0	rime-fast-xhup	legacy-compatible
漹	yj	dh	1	rime-fast-xhup	legacy-compatible
漻	ln	dp	0	rime-fast-xhup	legacy-compatible
漻	lq	dp	0	rime-fast-xhup	legacy-compatible
漼	cv	df	1	rime-fast-xhup	legacy-compatible
漾	yh	dy	13	rime-fast-xhup	legacy-compatible
潆	yk	dx	0	rime-fast-xhup	legacy-compatible
潇	xn	ds	13	rime-fast-xhup	legacy-compatible
潋	lm	dw	5	rime-fast-xhup	legacy-compatible
潍	ww	df	6	rime-fast-xhup	legacy-compatible
潏	yu	dk	0	rime-fast-xhup	legacy-compatible
潖	pa	db	0	rime-fast-xhup	legacy-compatible
潘	pj	dt	26	rime-fast-xhup	legacy-compatible
潜	qm	do	19	rime-fast-xhup	legacy-compatible
潞	lu	dk	10	rime-fast-xhup	legacy-compatible
潟	xi	dh	1	rime-fast-xhup	legacy-compatible
潢	gl	db	0	rime-fast-xhup	legacy-compatible
潢	hl	db	5	rime-fast-xhup	legacy-compatible
潦	lc	dx	1	rime-fast-xhup	legacy-compatible
潦	ln	dx	5	rime-fast-xhup	legacy-compatible
潩	yi	db	0	rime-fast-xhup	legacy-compatible
潭	tj	du	18	rime-fast-xhup	legacy-compatible
潮	ic	do	23	rime-fast-xhup	legacy-compatible
潲	uc	do	2	rime-fast-xhup	legacy-compatible
潴	vu	do	0	rime-fast-xhup	legacy-compatible
潵	sa	dw	0	rime-fast-xhup	legacy-compatible
潵	sj	dw	0	rime-fast-xhup	legacy-compatible
潸	uj	do	2	rime-fast-xhup	legacy-compatible
潺	ij	dz	5	rime-fast-xhup	legacy-compatible
潼	ts	dl	8	rime-fast-xhup	legacy-compatible
潽	pu	do	1	rime-fast-xhup	legacy-compatible
潾	lb	dl	1	rime-fast-xhup	legacy-compatible
澂	ig	dw	2	rime-fast-xhup	legacy-compatible
澄	dg	da	5	rime-fast-xhup	legacy-compatible
澄	ig	da	16	rime-fast-xhup	legacy-compatible
澈	ie	dw	14	rime-fast-xhup	legacy-compatible
澉	gj	dw	1	rime-fast-xhup	legacy-compatible
澌	si	dj	2	rime-fast-xhup	legacy-compatible
澍	uu	dc	0	rime-fast-xhup	legacy-compatible
澍	vu	dc	0	rime-fast-xhup	legacy-compatible
澎	pg	dp	10	rime-fast-xhup	legacy-compatible
澛	lu	do	0	rime-fast-xhup	legacy-compatible
澜	lj	dj	15	rime-fast-xhup	legacy-compatible
澡	zc	dm	21	rime-fast-xhup	legacy-compatible
澥	xp	dn	0	rime-fast-xhup	legacy-compatible
澧	li	da	7	rime-fast-xhup	legacy-compatible
澪	lk	ds	0	rime-fast-xhup	legacy-compatible
澭	ys	df	1	rime-fast-xhup	legacy-compatible
澳	ao	dd	20	rime-fast-xhup	legacy-compatible
澴	hr	dy	1	rime-fast-xhup	legacy-compatible
澶	ij	da	8	rime-fast-xhup	legacy-compatible
澹	dj	dk	6	rime-fast-xhup	legacy-compatible
澹	tj	dk	6	rime-fast-xhup	legacy-compatible
澼	pi	du	1	rime-fast-xhup	legacy-compatible
澽	ju	du	0	rime-fast-xhup	legacy-compatible
激	ji	dw	18	rime-fast-xhup	legacy-compatible
濂	lm	dn	10	rime-fast-xhup	legacy-compatible
濉	sv	df	3	rime-fast-xhup	legacy-compatible
濋	iu	dr	4	rime-fast-xhup	legacy-compatible
濑	ld	dr	12	rime-fast-xhup	legacy-compatible
濒	bb	dr	7	rime-fast-xhup	legacy-compatible
濛	mg	dn	4	rime-fast-xhup	legacy-compatible
濛	mg	du	4	rime-fast-xhup	legacy-compatible
濞	bi	dl	6	rime-fast-xhup	legacy-compatible
濞	pi	dl	0	rime-fast-xhup	legacy-compatible
濠	hc	du	10	rime-fast-xhup	legacy-compatible
濡	ru	de	9	rime-fast-xhup	legacy-compatible
濩	ho	dy	1	rime-fast-xhup	legacy-compatible
濩	hu	dy	0	rime-fast-xhup	legacy-compatible
濮	pu	dn	10	rime-fast-xhup	legacy-compatible
濯	vc	df	0	rime-fast-xhup	legacy-compatible
濯	vo	df	8	rime-fast-xhup	legacy-compatible
瀌	bn	dh	1	rime-fast-xhup	legacy-compatible
瀍	ij	dt	2	rime-fast-xhup	legacy-compatible
瀑	bc	du	1	rime-fast-xhup	legacy-compatible
瀑	pu	du	12	rime-fast-xhup	legacy-compatible
瀔	gu	dy	1	rime-fast-xhup	legacy-compatible
瀚	hj	dx	13	rime-fast-xhup	legacy-compatible
瀛	yk	df	11	rime-fast-xhup	legacy-compatible
瀣	xp	dj	3	rime-fast-xhup	legacy-compatible
瀱	ji	dd	0	rime-fast-xhup	legacy-compatible
瀵	ff	db	5	rime-fast-xhup	legacy-compatible
瀹	yt	dc	8	rime-fast-xhup	legacy-compatible
瀼	nh	dy	0	rime-fast-xhup	legacy-compatible
瀼	rh	dy	1	rime-fast-xhup	legacy-compatible
灈	qu	df	3	rime-fast-xhup	legacy-compatible
灌	gr	df	25	rime-fast-xhup	legacy-compatible
灏	hc	dr	12	rime-fast-xhup	legacy-compatible
灞	ba	do	10	rime-fast-xhup	legacy-compatible
火	ho	dr	34	rime-fast-xhup	legacy-compatible
灭	mp	ah	28	rime-fast-xhup	legacy-compatible
灯	dg	hd	30	rime-fast-xhup	legacy-compatible
灰	hv	uh	26	rime-fast-xhup	legacy-compatible
灵	lk	eh	29	rime-fast-xhup	legacy-compatible
灶	zc	ht	16	rime-fast-xhup	legacy-compatible
灸	jq	jh	9	rime-fast-xhup	legacy-compatible
灼	vo	hu	12	rime-fast-xhup	legacy-compatible
灾	zd	bh	17	rime-fast-xhup	legacy-compatible
灿	cj	he	16	rime-fast-xhup	legacy-compatible
炀	yh	hp	6	rime-fast-xhup	legacy-compatible
炁	qi	ah	0	rime-fast-xhup	legacy-compatible
炅	gv	oh	4	rime-fast-xhup	legacy-compatible
炅	js	oh	4	rime-fast-xhup	legacy-compatible
炆	wf	hw	5	rime-fast-xhup	legacy-compatible
炉	lu	hh	21	rime-fast-xhup	legacy-compatible
炊	iv	hr	10	rime-fast-xhup	legacy-compatible
炌	kd	hl	0	rime-fast-xhup	legacy-compatible
炎	yj	hh	23	rime-fast-xhup	legacy-compatible
炒	ic	hu	32	rime-fast-xhup	legacy-compatible
炔	qt	hg	6	rime-fast-xhup	legacy-compatible
炕	kh	hj	11	rime-fast-xhup	legacy-compatible
炖	dy	ht	20	rime-fast-xhup	legacy-compatible
炘	xb	hj	3	rime-fast-xhup	legacy-compatible
炙	vi	ph	10	rime-fast-xhup	legacy-compatible
炜	ww	hw	16	rime-fast-xhup	legacy-compatible
炝	ql	hv	6	rime-fast-xhup	legacy-compatible
炟	da	ha	1	rime-fast-xhup	legacy-compatible
炣	ke	hk	0	rime-fast-xhup	legacy-compatible
炫	xr	hy	18	rime-fast-xhup	legacy-compatible
炬	ju	hj	10	rime-fast-xhup	legacy-compatible
炭	tj	eh	15	rime-fast-xhup	legacy-compatible
炮	bc	hs	1	rime-fast-xhup	legacy-compatible
炮	pc	hs	22	rime-fast-xhup	legacy-compatible
炯	js	hk	12	rime-fast-xhup	legacy-compatible
炱	td	sh	1	rime-fast-xhup	legacy-compatible
炳	bk	hb	16	rime-fast-xhup	legacy-compatible
炷	vu	hv	4	rime-fast-xhup	legacy-compatible
炸	va	hv	26	rime-fast-xhup	legacy-compatible
点	dm	lh	60	rime-fast-xhup	legacy-compatible
炻	ui	hu	0	rime-fast-xhup	legacy-compatible
炼	lm	hd	20	rime-fast-xhup	legacy-compatible
炽	ii	hb	11	rime-fast-xhup	legacy-compatible
烀	hu	hh	0	rime-fast-xhup	legacy-compatible
烁	uo	hl	9	rime-fast-xhup	legacy-compatible
烂	lj	hs	31	rime-fast-xhup	legacy-compatible
烃	tk	hg	9	rime-fast-xhup	legacy-compatible
烈	lp	dh	21	rime-fast-xhup	legacy-compatible
烊	yh	hy	3	rime-fast-xhup	legacy-compatible
烔	ds	hk	0	rime-fast-xhup	legacy-compatible
烔	ts	hk	2	rime-fast-xhup	legacy-compatible
烘	hs	hb	12	rime-fast-xhup	legacy-compatible
烙	lc	hk	14	rime-fast-xhup	legacy-compatible
烙	lo	hk	5	rime-fast-xhup	legacy-compatible
烛	vu	hi	14	rime-fast-xhup	legacy-compatible
烜	xr	ha	0	rime-fast-xhup	legacy-compatible
烝	vg	lh	2	rime-fast-xhup	legacy-compatible
烟	yj	hd	31	rime-fast-xhup	legacy-compatible
烠	hv	ho	0	rime-fast-xhup	legacy-compatible
烤	kc	hv	23	rime-fast-xhup	legacy-compatible
烦	fj	hr	33	rime-fast-xhup	legacy-compatible
烧	uc	hw	31	rime-fast-xhup	legacy-compatible
烨	ye	hu	14	rime-fast-xhup	legacy-compatible
烩	hv	hs	9	rime-fast-xhup	legacy-compatible
烫	th	dh	22	rime-fast-xhup	legacy-compatible
烬	jb	hd	6	rime-fast-xhup	legacy-compatible
热	re	fh	38	rime-fast-xhup	legacy-compatible
烯	xi	hj	11	rime-fast-xhup	legacy-compatible
烶	tk	hz	0	rime-fast-xhup	legacy-compatible
烷	wj	he	9	rime-fast-xhup	legacy-compatible
烹	pg	wh	13	rime-fast-xhup	legacy-compatible
烺	lh	hl	1	rime-fast-xhup	legacy-compatible
烻	yj	hz	0	rime-fast-xhup	legacy-compatible
烽	fg	hf	9	rime-fast-xhup	legacy-compatible
焆	jr	ho	0	rime-fast-xhup	legacy-compatible
焆	ye	ho	0	rime-fast-xhup	legacy-compatible
焉	yj	vh	18	rime-fast-xhup	legacy-compatible
焊	hj	hg	18	rime-fast-xhup	legacy-compatible
焌	jy	hw	1	rime-fast-xhup	legacy-compatible
焌	qu	hw	1	rime-fast-xhup	legacy-compatible
焐	wu	hk	5	rime-fast-xhup	legacy-compatible
焓	hj	hk	5	rime-fast-xhup	legacy-compatible
焕	hr	hd	17	rime-fast-xhup	legacy-compatible
焖	mf	hx	13	rime-fast-xhup	legacy-compatible
焗	ju	hk	8	rime-fast-xhup	legacy-compatible
焘	dc	fh	1	rime-fast-xhup	legacy-compatible
焘	tc	fh	7	rime-fast-xhup	legacy-compatible
焙	bw	hk	9	rime-fast-xhup	legacy-compatible
焚	ff	mh	12	rime-fast-xhup	legacy-compatible
焜	ky	hb	5	rime-fast-xhup	legacy-compatible
焞	ty	hz	1	rime-fast-xhup	legacy-compatible
焦	jn	rh	22	rime-fast-xhup	legacy-compatible
焯	ic	hu	8	rime-fast-xhup	legacy-compatible
焯	vo	hu	7	rime-fast-xhup	legacy-compatible
焰	yj	hj	15	rime-fast-xhup	legacy-compatible
焱	yj	hh	12	rime-fast-xhup	legacy-compatible
然	rj	ph	30	rime-fast-xhup	legacy-compatible
煁	if	hv	1	rime-fast-xhup	legacy-compatible
煃	kv	ht	1	rime-fast-xhup	legacy-compatible
煅	dr	hy	6	rime-fast-xhup	legacy-compatible
煊	xr	ha	8	rime-fast-xhup	legacy-compatible
煋	xk	hu	5	rime-fast-xhup	legacy-compatible
煌	hl	hw	13	rime-fast-xhup	legacy-compatible
煎	jm	bh	19	rime-fast-xhup	legacy-compatible
煓	tr	he	1	rime-fast-xhup	legacy-compatible
煜	yu	hl	13	rime-fast-xhup	legacy-compatible
煞	ua	dh	16	rime-fast-xhup	legacy-compatible
煟	ww	ho	0	rime-fast-xhup	legacy-compatible
煤	mw	hm	24	rime-fast-xhup	legacy-compatible
煦	xu	oh	10	rime-fast-xhup	legacy-compatible
照	vc	oh	36	rime-fast-xhup	legacy-compatible
煨	ww	hn	10	rime-fast-xhup	legacy-compatible
煮	vu	lh	27	rime-fast-xhup	legacy-compatible
煲	bc	rh	18	rime-fast-xhup	legacy-compatible
煳	hu	ho	4	rime-fast-xhup	legacy-compatible
煴	yy	hm	0	rime-fast-xhup	legacy-compatible
煸	bm	hc	7	rime-fast-xhup	legacy-compatible
煺	tv	hz	0	rime-fast-xhup	legacy-compatible
煽	uj	hx	10	rime-fast-xhup	legacy-compatible
熄	xi	hx	11	rime-fast-xhup	legacy-compatible
熇	he	hk	1	rime-fast-xhup	legacy-compatible
熇	xn	hk	0	rime-fast-xhup	legacy-compatible
熊	xs	sh	29	rime-fast-xhup	legacy-compatible
熏	xy	ph	18	rime-fast-xhup	legacy-compatible
熔	rs	hk	14	rime-fast-xhup	legacy-compatible
熘	lq	ht	5	rime-fast-xhup	legacy-compatible
熙	xi	ih	20	rime-fast-xhup	legacy-compatible
熙	xi	kh	20	rime-fast-xhup	legacy-compatible
熛	bn	hx	1	rime-fast-xhup	legacy-compatible
熜	cs	hx	4	rime-fast-xhup	legacy-compatible
熜	zs	hx	0	rime-fast-xhup	legacy-compatible
熟	uu	wh	27	rime-fast-xhup	legacy-compatible
熟	uz	wh	15	rime-fast-xhup	legacy-compatible
熠	yi	hb	8	rime-fast-xhup	legacy-compatible
熥	tg	hz	1	rime-fast-xhup	legacy-compatible
熥	ts	hz	0	rime-fast-xhup	legacy-compatible
熨	yu	uh	7	rime-fast-xhup	legacy-compatible
熨	yy	uh	7	rime-fast-xhup	legacy-compatible
熬	ao	fh	24	rime-fast-xhup	legacy-compatible
熵	uh	hk	11	rime-fast-xhup	legacy-compatible
熹	xi	uh	9	rime-fast-xhup	legacy-compatible
熻	xi	hx	0	rime-fast-xhup	legacy-compatible
燃	rj	hh	18	rime-fast-xhup	legacy-compatible
燊	uf	hm	7	rime-fast-xhup	legacy-compatible
燋	jn	hh	0	rime-fast-xhup	legacy-compatible
燋	jt	hh	0	rime-fast-xhup	legacy-compatible
燋	qn	hh	1	rime-fast-xhup	legacy-compatible
燋	vo	hh	0	rime-fast-xhup	legacy-compatible
燎	ln	hx	9	rime-fast-xhup	legacy-compatible
燏	yu	hk	2	rime-fast-xhup	legacy-compatible
燔	fj	ht	3	rime-fast-xhup	legacy-compatible
燕	yj	nh	26	rime-fast-xhup	legacy-compatible
燚	yi	hh	0	rime-fast-xhup	legacy-compatible
燠	yu	hd	0	rime-fast-xhup	legacy-compatible
燥	zc	hm	17	rime-fast-xhup	legacy-compatible
燧	sv	hz	5	rime-fast-xhup	legacy-compatible
燮	xp	hy	10	rime-fast-xhup	legacy-compatible
燹	xm	uh	0	rime-fast-xhup	legacy-compatible
爆	bc	hu	30	rime-fast-xhup	legacy-compatible
爇	ro	ch	2	rime-fast-xhup	legacy-compatible
爔	xi	hd	1	rime-fast-xhup	legacy-compatible
爚	yt	hc	0	rime-fast-xhup	legacy-compatible
爝	jt	hc	1	rime-fast-xhup	legacy-compatible
爟	gr	hf	1	rime-fast-xhup	legacy-compatible
爨	cr	ph	0	rime-fast-xhup	legacy-compatible
爪	vc	in	6	rime-fast-xhup	legacy-compatible
爪	vc	pn	6	rime-fast-xhup	legacy-compatible
爪	vx	in	20	rime-fast-xhup	legacy-compatible
爪	vx	pn	20	rime-fast-xhup	legacy-compatible
爬	pa	vb	29	rime-fast-xhup	legacy-compatible
爰	yr	py	6	rime-fast-xhup	legacy-compatible
爰	yr	vy	6	rime-fast-xhup	legacy-compatible
爱	ai	py	46	rime-fast-xhup	legacy-compatible
爱	ai	vy	46	rime-fast-xhup	legacy-compatible
爵	jt	pc	14	rime-fast-xhup	legacy-compatible
爵	jt	vc	14	rime-fast-xhup	legacy-compatible
父	fu	bx	24	rime-fast-xhup	legacy-compatible
爷	ye	be	22	rime-fast-xhup	legacy-compatible
爷	ye	fe	22	rime-fast-xhup	legacy-compatible
爸	ba	bb	29	rime-fast-xhup	legacy-compatible
爸	ba	fb	29	rime-fast-xhup	legacy-compatible
爹	dp	bx	23	rime-fast-xhup	legacy-compatible
爹	dp	fx	23	rime-fast-xhup	legacy-compatible
爻	yc	xx	12	rime-fast-xhup	legacy-compatible
爽	ul	dx	37	rime-fast-xhup	legacy-compatible
爿	pj	vp	5	rime-fast-xhup	legacy-compatible
牁	ke	pk	2	rime-fast-xhup	legacy-compatible
牂	zh	py	2	rime-fast-xhup	legacy-compatible
片	pm	pv	37	rime-fast-xhup	legacy-compatible
版	bj	py	41	rime-fast-xhup	legacy-compatible
牌	pd	pu	32	rime-fast-xhup	legacy-compatible
牍	du	pd	4	rime-fast-xhup	legacy-compatible
牒	dp	pm	7	rime-fast-xhup	legacy-compatible
牖	yz	pf	4	rime-fast-xhup	legacy-compatible
牙	ya	ap	28	rime-fast-xhup	legacy-compatible
牚	ig	xy	1	rime-fast-xhup	legacy-compatible
牛	nq	pl	39	rime-fast-xhup	legacy-compatible
牝	pb	nb	5	rime-fast-xhup	legacy-compatible
牟	mu	sn	8	rime-fast-xhup	legacy-compatible
牟	mz	sn	13	rime-fast-xhup	legacy-compatible
牠	ta	ny	0	rime-fast-xhup	legacy-compatible
牡	mu	nt	9	rime-fast-xhup	legacy-compatible
牢	lc	bn	19	rime-fast-xhup	legacy-compatible
牤	mh	nw	0	rime-fast-xhup	legacy-compatible
牥	fh	nf	0	rime-fast-xhup	legacy-compatible
牦	mc	nm	3	rime-fast-xhup	legacy-compatible
牧	mu	nw	19	rime-fast-xhup	legacy-compatible
物	wu	nw	32	rime-fast-xhup	legacy-compatible
牮	jm	rn	2	rime-fast-xhup	legacy-compatible
牯	gu	nk	5	rime-fast-xhup	legacy-compatible
牲	ug	nu	8	rime-fast-xhup	legacy-compatible
牵	qm	dn	20	rime-fast-xhup	legacy-compatible
特	te	nc	36	rime-fast-xhup	legacy-compatible
牺	xi	nx	5	rime-fast-xhup	legacy-compatible
牻	mh	nd	1	rime-fast-xhup	legacy-compatible
牾	wu	nk	1	rime-fast-xhup	legacy-compatible
牿	gu	nk	0	rime-fast-xhup	legacy-compatible
犀	xi	un	10	rime-fast-xhup	legacy-compatible
犁	li	hn	13	rime-fast-xhup	legacy-compatible
犄	ji	nk	1	rime-fast-xhup	legacy-compatible
犇	bf	nn	5	rime-fast-xhup	legacy-compatible
犊	du	nd	9	rime-fast-xhup	legacy-compatible
犋	ju	nb	1	rime-fast-xhup	legacy-compatible
犍	jm	nz	4	rime-fast-xhup	legacy-compatible
犍	qm	nz	1	rime-fast-xhup	legacy-compatible
犏	pm	nc	1	rime-fast-xhup	legacy-compatible
犒	kc	nk	3	rime-fast-xhup	legacy-compatible
犟	jl	gn	9	rime-fast-xhup	legacy-compatible
犨	iz	rn	1	rime-fast-xhup	legacy-compatible
犬	qr	dd	23	rime-fast-xhup	legacy-compatible
犯	fj	qv	26	rime-fast-xhup	legacy-compatible
犰	qq	qj	3	rime-fast-xhup	legacy-compatible
犴	an	qg	1	rime-fast-xhup	legacy-compatible
犴	hj	qg	1	rime-fast-xhup	legacy-compatible
状	vl	dq	28	rime-fast-xhup	legacy-compatible
状	vl	pq	28	rime-fast-xhup	legacy-compatible
犷	gl	qg	3	rime-fast-xhup	legacy-compatible
犸	ma	qm	1	rime-fast-xhup	legacy-compatible
犹	yz	qy	19	rime-fast-xhup	legacy-compatible
狁	yy	qe	1	rime-fast-xhup	legacy-compatible
狂	kl	qw	30	rime-fast-xhup	legacy-compatible
狃	nq	qi	2	rime-fast-xhup	legacy-compatible
狄	di	qh	17	rime-fast-xhup	legacy-compatible
狈	bw	qr	5	rime-fast-xhup	legacy-compatible
狉	pi	qp	0	rime-fast-xhup	legacy-compatible
狍	pc	qs	3	rime-fast-xhup	legacy-compatible
狎	xx	qj	6	rime-fast-xhup	legacy-compatible
狐	hu	qg	18	rime-fast-xhup	legacy-compatible
狒	fw	qf	3	rime-fast-xhup	legacy-compatible
狗	gz	qk	36	rime-fast-xhup	legacy-compatible
狙	ju	qq	9	rime-fast-xhup	legacy-compatible
狝	xm	qx	0	rime-fast-xhup	legacy-compatible
狞	nk	qd	5	rime-fast-xhup	legacy-compatible
狠	hf	qg	29	rime-fast-xhup	legacy-compatible
狡	jn	qx	7	rime-fast-xhup	legacy-compatible
狨	rs	qu	2	rime-fast-xhup	legacy-compatible
狩	uz	qc	7	rime-fast-xhup	legacy-compatible
独	du	qi	25	rime-fast-xhup	legacy-compatible
狭	xx	qj	11	rime-fast-xhup	legacy-compatible
狮	ui	qj	17	rime-fast-xhup	legacy-compatible
狯	kk	qs	1	rime-fast-xhup	legacy-compatible
狰	vg	ql	3	rime-fast-xhup	legacy-compatible
狱	yu	qq	14	rime-fast-xhup	legacy-compatible
狲	sy	qx	2	rime-fast-xhup	legacy-compatible
狳	yu	qh	3	rime-fast-xhup	legacy-compatible
狴	bi	qt	1	rime-fast-xhup	legacy-compatible
狷	jr	qo	5	rime-fast-xhup	legacy-compatible
狸	li	ql	10	rime-fast-xhup	legacy-compatible
狺	yb	qk	2	rime-fast-xhup	legacy-compatible
狻	sr	qw	2	rime-fast-xhup	legacy-compatible
狼	lh	ql	30	rime-fast-xhup	legacy-compatible
猁	li	qd	2	rime-fast-xhup	legacy-compatible
猃	xm	qa	1	rime-fast-xhup	legacy-compatible
猄	jk	qx	0	rime-fast-xhup	legacy-compatible
猇	xn	qj	2	rime-fast-xhup	legacy-compatible
猊	ni	qe	3	rime-fast-xhup	legacy-compatible
猎	lp	qo	15	rime-fast-xhup	legacy-compatible
猕	mi	qx	1	rime-fast-xhup	legacy-compatible
猖	ih	qo	4	rime-fast-xhup	legacy-compatible
猗	yi	qk	5	rime-fast-xhup	legacy-compatible
猛	mg	qm	30	rime-fast-xhup	legacy-compatible
猜	cd	qo	29	rime-fast-xhup	legacy-compatible
猝	cu	qu	6	rime-fast-xhup	legacy-compatible
猞	ue	qk	1	rime-fast-xhup	legacy-compatible
猡	lo	qx	4	rime-fast-xhup	legacy-compatible
猢	hu	qo	1	rime-fast-xhup	legacy-compatible
猥	ww	qn	5	rime-fast-xhup	legacy-compatible
猩	xk	qu	6	rime-fast-xhup	legacy-compatible
猪	vu	qo	40	rime-fast-xhup	legacy-compatible
猫	mc	qt	35	rime-fast-xhup	legacy-compatible
猬	ww	qo	3	rime-fast-xhup	legacy-compatible
献	xm	uq	20	rime-fast-xhup	legacy-compatible
猯	tr	qe	1	rime-fast-xhup	legacy-compatible
猰	jx	qd	0	rime-fast-xhup	legacy-compatible
猰	qp	qd	0	rime-fast-xhup	legacy-compatible
猰	ya	qd	2	rime-fast-xhup	legacy-compatible
猱	nc	qm	3	rime-fast-xhup	legacy-compatible
猴	hz	qu	20	rime-fast-xhup	legacy-compatible
猷	yz	bq	7	rime-fast-xhup	legacy-compatible
猹	ia	qa	1	rime-fast-xhup	legacy-compatible
猹	ia	qd	1	rime-fast-xhup	legacy-compatible
猺	yc	qf	3	rime-fast-xhup	legacy-compatible
猾	hx	qg	4	rime-fast-xhup	legacy-compatible
猾	hx	qo	4	rime-fast-xhup	legacy-compatible
猿	yr	qy	13	rime-fast-xhup	legacy-compatible
獍	jk	qe	2	rime-fast-xhup	legacy-compatible
獐	vh	qu	5	rime-fast-xhup	legacy-compatible
獒	ao	fq	11	rime-fast-xhup	legacy-compatible
獗	jt	qr	2	rime-fast-xhup	legacy-compatible
獠	ln	qx	5	rime-fast-xhup	legacy-compatible
獬	xp	qn	3	rime-fast-xhup	legacy-compatible
獭	ta	qr	5	rime-fast-xhup	legacy-compatible
獯	xy	qh	2	rime-fast-xhup	legacy-compatible
獴	mg	qn	0	rime-fast-xhup	legacy-compatible
獴	mg	qu	0	rime-fast-xhup	legacy-compatible
獾	hr	qf	6	rime-fast-xhup	legacy-compatible
玃	jt	qy	1	rime-fast-xhup	legacy-compatible
玄	xr	wy	24	rime-fast-xhup	legacy-compatible
率	lv	wu	33	rime-fast-xhup	legacy-compatible
率	uk	wu	16	rime-fast-xhup	legacy-compatible
玉	yu	wd	32	rime-fast-xhup	legacy-compatible
王	wh	at	42	rime-fast-xhup	legacy-compatible
玎	dk	wd	5	rime-fast-xhup	legacy-compatible
玑	ji	wj	6	rime-fast-xhup	legacy-compatible
玒	hs	wg	1	rime-fast-xhup	legacy-compatible
玓	di	wu	0	rime-fast-xhup	legacy-compatible
玕	gj	wg	2	rime-fast-xhup	legacy-compatible
玖	jq	wj	15	rime-fast-xhup	legacy-compatible
玘	qi	wj	0	rime-fast-xhup	legacy-compatible
玙	yu	wy	0	rime-fast-xhup	legacy-compatible
玚	ih	wp	0	rime-fast-xhup	legacy-compatible
玚	yh	wp	0	rime-fast-xhup	legacy-compatible
玛	ma	wm	22	rime-fast-xhup	legacy-compatible
玞	fu	wf	0	rime-fast-xhup	legacy-compatible
玟	mb	ww	4	rime-fast-xhup	legacy-compatible
玟	wf	ww	7	rime-fast-xhup	legacy-compatible
玠	jp	wl	5	rime-fast-xhup	legacy-compatible
玡	ya	wy	2	rime-fast-xhup	legacy-compatible
玢	bb	wd	4	rime-fast-xhup	legacy-compatible
玢	ff	wd	3	rime-fast-xhup	legacy-compatible
玤	bh	wf	0	rime-fast-xhup	legacy-compatible
玥	yt	wo	11	rime-fast-xhup	legacy-compatible
玦	jt	wg	4	rime-fast-xhup	legacy-compatible
玦	jt	wn	4	rime-fast-xhup	legacy-compatible
玩	wj	we	53	rime-fast-xhup	legacy-compatible
玫	mw	ww	15	rime-fast-xhup	legacy-compatible
玭	pb	wb	1	rime-fast-xhup	legacy-compatible
玮	ww	ww	16	rime-fast-xhup	legacy-compatible
环	hr	wb	28	rime-fast-xhup	legacy-compatible
现	xm	we	34	rime-fast-xhup	legacy-compatible
玱	ch	wv	0	rime-fast-xhup	legacy-compatible
玱	ql	wv	0	rime-fast-xhup	legacy-compatible
玲	lk	ws	24	rime-fast-xhup	legacy-compatible
玳	dd	wy	6	rime-fast-xhup	legacy-compatible
玶	pk	wp	1	rime-fast-xhup	legacy-compatible
玷	dm	wk	5	rime-fast-xhup	legacy-compatible
玹	xm	wy	0	rime-fast-xhup	legacy-compatible
玹	xr	wy	3	rime-fast-xhup	legacy-compatible
玺	xi	dy	12	rime-fast-xhup	legacy-compatible
玻	bo	wy	12	rime-fast-xhup	legacy-compatible
玼	ci	wb	0	rime-fast-xhup	legacy-compatible
玿	uc	wk	1	rime-fast-xhup	legacy-compatible
珀	po	wb	10	rime-fast-xhup	legacy-compatible
珂	ke	wk	14	rime-fast-xhup	legacy-compatible
珅	uf	wu	9	rime-fast-xhup	legacy-compatible
珇	ju	wq	0	rime-fast-xhup	legacy-compatible
珇	zu	wq	1	rime-fast-xhup	legacy-compatible
珈	jx	wk	10	rime-fast-xhup	legacy-compatible
珉	mb	wm	11	rime-fast-xhup	legacy-compatible
珊	uj	wc	18	rime-fast-xhup	legacy-compatible
珋	lq	we	2	rime-fast-xhup	legacy-compatible
珌	bi	wb	1	rime-fast-xhup	legacy-compatible
珍	vf	wp	23	rime-fast-xhup	legacy-compatible
珏	jt	wy	12	rime-fast-xhup	legacy-compatible
珐	fa	ws	5	rime-fast-xhup	legacy-compatible
珑	ls	wl	10	rime-fast-xhup	legacy-compatible
珒	jb	wy	1	rime-fast-xhup	legacy-compatible
珕	li	wl	0	rime-fast-xhup	legacy-compatible
珖	gl	we	0	rime-fast-xhup	legacy-compatible
珖	gl	ww	0	rime-fast-xhup	legacy-compatible
珙	gs	wb	4	rime-fast-xhup	legacy-compatible
珛	xq	wo	2	rime-fast-xhup	legacy-compatible
珝	xu	wx	1	rime-fast-xhup	legacy-compatible
珞	lo	wk	9	rime-fast-xhup	legacy-compatible
珠	vu	wv	24	rime-fast-xhup	legacy-compatible
珢	kf	wg	0	rime-fast-xhup	legacy-compatible
珢	yb	wg	0	rime-fast-xhup	legacy-compatible
珣	xy	wo	5	rime-fast-xhup	legacy-compatible
珥	er	we	6	rime-fast-xhup	legacy-compatible
珦	xl	wk	1	rime-fast-xhup	legacy-compatible
珧	yc	wd	2	rime-fast-xhup	legacy-compatible
珩	hg	wi	8	rime-fast-xhup	legacy-compatible
珪	gv	wt	7	rime-fast-xhup	legacy-compatible
珫	is	we	1	rime-fast-xhup	legacy-compatible
班	bj	wp	38	rime-fast-xhup	legacy-compatible
班	bj	ww	38	rime-fast-xhup	legacy-compatible
珮	pw	wj	0	rime-fast-xhup	legacy-compatible
珰	dh	we	0	rime-fast-xhup	legacy-compatible
珲	hv	wi	5	rime-fast-xhup	legacy-compatible
珲	hy	wi	1	rime-fast-xhup	legacy-compatible
珵	ig	ww	0	rime-fast-xhup	legacy-compatible
珷	wu	wv	2	rime-fast-xhup	legacy-compatible
珸	wu	wk	0	rime-fast-xhup	legacy-compatible
珹	ig	wi	1	rime-fast-xhup	legacy-compatible
珺	jy	wk	10	rime-fast-xhup	legacy-compatible
珽	tk	wz	2	rime-fast-xhup	legacy-compatible
琀	hj	wk	8	rime-fast-xhup	legacy-compatible
球	qq	wq	35	rime-fast-xhup	legacy-compatible
琄	xr	wo	0	rime-fast-xhup	legacy-compatible
琅	lh	wl	10	rime-fast-xhup	legacy-compatible
理	li	wl	34	rime-fast-xhup	legacy-compatible
琇	xq	wn	7	rime-fast-xhup	legacy-compatible
琈	fu	wz	1	rime-fast-xhup	legacy-compatible
琉	lq	wv	10	rime-fast-xhup	legacy-compatible
琊	ya	we	3	rime-fast-xhup	legacy-compatible
琎	jb	wz	0	rime-fast-xhup	legacy-compatible
琏	lm	wz	8	rime-fast-xhup	legacy-compatible
琐	so	wr	11	rime-fast-xhup	legacy-compatible
琔	dm	wr	0	rime-fast-xhup	legacy-compatible
琚	ju	wk	5	rime-fast-xhup	legacy-compatible
琛	if	wm	14	rime-fast-xhup	legacy-compatible
琟	ww	wf	0	rime-fast-xhup	legacy-compatible
琟	yu	wf	0	rime-fast-xhup	legacy-compatible
琡	iu	wy	0	rime-fast-xhup	legacy-compatible
琢	vo	wn	4	rime-fast-xhup	legacy-compatible
琢	zo	wn	9	rime-fast-xhup	legacy-compatible
琤	ig	wl	3	rime-fast-xhup	legacy-compatible
琥	hu	wj	7	rime-fast-xhup	legacy-compatible
琦	qi	wk	18	rime-fast-xhup	legacy-compatible
琨	ky	wb	11	rime-fast-xhup	legacy-compatible
琪	qi	wb	20	rime-fast-xhup	legacy-compatible
琫	bg	wl	1	rime-fast-xhup	legacy-compatible
琬	wj	wv	8	rime-fast-xhup	legacy-compatible
琭	lu	wu	1	rime-fast-xhup	legacy-compatible
琮	cs	wx	8	rime-fast-xhup	legacy-compatible
琯	gr	wk	4	rime-fast-xhup	legacy-compatible
琰	yj	wh	10	rime-fast-xhup	legacy-compatible
琲	bw	wf	0	rime-fast-xhup	legacy-compatible
琳	lb	wm	24	rime-fast-xhup	legacy-compatible
琴	qb	wv	27	rime-fast-xhup	legacy-compatible
琵	pi	wb	5	rime-fast-xhup	legacy-compatible
琶	pa	wb	7	rime-fast-xhup	legacy-compatible
琼	qs	wx	20	rime-fast-xhup	legacy-compatible
瑀	yu	wy	0	rime-fast-xhup	legacy-compatible
瑁	mc	wo	5	rime-fast-xhup	legacy-compatible
瑂	mw	wo	1	rime-fast-xhup	legacy-compatible
瑃	iy	wo	1	rime-fast-xhup	legacy-compatible
瑄	xr	wa	7	rime-fast-xhup	legacy-compatible
瑅	ti	wr	0	rime-fast-xhup	legacy-compatible
瑆	xk	wu	0	rime-fast-xhup	legacy-compatible
瑑	vr	wu	1	rime-fast-xhup	legacy-compatible
瑓	lm	wj	0	rime-fast-xhup	legacy-compatible
瑔	qr	wu	1	rime-fast-xhup	legacy-compatible
瑕	xx	wy	9	rime-fast-xhup	legacy-compatible
瑖	dr	wy	0	rime-fast-xhup	legacy-compatible
瑗	yr	wy	6	rime-fast-xhup	legacy-compatible
瑙	nc	wx	7	rime-fast-xhup	legacy-compatible
瑚	hu	wo	5	rime-fast-xhup	legacy-compatible
瑛	yk	wy	15	rime-fast-xhup	legacy-compatible
瑜	yu	wd	17	rime-fast-xhup	legacy-compatible
瑝	hl	ww	0	rime-fast-xhup	legacy-compatible
瑞	rv	we	26	rime-fast-xhup	legacy-compatible
瑟	se	wb	18	rime-fast-xhup	legacy-compatible
瑢	rs	wk	2	rime-fast-xhup	legacy-compatible
瑧	vf	wh	0	rime-fast-xhup	legacy-compatible
瑨	jb	wo	0	rime-fast-xhup	legacy-compatible
瑬	lq	dy	0	rime-fast-xhup	legacy-compatible
瑭	th	wk	4	rime-fast-xhup	legacy-compatible
瑰	gv	wg	9	rime-fast-xhup	legacy-compatible
瑱	tm	wb	0	rime-fast-xhup	legacy-compatible
瑱	vf	wb	1	rime-fast-xhup	legacy-compatible
瑳	co	wg	1	rime-fast-xhup	legacy-compatible
瑶	yc	wf	18	rime-fast-xhup	legacy-compatible
瑷	ai	wy	5	rime-fast-xhup	legacy-compatible
瑾	jb	wa	14	rime-fast-xhup	legacy-compatible
璀	cv	wf	7	rime-fast-xhup	legacy-compatible
璁	cs	wx	7	rime-fast-xhup	legacy-compatible
璃	li	wd	10	rime-fast-xhup	legacy-compatible
璆	qq	wp	1	rime-fast-xhup	legacy-compatible
璇	xr	wr	15	rime-fast-xhup	legacy-compatible
璈	ao	ww	4	rime-fast-xhup	legacy-compatible
璋	vh	wu	12	rime-fast-xhup	legacy-compatible
璎	yk	wn	7	rime-fast-xhup	legacy-compatible
璐	lu	wk	15	rime-fast-xhup	legacy-compatible
璒	dg	wa	0	rime-fast-xhup	legacy-compatible
璘	lb	wl	6	rime-fast-xhup	legacy-compatible
璜	hl	wb	8	rime-fast-xhup	legacy-compatible
璞	pu	wn	11	rime-fast-xhup	legacy-compatible
璟	jk	wx	10	rime-fast-xhup	legacy-compatible
璠	fj	wt	4	rime-fast-xhup	legacy-compatible
璥	jk	ww	0	rime-fast-xhup	legacy-compatible
璧	bi	uy	13	rime-fast-xhup	legacy-compatible
璨	cj	wm	7	rime-fast-xhup	legacy-compatible
璩	qu	wu	4	rime-fast-xhup	legacy-compatible
璪	zc	wm	1	rime-fast-xhup	legacy-compatible
璬	jn	ww	0	rime-fast-xhup	legacy-compatible
璮	tj	wa	0	rime-fast-xhup	legacy-compatible
璱	se	wb	1	rime-fast-xhup	legacy-compatible
璲	sv	wz	1	rime-fast-xhup	legacy-compatible
璺	wf	py	3	rime-fast-xhup	legacy-compatible
瓀	rr	we	1	rime-fast-xhup	legacy-compatible
瓒	zj	wr	8	rime-fast-xhup	legacy-compatible
瓖	xl	wy	0	rime-fast-xhup	legacy-compatible
瓘	gr	wf	4	rime-fast-xhup	legacy-compatible
瓜	gx	in	24	rime-fast-xhup	legacy-compatible
瓜	gx	pn	24	rime-fast-xhup	legacy-compatible
瓞	dp	gu	1	rime-fast-xhup	legacy-compatible
瓠	hu	dg	5	rime-fast-xhup	legacy-compatible
瓢	pn	xg	12	rime-fast-xhup	legacy-compatible
瓣	bj	lu	16	rime-fast-xhup	legacy-compatible
瓣	bj	xg	16	rime-fast-xhup	legacy-compatible
瓤	rh	wg	8	rime-fast-xhup	legacy-compatible
瓦	wa	ad	28	rime-fast-xhup	legacy-compatible
瓮	wg	bw	10	rime-fast-xhup	legacy-compatible
瓮	wg	gw	10	rime-fast-xhup	legacy-compatible
瓯	ou	kw	7	rime-fast-xhup	legacy-compatible
瓯	ou	qw	7	rime-fast-xhup	legacy-compatible
瓴	lk	rw	4	rime-fast-xhup	legacy-compatible
瓶	pk	bw	26	rime-fast-xhup	legacy-compatible
瓷	ci	dw	17	rime-fast-xhup	legacy-compatible
瓻	ii	xw	0	rime-fast-xhup	legacy-compatible
瓿	bu	lw	0	rime-fast-xhup	legacy-compatible
甄	vf	xw	15	rime-fast-xhup	legacy-compatible
甍	mg	cw	3	rime-fast-xhup	legacy-compatible
甏	bg	uw	1	rime-fast-xhup	legacy-compatible
甑	zg	bw	6	rime-fast-xhup	legacy-compatible
甓	pi	uw	3	rime-fast-xhup	legacy-compatible
甗	yj	hw	1	rime-fast-xhup	legacy-compatible
甘	gj	na	36	rime-fast-xhup	legacy-compatible
甚	uf	qv	25	rime-fast-xhup	legacy-compatible
甜	tm	qg	25	rime-fast-xhup	legacy-compatible
甜	tm	ug	25	rime-fast-xhup	legacy-compatible
生	ug	pf	42	rime-fast-xhup	legacy-compatible
甡	uf	uu	0	rime-fast-xhup	legacy-compatible
甥	ug	ul	5	rime-fast-xhup	legacy-compatible
甦	su	gu	3	rime-fast-xhup	legacy-compatible
用	ys	kl	62	rime-fast-xhup	legacy-compatible
甩	uk	kv	24	rime-fast-xhup	legacy-compatible
甪	lu	py	3	rime-fast-xhup	legacy-compatible
甫	fu	ad	18	rime-fast-xhup	legacy-compatible
甬	ys	sy	9	rime-fast-xhup	legacy-compatible
甭	bg	by	13	rime-fast-xhup	legacy-compatible
甯	nk	by	7	rime-fast-xhup	legacy-compatible
田	tm	ku	31	rime-fast-xhup	legacy-compatible
由	yz	la	49	rime-fast-xhup	legacy-compatible
甲	jx	ll	29	rime-fast-xhup	legacy-compatible
申	uf	ll	25	rime-fast-xhup	legacy-compatible
电	dm	lv	33	rime-fast-xhup	legacy-compatible
男	nj	tl	40	rime-fast-xhup	legacy-compatible
甸	dm	bt	13	rime-fast-xhup	legacy-compatible
甸	tm	bt	0	rime-fast-xhup	legacy-compatible
甸	ug	bt	0	rime-fast-xhup	legacy-compatible
町	dk	td	11	rime-fast-xhup	legacy-compatible
町	tk	td	4	rime-fast-xhup	legacy-compatible
画	hx	ak	35	rime-fast-xhup	legacy-compatible
甾	zd	vt	5	rime-fast-xhup	legacy-compatible
甾	zi	vt	0	rime-fast-xhup	legacy-compatible
畀	bi	tl	13	rime-fast-xhup	legacy-compatible
畅	ih	up	17	rime-fast-xhup	legacy-compatible
畈	fj	ty	6	rime-fast-xhup	legacy-compatible
畊	gg	tj	1	rime-fast-xhup	legacy-compatible
畋	tm	tw	3	rime-fast-xhup	legacy-compatible
界	jp	tl	29	rime-fast-xhup	legacy-compatible
畎	qr	tq	1	rime-fast-xhup	legacy-compatible
畏	ww	tn	14	rime-fast-xhup	legacy-compatible
畑	tm	ht	0	rime-fast-xhup	legacy-compatible
畔	pj	tb	16	rime-fast-xhup	legacy-compatible
畖	wa	tg	0	rime-fast-xhup	legacy-compatible
留	lq	pt	36	rime-fast-xhup	legacy-compatible
畚	bf	st	3	rime-fast-xhup	legacy-compatible
畛	vf	tp	2	rime-fast-xhup	legacy-compatible
畜	iu	wt	11	rime-fast-xhup	legacy-compatible
畜	xu	wt	6	rime-fast-xhup	legacy-compatible
畤	iz	tc	0	rime-fast-xhup	legacy-compatible
畤	ui	tc	0	rime-fast-xhup	legacy-compatible
畤	vi	tc	2	rime-fast-xhup	legacy-compatible
略	lt	tk	25	rime-fast-xhup	legacy-compatible
畦	qi	tt	10	rime-fast-xhup	legacy-compatible
番	fj	bt	21	rime-fast-xhup	legacy-compatible
番	fj	pt	21	rime-fast-xhup	legacy-compatible
番	pj	bt	10	rime-fast-xhup	legacy-compatible
番	pj	pt	10	rime-fast-xhup	legacy-compatible
畬	ue	rt	0	rime-fast-xhup	legacy-compatible
畬	yu	rt	0	rime-fast-xhup	legacy-compatible
畯	jy	tw	1	rime-fast-xhup	legacy-compatible
畲	ue	rt	6	rime-fast-xhup	legacy-compatible
畴	iz	tc	15	rime-fast-xhup	legacy-compatible
畸	ji	tk	9	rime-fast-xhup	legacy-compatible
畹	wj	tv	5	rime-fast-xhup	legacy-compatible
畿	ji	yt	8	rime-fast-xhup	legacy-compatible
疁	lq	tp	0	rime-fast-xhup	legacy-compatible
疃	tr	tl	5	rime-fast-xhup	legacy-compatible
疆	jl	ga	14	rime-fast-xhup	legacy-compatible
疆	ql	ga	0	rime-fast-xhup	legacy-compatible
疍	dj	ua	0	rime-fast-xhup	legacy-compatible
疍	dj	va	0	rime-fast-xhup	legacy-compatible
疏	uu	vv	19	rime-fast-xhup	legacy-compatible
疐	di	ur	0	rime-fast-xhup	legacy-compatible
疐	vi	ur	0	rime-fast-xhup	legacy-compatible
疑	yi	br	19	rime-fast-xhup	legacy-compatible
疔	dk	bd	3	rime-fast-xhup	legacy-compatible
疖	jp	be	5	rime-fast-xhup	legacy-compatible
疗	ln	bl	15	rime-fast-xhup	legacy-compatible
疙	ge	bq	7	rime-fast-xhup	legacy-compatible
疙	ge	by	7	rime-fast-xhup	legacy-compatible
疙	yi	bq	0	rime-fast-xhup	legacy-compatible
疚	jq	bj	5	rime-fast-xhup	legacy-compatible
疝	uj	be	10	rime-fast-xhup	legacy-compatible
疟	nt	ba	7	rime-fast-xhup	legacy-compatible
疟	yc	ba	1	rime-fast-xhup	legacy-compatible
疠	ld	bw	0	rime-fast-xhup	legacy-compatible
疠	li	bw	3	rime-fast-xhup	legacy-compatible
疡	yh	bp	5	rime-fast-xhup	legacy-compatible
疢	if	bh	1	rime-fast-xhup	legacy-compatible
疣	yz	by	11	rime-fast-xhup	legacy-compatible
疤	ba	bb	13	rime-fast-xhup	legacy-compatible
疥	jp	bl	4	rime-fast-xhup	legacy-compatible
疫	yi	by	11	rime-fast-xhup	legacy-compatible
疬	li	bl	4	rime-fast-xhup	legacy-compatible
疭	zs	br	0	rime-fast-xhup	legacy-compatible
疮	il	bv	13	rime-fast-xhup	legacy-compatible
疯	fg	bx	29	rime-fast-xhup	legacy-compatible
疰	vu	bv	2	rime-fast-xhup	legacy-compatible
疱	pc	bs	8	rime-fast-xhup	legacy-compatible
疲	pi	by	12	rime-fast-xhup	legacy-compatible
疳	gj	bg	4	rime-fast-xhup	legacy-compatible
疴	ke	bk	2	rime-fast-xhup	legacy-compatible
疵	ci	bb	7	rime-fast-xhup	legacy-compatible
疸	dj	ba	2	rime-fast-xhup	legacy-compatible
疹	vf	bp	10	rime-fast-xhup	legacy-compatible
疼	tg	bd	30	rime-fast-xhup	legacy-compatible
疽	ju	bq	5	rime-fast-xhup	legacy-compatible
疾	ji	bu	18	rime-fast-xhup	legacy-compatible
痂	jx	bk	10	rime-fast-xhup	legacy-compatible
痃	xr	by	0	rime-fast-xhup	legacy-compatible
痄	va	bv	2	rime-fast-xhup	legacy-compatible
病	bk	bb	35	rime-fast-xhup	legacy-compatible
症	vg	bv	25	rime-fast-xhup	legacy-compatible
痈	ys	by	7	rime-fast-xhup	legacy-compatible
痉	jk	bg	5	rime-fast-xhup	legacy-compatible
痊	qr	bw	3	rime-fast-xhup	legacy-compatible
痍	yi	by	3	rime-fast-xhup	legacy-compatible
痒	yh	by	21	rime-fast-xhup	legacy-compatible
痓	ii	bt	0	rime-fast-xhup	legacy-compatible
痓	vi	bt	0	rime-fast-xhup	legacy-compatible
痔	vi	bc	12	rime-fast-xhup	legacy-compatible
痕	hf	bg	19	rime-fast-xhup	legacy-compatible
痘	dz	ba	14	rime-fast-xhup	legacy-compatible
痛	ts	by	33	rime-fast-xhup	legacy-compatible
痞	pi	bk	11	rime-fast-xhup	legacy-compatible
痢	li	bd	8	rime-fast-xhup	legacy-compatible
痣	vi	bx	15	rime-fast-xhup	legacy-compatible
痤	co	bt	6	rime-fast-xhup	legacy-compatible
痦	wu	bk	0	rime-fast-xhup	legacy-compatible
痧	ua	bu	8	rime-fast-xhup	legacy-compatible
痨	lc	bl	8	rime-fast-xhup	legacy-compatible
痪	hr	bd	5	rime-fast-xhup	legacy-compatible
痫	xm	bm	6	rime-fast-xhup	legacy-compatible
痰	tj	bh	18	rime-fast-xhup	legacy-compatible
痱	fw	bf	5	rime-fast-xhup	legacy-compatible
痴	ii	bk	18	rime-fast-xhup	legacy-compatible
痹	bi	bl	10	rime-fast-xhup	legacy-compatible
痼	gu	bk	4	rime-fast-xhup	legacy-compatible
痿	ww	bn	7	rime-fast-xhup	legacy-compatible
瘀	yu	bd	12	rime-fast-xhup	legacy-compatible
瘁	cv	bu	4	rime-fast-xhup	legacy-compatible
瘃	vu	bn	3	rime-fast-xhup	legacy-compatible
瘅	dj	bl	1	rime-fast-xhup	legacy-compatible
瘆	uf	bp	0	rime-fast-xhup	legacy-compatible
瘊	hz	bu	2	rime-fast-xhup	legacy-compatible
瘌	la	bd	2	rime-fast-xhup	legacy-compatible
瘐	yu	by	0	rime-fast-xhup	legacy-compatible
瘕	jx	by	3	rime-fast-xhup	legacy-compatible
瘕	xx	by	0	rime-fast-xhup	legacy-compatible
瘗	yi	bt	4	rime-fast-xhup	legacy-compatible
瘘	lz	bn	10	rime-fast-xhup	legacy-compatible
瘙	sc	bi	4	rime-fast-xhup	legacy-compatible
瘛	ii	bx	2	rime-fast-xhup	legacy-compatible
瘟	wf	bm	11	rime-fast-xhup	legacy-compatible
瘠	ji	bo	4	rime-fast-xhup	legacy-compatible
瘢	bj	by	3	rime-fast-xhup	legacy-compatible
瘤	lq	bt	20	rime-fast-xhup	legacy-compatible
瘥	co	bg	1	rime-fast-xhup	legacy-compatible
瘥	id	bg	1	rime-fast-xhup	legacy-compatible
瘦	uz	by	29	rime-fast-xhup	legacy-compatible
瘩	da	bk	3	rime-fast-xhup	legacy-compatible
瘪	bp	bb	12	rime-fast-xhup	legacy-compatible
瘫	tj	bf	12	rime-fast-xhup	legacy-compatible
瘭	bn	bx	1	rime-fast-xhup	legacy-compatible
瘰	lo	bx	3	rime-fast-xhup	legacy-compatible
瘳	iz	bp	2	rime-fast-xhup	legacy-compatible
瘴	vh	bu	6	rime-fast-xhup	legacy-compatible
瘵	vd	bx	1	rime-fast-xhup	legacy-compatible
瘸	qt	br	11	rime-fast-xhup	legacy-compatible
瘼	mo	bd	0	rime-fast-xhup	legacy-compatible
瘾	yb	bx	17	rime-fast-xhup	legacy-compatible
瘿	yk	bn	5	rime-fast-xhup	legacy-compatible
癀	hl	bb	1	rime-fast-xhup	legacy-compatible
癃	ls	bu	2	rime-fast-xhup	legacy-compatible
癌	ai	be	20	rime-fast-xhup	legacy-compatible
癍	bj	bw	3	rime-fast-xhup	legacy-compatible
癔	yi	bx	2	rime-fast-xhup	legacy-compatible
癖	pi	bu	12	rime-fast-xhup	legacy-compatible
癗	lw	bt	1	rime-fast-xhup	legacy-compatible
癜	dm	by	6	rime-fast-xhup	legacy-compatible
癞	ld	br	7	rime-fast-xhup	legacy-compatible
癣	xr	by	10	rime-fast-xhup	legacy-compatible
癫	dm	br	12	rime-fast-xhup	legacy-compatible
癯	qu	bf	1	rime-fast-xhup	legacy-compatible
癸	gv	bt	10	rime-fast-xhup	legacy-compatible
癸	gv	vt	10	rime-fast-xhup	legacy-compatible
登	dg	ba	28	rime-fast-xhup	legacy-compatible
登	dg	va	28	rime-fast-xhup	legacy-compatible
白	bd	po	40	rime-fast-xhup	legacy-compatible
百	bd	ab	31	rime-fast-xhup	legacy-compatible
癿	qp	bv	1	rime-fast-xhup	legacy-compatible
皂	zc	bq	14	rime-fast-xhup	legacy-compatible
的	de	bu	100	rime-fast-xhup	legacy-compatible
的	di	bu	23	rime-fast-xhup	legacy-compatible
皆	jp	bb	27	rime-fast-xhup	legacy-compatible
皇	hl	bw	22	rime-fast-xhup	legacy-compatible
皈	gv	by	4	rime-fast-xhup	legacy-compatible
皋	gc	bu	10	rime-fast-xhup	legacy-compatible
皋	hc	bu	0	rime-fast-xhup	legacy-compatible
皎	jn	bx	8	rime-fast-xhup	legacy-compatible
皑	ai	bj	7	rime-fast-xhup	legacy-compatible
皓	hc	bk	16	rime-fast-xhup	legacy-compatible
皕	bi	bb	0	rime-fast-xhup	legacy-compatible
皖	wj	be	14	rime-fast-xhup	legacy-compatible
皙	xi	mb	6	rime-fast-xhup	legacy-compatible
皛	xn	bb	1	rime-fast-xhup	legacy-compatible
皞	hc	bu	0	rime-fast-xhup	legacy-compatible
皤	po	bt	6	rime-fast-xhup	legacy-compatible
皦	jn	bw	0	rime-fast-xhup	legacy-compatible
皭	jn	bc	1	rime-fast-xhup	legacy-compatible
皮	pi	vy	31	rime-fast-xhup	legacy-compatible
皱	vz	dy	17	rime-fast-xhup	legacy-compatible
皲	jy	by	1	rime-fast-xhup	legacy-compatible
皴	cy	sy	5	rime-fast-xhup	legacy-compatible
皿	mb	la	8	rime-fast-xhup	legacy-compatible
盂	yu	ym	7	rime-fast-xhup	legacy-compatible
盅	vs	vm	12	rime-fast-xhup	legacy-compatible
盆	pf	bm	22	rime-fast-xhup	legacy-compatible
盆	pf	fm	22	rime-fast-xhup	legacy-compatible
盈	yk	nm	21	rime-fast-xhup	legacy-compatible
盉	he	hm	1	rime-fast-xhup	legacy-compatible
益	yi	bm	23	rime-fast-xhup	legacy-compatible
盍	he	tm	3	rime-fast-xhup	legacy-compatible
盎	ah	ym	7	rime-fast-xhup	legacy-compatible
盏	vj	jm	14	rime-fast-xhup	legacy-compatible
盐	yj	tm	25	rime-fast-xhup	legacy-compatible
监	jm	lm	19	rime-fast-xhup	legacy-compatible
盒	he	rm	25	rime-fast-xhup	legacy-compatible
盔	kv	um	13	rime-fast-xhup	legacy-compatible
盖	gd	ym	30	rime-fast-xhup	legacy-compatible
盖	ge	ym	1	rime-fast-xhup	legacy-compatible
盖	he	ym	0	rime-fast-xhup	legacy-compatible
盗	dc	dm	24	rime-fast-xhup	legacy-compatible
盘	pj	vm	37	rime-fast-xhup	legacy-compatible
盛	ig	im	11	rime-fast-xhup	legacy-compatible
盛	ug	im	27	rime-fast-xhup	legacy-compatible
盟	mg	om	22	rime-fast-xhup	legacy-compatible
盥	gr	pm	2	rime-fast-xhup	legacy-compatible
盦	an	rm	2	rime-fast-xhup	legacy-compatible
目	mu	ka	25	rime-fast-xhup	legacy-compatible
盯	dk	od	20	rime-fast-xhup	legacy-compatible
盱	xu	oy	4	rime-fast-xhup	legacy-compatible
盲	mh	wo	18	rime-fast-xhup	legacy-compatible
直	vi	uq	31	rime-fast-xhup	legacy-compatible
盷	tm	od	0	rime-fast-xhup	legacy-compatible
盷	xm	od	1	rime-fast-xhup	legacy-compatible
相	xl	mo	38	rime-fast-xhup	legacy-compatible
盹	dy	ot	8	rime-fast-xhup	legacy-compatible
盼	pj	od	21	rime-fast-xhup	legacy-compatible
盾	dy	io	23	rime-fast-xhup	legacy-compatible
盾	dy	po	23	rime-fast-xhup	legacy-compatible
省	ug	uo	39	rime-fast-xhup	legacy-compatible
省	xk	uo	4	rime-fast-xhup	legacy-compatible
眄	mm	om	0	rime-fast-xhup	legacy-compatible
眇	mn	ou	5	rime-fast-xhup	legacy-compatible
眈	dj	ov	3	rime-fast-xhup	legacy-compatible
眉	mw	vo	22	rime-fast-xhup	legacy-compatible
眊	mc	om	1	rime-fast-xhup	legacy-compatible
看	kj	uo	66	rime-fast-xhup	legacy-compatible
眍	kz	ox	4	rime-fast-xhup	legacy-compatible
眙	ii	ok	0	rime-fast-xhup	legacy-compatible
眙	yi	ok	1	rime-fast-xhup	legacy-compatible
眚	ug	no	0	rime-fast-xhup	legacy-compatible
眚	ug	uo	0	rime-fast-xhup	legacy-compatible
真	vf	ub	52	rime-fast-xhup	legacy-compatible
眠	mm	om	17	rime-fast-xhup	legacy-compatible
眢	yr	xo	2	rime-fast-xhup	legacy-compatible
眦	zi	ob	6	rime-fast-xhup	legacy-compatible
眨	va	of	15	rime-fast-xhup	legacy-compatible
眩	xr	oy	11	rime-fast-xhup	legacy-compatible
眬	ls	ol	0	rime-fast-xhup	legacy-compatible
眭	sv	ot	4	rime-fast-xhup	legacy-compatible
眯	mi	om	13	rime-fast-xhup	legacy-compatible
眵	ii	ox	1	rime-fast-xhup	legacy-compatible
眶	kl	ow	8	rime-fast-xhup	legacy-compatible
眷	jr	jo	10	rime-fast-xhup	legacy-compatible
眸	mz	on	14	rime-fast-xhup	legacy-compatible
眺	tn	od	16	rime-fast-xhup	legacy-compatible
眼	yj	og	33	rime-fast-xhup	legacy-compatible
着	vc	yo	30	rime-fast-xhup	legacy-compatible
着	ve	yo	55	rime-fast-xhup	legacy-compatible
着	vo	yo	25	rime-fast-xhup	legacy-compatible
睁	vg	ol	14	rime-fast-xhup	legacy-compatible
睃	so	ow	2	rime-fast-xhup	legacy-compatible
睄	qn	oo	0	rime-fast-xhup	legacy-compatible
睄	uc	oo	0	rime-fast-xhup	legacy-compatible
睄	xn	oo	1	rime-fast-xhup	legacy-compatible
睆	hr	oe	0	rime-fast-xhup	legacy-compatible
睇	di	op	31	rime-fast-xhup	legacy-compatible
睎	xi	oj	0	rime-fast-xhup	legacy-compatible
睐	ld	ol	8	rime-fast-xhup	legacy-compatible
睑	jm	oa	9	rime-fast-xhup	legacy-compatible
睒	uj	oh	0	rime-fast-xhup	legacy-compatible
睚	ya	ot	2	rime-fast-xhup	legacy-compatible
睛	jk	oo	12	rime-fast-xhup	legacy-compatible
睡	uv	oi	42	rime-fast-xhup	legacy-compatible
睢	sv	of	7	rime-fast-xhup	legacy-compatible
督	du	uo	14	rime-fast-xhup	legacy-compatible
睥	bi	ou	1	rime-fast-xhup	legacy-compatible
睥	pi	ou	1	rime-fast-xhup	legacy-compatible
睦	mu	ot	11	rime-fast-xhup	legacy-compatible
睨	ni	oe	7	rime-fast-xhup	legacy-compatible
睫	jp	or	8	rime-fast-xhup	legacy-compatible
睬	cd	om	13	rime-fast-xhup	legacy-compatible
睹	du	oo	12	rime-fast-xhup	legacy-compatible
睽	kv	ot	2	rime-fast-xhup	legacy-compatible
睾	gc	pg	5	rime-fast-xhup	legacy-compatible
睾	gc	xu	5	rime-fast-xhup	legacy-compatible
睿	rv	lo	17	rime-fast-xhup	legacy-compatible
瞀	mc	mo	1	rime-fast-xhup	legacy-compatible
瞀	mc	so	1	rime-fast-xhup	legacy-compatible
瞄	mn	ot	17	rime-fast-xhup	legacy-compatible
瞅	iz	oh	15	rime-fast-xhup	legacy-compatible
瞋	if	ob	5	rime-fast-xhup	legacy-compatible
瞌	ke	om	3	rime-fast-xhup	legacy-compatible
瞍	sz	oy	2	rime-fast-xhup	legacy-compatible
瞎	xx	ok	25	rime-fast-xhup	legacy-compatible
瞑	mk	ob	5	rime-fast-xhup	legacy-compatible
瞒	mf	ol	0	rime-fast-xhup	legacy-compatible
瞒	mj	ol	16	rime-fast-xhup	legacy-compatible
瞟	pn	ox	13	rime-fast-xhup	legacy-compatible
瞠	ig	ot	3	rime-fast-xhup	legacy-compatible
瞢	mg	co	3	rime-fast-xhup	legacy-compatible
瞥	pp	do	14	rime-fast-xhup	legacy-compatible
瞥	pp	xo	14	rime-fast-xhup	legacy-compatible
瞧	qn	oh	22	rime-fast-xhup	legacy-compatible
瞩	vu	oy	5	rime-fast-xhup	legacy-compatible
瞪	dg	oa	16	rime-fast-xhup	legacy-compatible
瞫	uf	ou	1	rime-fast-xhup	legacy-compatible
瞬	uy	ol	14	rime-fast-xhup	legacy-compatible
瞭	ln	ox	3	rime-fast-xhup	legacy-compatible
瞰	kj	ow	5	rime-fast-xhup	legacy-compatible
瞳	ts	ol	16	rime-fast-xhup	legacy-compatible
瞵	lb	ol	1	rime-fast-xhup	legacy-compatible
瞻	vj	ok	11	rime-fast-xhup	legacy-compatible
瞽	gu	uo	7	rime-fast-xhup	legacy-compatible
瞿	ju	of	0	rime-fast-xhup	legacy-compatible
瞿	qu	of	13	rime-fast-xhup	legacy-compatible
矍	jt	oy	3	rime-fast-xhup	legacy-compatible
矗	iu	uq	7	rime-fast-xhup	legacy-compatible
矛	mc	sp	16	rime-fast-xhup	legacy-compatible
矜	gr	mv	2	rime-fast-xhup	legacy-compatible
矜	gr	sv	2	rime-fast-xhup	legacy-compatible
矜	jb	mv	8	rime-fast-xhup	legacy-compatible
矜	jb	sv	8	rime-fast-xhup	legacy-compatible
矜	qb	mv	1	rime-fast-xhup	legacy-compatible
矜	qb	sv	1	rime-fast-xhup	legacy-compatible
矞	jt	mk	0	rime-fast-xhup	legacy-compatible
矞	jt	sk	0	rime-fast-xhup	legacy-compatible
矞	xu	mk	0	rime-fast-xhup	legacy-compatible
矞	xu	sk	0	rime-fast-xhup	legacy-compatible
矞	yu	mk	2	rime-fast-xhup	legacy-compatible
矞	yu	sk	2	rime-fast-xhup	legacy-compatible
矢	ui	pt	13	rime-fast-xhup	legacy-compatible
矢	ui	rd	13	rime-fast-xhup	legacy-compatible
矣	yi	su	22	rime-fast-xhup	legacy-compatible
知	vi	uk	33	rime-fast-xhup	legacy-compatible
矧	uf	ul	3	rime-fast-xhup	legacy-compatible
矩	ju	uj	14	rime-fast-xhup	legacy-compatible
矫	jn	ul	15	rime-fast-xhup	legacy-compatible
矬	co	ut	6	rime-fast-xhup	legacy-compatible
短	dr	ua	31	rime-fast-xhup	legacy-compatible
矮	ai	un	21	rime-fast-xhup	legacy-compatible
矰	zg	uo	1	rime-fast-xhup	legacy-compatible
石	dj	ak	3	rime-fast-xhup	legacy-compatible
石	ui	ak	33	rime-fast-xhup	legacy-compatible
矶	ji	uj	10	rime-fast-xhup	legacy-compatible
矸	gj	ug	4	rime-fast-xhup	legacy-compatible
矻	ku	uq	1	rime-fast-xhup	legacy-compatible
矼	gh	ug	0	rime-fast-xhup	legacy-compatible
矼	ks	ug	0	rime-fast-xhup	legacy-compatible
矼	ql	ug	1	rime-fast-xhup	legacy-compatible
矽	xi	ux	1	rime-fast-xhup	legacy-compatible
矾	fj	uf	8	rime-fast-xhup	legacy-compatible
矿	kl	ug	26	rime-fast-xhup	legacy-compatible
砀	dh	up	5	rime-fast-xhup	legacy-compatible
码	ma	um	30	rime-fast-xhup	legacy-compatible
砂	ua	uu	19	rime-fast-xhup	legacy-compatible
砄	jt	ug	0	rime-fast-xhup	legacy-compatible
砄	jt	un	0	rime-fast-xhup	legacy-compatible
砆	fu	uf	1	rime-fast-xhup	legacy-compatible
砉	hx	fu	1	rime-fast-xhup	legacy-compatible
砉	xu	fu	1	rime-fast-xhup	legacy-compatible
砌	qi	ud	14	rime-fast-xhup	legacy-compatible
砌	qp	ud	0	rime-fast-xhup	legacy-compatible
砍	kj	ur	27	rime-fast-xhup	legacy-compatible
砑	ya	uy	2	rime-fast-xhup	legacy-compatible
砒	pi	ub	2	rime-fast-xhup	legacy-compatible
研	yj	uk	22	rime-fast-xhup	legacy-compatible
砖	vr	uv	24	rime-fast-xhup	legacy-compatible
砗	ie	ui	2	rime-fast-xhup	legacy-compatible
砘	dy	ut	2	rime-fast-xhup	legacy-compatible
砚	yj	ue	13	rime-fast-xhup	legacy-compatible
砜	fg	ux	5	rime-fast-xhup	legacy-compatible
砝	fa	us	2	rime-fast-xhup	legacy-compatible
砟	va	uv	3	rime-fast-xhup	legacy-compatible
砠	ju	uq	0	rime-fast-xhup	legacy-compatible
砣	to	ub	9	rime-fast-xhup	legacy-compatible
砥	di	ud	5	rime-fast-xhup	legacy-compatible
砦	vd	vu	5	rime-fast-xhup	legacy-compatible
砧	vf	uk	7	rime-fast-xhup	legacy-compatible
砫	vu	uv	1	rime-fast-xhup	legacy-compatible
砬	la	ul	6	rime-fast-xhup	legacy-compatible
砬	li	ul	0	rime-fast-xhup	legacy-compatible
砭	bm	uf	5	rime-fast-xhup	legacy-compatible
砭	bm	uz	5	rime-fast-xhup	legacy-compatible
砮	nu	nu	1	rime-fast-xhup	legacy-compatible
砰	pg	up	10	rime-fast-xhup	legacy-compatible
破	po	uy	34	rime-fast-xhup	legacy-compatible
砵	bo	ub	0	rime-fast-xhup	legacy-compatible
砷	uf	uu	12	rime-fast-xhup	legacy-compatible
砸	za	uj	34	rime-fast-xhup	legacy-compatible
砹	ai	ux	1	rime-fast-xhup	legacy-compatible
砺	li	uw	8	rime-fast-xhup	legacy-compatible
砻	ls	lu	3	rime-fast-xhup	legacy-compatible
砼	ts	ug	13	rime-fast-xhup	legacy-compatible
砾	li	ul	8	rime-fast-xhup	legacy-compatible
础	iu	ui	6	rime-fast-xhup	legacy-compatible
硁	kg	ug	0	rime-fast-xhup	legacy-compatible
硅	gv	ut	18	rime-fast-xhup	legacy-compatible
硇	nc	ux	1	rime-fast-xhup	legacy-compatible
硊	hv	uv	1	rime-fast-xhup	legacy-compatible
硌	ge	uk	7	rime-fast-xhup	legacy-compatible
硌	lo	uk	0	rime-fast-xhup	legacy-compatible
硍	yb	ug	1	rime-fast-xhup	legacy-compatible
硎	xk	ud	5	rime-fast-xhup	legacy-compatible
硐	ds	uk	5	rime-fast-xhup	legacy-compatible
硒	xi	ux	12	rime-fast-xhup	legacy-compatible
硔	hs	ub	0	rime-fast-xhup	legacy-compatible
硕	ui	ur	0	rime-fast-xhup	legacy-compatible
硕	uo	ur	17	rime-fast-xhup	legacy-compatible
硖	xx	uj	3	rime-fast-xhup	legacy-compatible
硗	qn	uw	2	rime-fast-xhup	legacy-compatible
硙	ai	uj	0	rime-fast-xhup	legacy-compatible
硙	ww	uj	0	rime-fast-xhup	legacy-compatible
硚	qn	ul	0	rime-fast-xhup	legacy-compatible
硝	xn	uo	11	rime-fast-xhup	legacy-compatible
硪	wo	uw	12	rime-fast-xhup	legacy-compatible
硫	lq	uv	15	rime-fast-xhup	legacy-compatible
硬	yk	ug	30	rime-fast-xhup	legacy-compatible
硭	mh	uw	1	rime-fast-xhup	legacy-compatible
确	qt	uy	21	rime-fast-xhup	legacy-compatible
硼	pg	uo	11	rime-fast-xhup	legacy-compatible
硿	ks	ug	1	rime-fast-xhup	legacy-compatible
碁	qi	qu	1	rime-fast-xhup	legacy-compatible
碃	qk	uo	1	rime-fast-xhup	legacy-compatible
碇	dk	ur	6	rime-fast-xhup	legacy-compatible
碈	mb	uo	0	rime-fast-xhup	legacy-compatible
碉	dn	uk	5	rime-fast-xhup	legacy-compatible
碌	lq	uu	6	rime-fast-xhup	legacy-compatible
碌	lu	uu	6	rime-fast-xhup	legacy-compatible
碍	ai	uc	13	rime-fast-xhup	legacy-compatible
碎	sv	uu	23	rime-fast-xhup	legacy-compatible
碏	qt	uo	0	rime-fast-xhup	legacy-compatible
碏	xi	uo	0	rime-fast-xhup	legacy-compatible
碑	bw	uu	17	rime-fast-xhup	legacy-compatible
碓	dv	uf	5	rime-fast-xhup	legacy-compatible
碗	wj	uv	24	rime-fast-xhup	legacy-compatible
碘	dm	ub	15	rime-fast-xhup	legacy-compatible
碚	bw	uk	3	rime-fast-xhup	legacy-compatible
碛	qi	ur	4	rime-fast-xhup	legacy-compatible
碜	if	up	3	rime-fast-xhup	legacy-compatible
碟	dp	um	24	rime-fast-xhup	legacy-compatible
碡	vz	um	2	rime-fast-xhup	legacy-compatible
碣	jp	uv	4	rime-fast-xhup	legacy-compatible
碣	ya	uv	0	rime-fast-xhup	legacy-compatible
碥	bm	uc	1	rime-fast-xhup	legacy-compatible
碧	bi	wu	22	rime-fast-xhup	legacy-compatible
碨	ww	un	1	rime-fast-xhup	legacy-compatible
碰	pg	uy	27	rime-fast-xhup	legacy-compatible
碱	jm	uk	17	rime-fast-xhup	legacy-compatible
碲	di	uj	3	rime-fast-xhup	legacy-compatible
碳	tj	uh	18	rime-fast-xhup	legacy-compatible
碴	ia	ua	8	rime-fast-xhup	legacy-compatible
碶	qi	ud	0	rime-fast-xhup	legacy-compatible
碹	xr	ua	2	rime-fast-xhup	legacy-compatible
碾	nm	un	12	rime-fast-xhup	legacy-compatible
磁	ci	uy	17	rime-fast-xhup	legacy-compatible
磅	bh	uf	17	rime-fast-xhup	legacy-compatible
磅	ph	uf	3	rime-fast-xhup	legacy-compatible
磉	sh	um	1	rime-fast-xhup	legacy-compatible
磊	lw	uu	20	rime-fast-xhup	legacy-compatible
磋	co	ug	6	rime-fast-xhup	legacy-compatible
磏	lm	un	1	rime-fast-xhup	legacy-compatible
磏	qm	un	0	rime-fast-xhup	legacy-compatible
磐	pj	vu	10	rime-fast-xhup	legacy-compatible
磔	ve	um	3	rime-fast-xhup	legacy-compatible
磕	ke	um	16	rime-fast-xhup	legacy-compatible
磙	gy	uy	1	rime-fast-xhup	legacy-compatible
磜	qi	ux	0	rime-fast-xhup	legacy-compatible
磡	kj	ul	5	rime-fast-xhup	legacy-compatible
磨	mo	gu	25	rime-fast-xhup	legacy-compatible
磬	qk	uu	10	rime-fast-xhup	legacy-compatible
磲	qu	um	1	rime-fast-xhup	legacy-compatible
磴	dg	ua	4	rime-fast-xhup	legacy-compatible
磷	lb	ul	17	rime-fast-xhup	legacy-compatible
磹	tj	uu	0	rime-fast-xhup	legacy-compatible
磺	hl	ub	8	rime-fast-xhup	legacy-compatible
磻	bo	ut	0	rime-fast-xhup	legacy-compatible
磻	pj	ut	2	rime-fast-xhup	legacy-compatible
礁	jn	uh	11	rime-fast-xhup	legacy-compatible
礅	dy	uw	3	rime-fast-xhup	legacy-compatible
礌	lw	ut	1	rime-fast-xhup	legacy-compatible
礓	jl	ua	2	rime-fast-xhup	legacy-compatible
礞	mg	un	3	rime-fast-xhup	legacy-compatible
礞	mg	uu	3	rime-fast-xhup	legacy-compatible
礴	bo	uc	3	rime-fast-xhup	legacy-compatible
礵	ul	uo	1	rime-fast-xhup	legacy-compatible
示	ui	ex	18	rime-fast-xhup	legacy-compatible
礼	li	pv	26	rime-fast-xhup	legacy-compatible
礽	rg	pn	1	rime-fast-xhup	legacy-compatible
社	ue	pt	27	rime-fast-xhup	legacy-compatible
祀	si	ps	11	rime-fast-xhup	legacy-compatible
祁	qi	pe	16	rime-fast-xhup	legacy-compatible
祂	ta	py	0	rime-fast-xhup	legacy-compatible
祃	ma	pm	0	rime-fast-xhup	legacy-compatible
祆	xm	pt	8	rime-fast-xhup	legacy-compatible
祇	qi	pu	0	rime-fast-xhup	legacy-compatible
祇	vi	pu	0	rime-fast-xhup	legacy-compatible
祈	qi	pj	14	rime-fast-xhup	legacy-compatible
祉	vi	pv	7	rime-fast-xhup	legacy-compatible
祊	bg	pf	1	rime-fast-xhup	legacy-compatible
祊	fh	pf	0	rime-fast-xhup	legacy-compatible
祋	dv	py	0	rime-fast-xhup	legacy-compatible
祎	yi	pw	0	rime-fast-xhup	legacy-compatible
祏	ui	pu	0	rime-fast-xhup	legacy-compatible
祐	yz	pk	8	rime-fast-xhup	legacy-compatible
祓	fu	pd	6	rime-fast-xhup	legacy-compatible
祕	bi	pb	0	rime-fast-xhup	legacy-compatible
祕	mi	pb	1	rime-fast-xhup	legacy-compatible
祖	zu	pq	24	rime-fast-xhup	legacy-compatible
祗	vi	pd	8	rime-fast-xhup	legacy-compatible
祚	zo	pv	9	rime-fast-xhup	legacy-compatible
祛	qu	ps	15	rime-fast-xhup	legacy-compatible
祜	hu	pk	7	rime-fast-xhup	legacy-compatible
祝	vu	pe	30	rime-fast-xhup	legacy-compatible
神	uf	pu	36	rime-fast-xhup	legacy-compatible
祟	sv	ix	6	rime-fast-xhup	legacy-compatible
祠	ci	pk	14	rime-fast-xhup	legacy-compatible
祢	mi	px	9	rime-fast-xhup	legacy-compatible
祥	xl	py	24	rime-fast-xhup	legacy-compatible
祧	tn	pd	2	rime-fast-xhup	legacy-compatible
票	pn	xx	35	rime-fast-xhup	legacy-compatible
祭	ji	px	19	rime-fast-xhup	legacy-compatible
祭	ji	rx	19	rime-fast-xhup	legacy-compatible
祭	vd	px	1	rime-fast-xhup	legacy-compatible
祯	vf	pr	12	rime-fast-xhup	legacy-compatible
祲	jb	py	1	rime-fast-xhup	legacy-compatible
祷	dc	pc	7	rime-fast-xhup	legacy-compatible
祸	ho	pn	19	rime-fast-xhup	legacy-compatible
祺	qi	pb	14	rime-fast-xhup	legacy-compatible
祼	gr	pg	6	rime-fast-xhup	legacy-compatible
祾	lk	pw	0	rime-fast-xhup	legacy-compatible
禀	bk	wx	9	rime-fast-xhup	legacy-compatible
禁	jb	mx	23	rime-fast-xhup	legacy-compatible
禄	lu	pu	17	rime-fast-xhup	legacy-compatible
禅	ij	pl	18	rime-fast-xhup	legacy-compatible
禅	uj	pl	2	rime-fast-xhup	legacy-compatible
禊	xi	pd	0	rime-fast-xhup	legacy-compatible
禋	yb	pt	2	rime-fast-xhup	legacy-compatible
福	fu	pt	29	rime-fast-xhup	legacy-compatible
禒	xm	pu	1	rime-fast-xhup	legacy-compatible
禔	ti	pr	0	rime-fast-xhup	legacy-compatible
禔	vi	pr	2	rime-fast-xhup	legacy-compatible
禘	di	pj	0	rime-fast-xhup	legacy-compatible
禚	vo	ph	2	rime-fast-xhup	legacy-compatible
禛	vf	pb	0	rime-fast-xhup	legacy-compatible
禤	xr	px	3	rime-fast-xhup	legacy-compatible
禧	xi	pk	11	rime-fast-xhup	legacy-compatible
禳	rh	py	4	rime-fast-xhup	legacy-compatible
禹	yu	pd	17	rime-fast-xhup	legacy-compatible
禺	ou	ld	0	rime-fast-xhup	legacy-compatible
禺	yu	ld	6	rime-fast-xhup	legacy-compatible
离	li	wd	36	rime-fast-xhup	legacy-compatible
禽	qb	rd	15	rime-fast-xhup	legacy-compatible
禾	he	pm	17	rime-fast-xhup	legacy-compatible
禾	he	qn	17	rime-fast-xhup	legacy-compatible
秀	xq	hn	31	rime-fast-xhup	legacy-compatible
私	si	hs	22	rime-fast-xhup	legacy-compatible
秃	tu	hj	13	rime-fast-xhup	legacy-compatible
秆	gj	hg	9	rime-fast-xhup	legacy-compatible
秉	bk	pn	15	rime-fast-xhup	legacy-compatible
秋	qq	hh	29	rime-fast-xhup	legacy-compatible
种	is	hv	2	rime-fast-xhup	legacy-compatible
种	vs	hv	38	rime-fast-xhup	legacy-compatible
科	ke	hu	32	rime-fast-xhup	legacy-compatible
秒	mn	hu	31	rime-fast-xhup	legacy-compatible
秕	bi	hb	3	rime-fast-xhup	legacy-compatible
秘	bi	hb	1	rime-fast-xhup	legacy-compatible
秘	mi	hb	18	rime-fast-xhup	legacy-compatible
租	zu	hq	30	rime-fast-xhup	legacy-compatible
秣	mo	hm	3	rime-fast-xhup	legacy-compatible
秤	ig	hp	14	rime-fast-xhup	legacy-compatible
秦	qb	fh	29	rime-fast-xhup	legacy-compatible
秧	yh	hy	11	rime-fast-xhup	legacy-compatible
秩	vi	hu	9	rime-fast-xhup	legacy-compatible
秫	uu	hu	0	rime-fast-xhup	legacy-compatible
秬	ju	hj	2	rime-fast-xhup	legacy-compatible
秭	zi	hp	2	rime-fast-xhup	legacy-compatible
积	ji	hb	22	rime-fast-xhup	legacy-compatible
称	if	hx	15	rime-fast-xhup	legacy-compatible
称	ig	hx	39	rime-fast-xhup	legacy-compatible
秸	jp	hk	5	rime-fast-xhup	legacy-compatible
移	yi	hx	21	rime-fast-xhup	legacy-compatible
秽	hv	hx	10	rime-fast-xhup	legacy-compatible
秾	ns	hn	0	rime-fast-xhup	legacy-compatible
稀	xi	hj	19	rime-fast-xhup	legacy-compatible
稂	lh	hl	1	rime-fast-xhup	legacy-compatible
稃	fu	hz	2	rime-fast-xhup	legacy-compatible
稆	lv	hk	1	rime-fast-xhup	legacy-compatible
程	ig	hw	28	rime-fast-xhup	legacy-compatible
稌	tu	hh	1	rime-fast-xhup	legacy-compatible
稌	uu	hh	0	rime-fast-xhup	legacy-compatible
稍	uc	ho	25	rime-fast-xhup	legacy-compatible
税	uv	he	27	rime-fast-xhup	legacy-compatible
稑	lu	ht	2	rime-fast-xhup	legacy-compatible
稔	rf	hx	6	rime-fast-xhup	legacy-compatible
稗	bd	hu	6	rime-fast-xhup	legacy-compatible
稙	vi	hq	1	rime-fast-xhup	legacy-compatible
稚	vi	hf	11	rime-fast-xhup	legacy-compatible
稞	ke	hg	2	rime-fast-xhup	legacy-compatible
稠	iz	hk	14	rime-fast-xhup	legacy-compatible
稣	su	ah	4	rime-fast-xhup	legacy-compatible
稣	su	yh	4	rime-fast-xhup	legacy-compatible
稳	wf	hx	27	rime-fast-xhup	legacy-compatible
稷	ji	hw	7	rime-fast-xhup	legacy-compatible
稹	vf	hb	3	rime-fast-xhup	legacy-compatible
稻	dc	hj	16	rime-fast-xhup	legacy-compatible
稼	jx	hu	10	rime-fast-xhup	legacy-compatible
稽	ji	ho	8	rime-fast-xhup	legacy-compatible
稽	qi	ho	1	rime-fast-xhup	legacy-compatible
稿	gc	hk	24	rime-fast-xhup	legacy-compatible
穄	ji	hx	0	rime-fast-xhup	legacy-compatible
穆	mu	hp	21	rime-fast-xhup	legacy-compatible
穑	se	hk	3	rime-fast-xhup	legacy-compatible
穗	sv	hx	19	rime-fast-xhup	legacy-compatible
穙	pu	hn	0	rime-fast-xhup	legacy-compatible
穜	ts	hl	0	rime-fast-xhup	legacy-compatible
穜	vs	hl	1	rime-fast-xhup	legacy-compatible
穟	sv	hz	0	rime-fast-xhup	legacy-compatible
穰	rh	hy	4	rime-fast-xhup	legacy-compatible
穴	xt	bb	21	rime-fast-xhup	legacy-compatible
究	jq	bj	14	rime-fast-xhup	legacy-compatible
穷	qs	bl	30	rime-fast-xhup	legacy-compatible
穸	xi	bx	0	rime-fast-xhup	legacy-compatible
穹	qs	bg	8	rime-fast-xhup	legacy-compatible
空	ks	bg	37	rime-fast-xhup	legacy-compatible
穿	ir	by	39	rime-fast-xhup	legacy-compatible
窀	vy	bt	1	rime-fast-xhup	legacy-compatible
突	tu	bq	19	rime-fast-xhup	legacy-compatible
窃	qp	bd	13	rime-fast-xhup	legacy-compatible
窄	vd	bv	20	rime-fast-xhup	legacy-compatible
窅	yc	bo	2	rime-fast-xhup	legacy-compatible
窈	yc	bl	4	rime-fast-xhup	legacy-compatible
窊	wa	bg	1	rime-fast-xhup	legacy-compatible
窍	qn	bv	15	rime-fast-xhup	legacy-compatible
窎	dn	bn	0	rime-fast-xhup	legacy-compatible
窑	yc	bf	17	rime-fast-xhup	legacy-compatible
窒	vi	bt	7	rime-fast-xhup	legacy-compatible
窕	tn	bd	3	rime-fast-xhup	legacy-compatible
窕	yc	bd	0	rime-fast-xhup	legacy-compatible
窖	jn	bk	11	rime-fast-xhup	legacy-compatible
窗	il	bw	24	rime-fast-xhup	legacy-compatible
窘	js	bk	11	rime-fast-xhup	legacy-compatible
窜	cr	bi	18	rime-fast-xhup	legacy-compatible
窝	wo	bn	26	rime-fast-xhup	legacy-compatible
窟	ku	bi	12	rime-fast-xhup	legacy-compatible
窠	ke	bg	5	rime-fast-xhup	legacy-compatible
窣	su	bu	5	rime-fast-xhup	legacy-compatible
窥	kv	be	14	rime-fast-xhup	legacy-compatible
窦	dz	bd	17	rime-fast-xhup	legacy-compatible
窨	xy	bo	3	rime-fast-xhup	legacy-compatible
窨	yb	bo	3	rime-fast-xhup	legacy-compatible
窬	yu	bd	0	rime-fast-xhup	legacy-compatible
窭	ju	bn	2	rime-fast-xhup	legacy-compatible
窳	yu	bg	2	rime-fast-xhup	legacy-compatible
窸	xi	bx	6	rime-fast-xhup	legacy-compatible
窿	ls	bu	6	rime-fast-xhup	legacy-compatible
立	li	wa	31	rime-fast-xhup	legacy-compatible
竑	hs	ls	3	rime-fast-xhup	legacy-compatible
竖	uu	ll	17	rime-fast-xhup	legacy-compatible
竘	kz	lk	0	rime-fast-xhup	legacy-compatible
竘	qu	lk	1	rime-fast-xhup	legacy-compatible
站	vj	lk	39	rime-fast-xhup	legacy-compatible
竞	jk	le	18	rime-fast-xhup	legacy-compatible
竞	jk	we	18	rime-fast-xhup	legacy-compatible
竟	jk	le	30	rime-fast-xhup	legacy-compatible
章	vh	lu	32	rime-fast-xhup	legacy-compatible
竣	jy	lw	8	rime-fast-xhup	legacy-compatible
童	ts	ll	23	rime-fast-xhup	legacy-compatible
竦	ss	lu	5	rime-fast-xhup	legacy-compatible
竫	jk	ll	0	rime-fast-xhup	legacy-compatible
竭	jp	lv	11	rime-fast-xhup	legacy-compatible
端	dr	le	29	rime-fast-xhup	legacy-compatible
竹	vu	pl	26	rime-fast-xhup	legacy-compatible
竹	vu	rl	26	rime-fast-xhup	legacy-compatible
竺	du	ve	0	rime-fast-xhup	legacy-compatible
竺	vu	ve	10	rime-fast-xhup	legacy-compatible
竽	yu	vy	4	rime-fast-xhup	legacy-compatible
竿	gj	vg	13	rime-fast-xhup	legacy-compatible
笃	du	vm	12	rime-fast-xhup	legacy-compatible
笄	ji	vc	4	rime-fast-xhup	legacy-compatible
笄	ji	vk	4	rime-fast-xhup	legacy-compatible
笆	ba	vb	5	rime-fast-xhup	legacy-compatible
笈	ji	vj	5	rime-fast-xhup	legacy-compatible
笊	vc	vv	1	rime-fast-xhup	legacy-compatible
笋	sy	vy	14	rime-fast-xhup	legacy-compatible
笏	hu	vw	5	rime-fast-xhup	legacy-compatible
笑	xn	vy	39	rime-fast-xhup	legacy-compatible
笔	bi	vm	28	rime-fast-xhup	legacy-compatible
笕	jm	ve	3	rime-fast-xhup	legacy-compatible
笙	ug	vu	13	rime-fast-xhup	legacy-compatible
笛	di	vy	16	rime-fast-xhup	legacy-compatible
笞	ii	vk	4	rime-fast-xhup	legacy-compatible
笠	li	vl	10	rime-fast-xhup	legacy-compatible
笤	tn	vk	1	rime-fast-xhup	legacy-compatible
笥	si	vk	4	rime-fast-xhup	legacy-compatible
符	fu	vc	22	rime-fast-xhup	legacy-compatible
笨	bf	vb	32	rime-fast-xhup	legacy-compatible
笪	da	va	4	rime-fast-xhup	legacy-compatible
笫	zi	vp	4	rime-fast-xhup	legacy-compatible
第	di	vp	44	rime-fast-xhup	legacy-compatible
笮	ze	vv	2	rime-fast-xhup	legacy-compatible
笮	zo	vv	2	rime-fast-xhup	legacy-compatible
笯	nu	vy	1	rime-fast-xhup	legacy-compatible
笱	gz	vk	2	rime-fast-xhup	legacy-compatible
笳	jx	vk	4	rime-fast-xhup	legacy-compatible
笸	po	vk	1	rime-fast-xhup	legacy-compatible
笺	jm	vj	11	rime-fast-xhup	legacy-compatible
笼	ls	vl	18	rime-fast-xhup	legacy-compatible
笾	bm	vz	0	rime-fast-xhup	legacy-compatible
筀	gv	vt	0	rime-fast-xhup	legacy-compatible
筅	xm	ve	0	rime-fast-xhup	legacy-compatible
筇	qs	ve	2	rime-fast-xhup	legacy-compatible
等	dg	vc	62	rime-fast-xhup	legacy-compatible
筋	jb	vl	18	rime-fast-xhup	legacy-compatible
筌	qr	vw	5	rime-fast-xhup	legacy-compatible
筏	fa	vg	8	rime-fast-xhup	legacy-compatible
筐	kl	vw	13	rime-fast-xhup	legacy-compatible
筑	vu	vf	18	rime-fast-xhup	legacy-compatible
筒	ts	vk	19	rime-fast-xhup	legacy-compatible
答	da	vk	28	rime-fast-xhup	legacy-compatible
策	ce	vn	20	rime-fast-xhup	legacy-compatible
筘	kz	vk	3	rime-fast-xhup	legacy-compatible
筚	bi	vu	2	rime-fast-xhup	legacy-compatible
筛	ud	vj	14	rime-fast-xhup	legacy-compatible
筜	dh	ve	0	rime-fast-xhup	legacy-compatible
筝	vg	vl	12	rime-fast-xhup	legacy-compatible
筠	jy	vd	11	rime-fast-xhup	legacy-compatible
筠	yy	vd	8	rime-fast-xhup	legacy-compatible
筢	pa	vb	2	rime-fast-xhup	legacy-compatible
筤	lh	vl	0	rime-fast-xhup	legacy-compatible
筥	ju	vk	1	rime-fast-xhup	legacy-compatible
筦	gr	ve	0	rime-fast-xhup	legacy-compatible
筮	ui	vr	4	rime-fast-xhup	legacy-compatible
筱	xn	vw	16	rime-fast-xhup	legacy-compatible
筲	uc	vo	0	rime-fast-xhup	legacy-compatible
筵	yj	vz	9	rime-fast-xhup	legacy-compatible
筶	gc	vk	0	rime-fast-xhup	legacy-compatible
筷	kk	vg	10	rime-fast-xhup	legacy-compatible
筹	iz	vc	18	rime-fast-xhup	legacy-compatible
筻	gh	vg	1	rime-fast-xhup	legacy-compatible
筼	yy	vr	0	rime-fast-xhup	legacy-compatible
签	qm	va	31	rime-fast-xhup	legacy-compatible
简	jm	vo	22	rime-fast-xhup	legacy-compatible
箅	bi	vl	2	rime-fast-xhup	legacy-compatible
箍	gu	vj	12	rime-fast-xhup	legacy-compatible
箐	jk	vo	0	rime-fast-xhup	legacy-compatible
箐	qk	vo	9	rime-fast-xhup	legacy-compatible
箓	lu	vu	0	rime-fast-xhup	legacy-compatible
箔	bo	vb	7	rime-fast-xhup	legacy-compatible
箕	ji	vb	9	rime-fast-xhup	legacy-compatible
箖	lb	vm	2	rime-fast-xhup	legacy-compatible
算	sr	vc	45	rime-fast-xhup	legacy-compatible
箜	ks	vg	3	rime-fast-xhup	legacy-compatible
管	gr	vk	40	rime-fast-xhup	legacy-compatible
箢	wj	vv	0	rime-fast-xhup	legacy-compatible
箢	yr	vv	2	rime-fast-xhup	legacy-compatible
箦	ze	vr	2	rime-fast-xhup	legacy-compatible
箧	qp	vj	4	rime-fast-xhup	legacy-compatible
箨	to	vl	4	rime-fast-xhup	legacy-compatible
箩	lo	vx	9	rime-fast-xhup	legacy-compatible
箪	dj	vl	0	rime-fast-xhup	legacy-compatible
箫	xn	vs	14	rime-fast-xhup	legacy-compatible
箬	ro	vk	6	rime-fast-xhup	legacy-compatible
箭	jm	vd	22	rime-fast-xhup	legacy-compatible
箱	xl	vo	28	rime-fast-xhup	legacy-compatible
箴	vf	vk	7	rime-fast-xhup	legacy-compatible
箸	vu	vo	7	rime-fast-xhup	legacy-compatible
篁	hl	vw	8	rime-fast-xhup	legacy-compatible
篆	vr	vu	9	rime-fast-xhup	legacy-compatible
篇	pm	vc	33	rime-fast-xhup	legacy-compatible
篌	hz	vu	4	rime-fast-xhup	legacy-compatible
篑	kv	vr	3	rime-fast-xhup	legacy-compatible
篓	lz	vn	9	rime-fast-xhup	legacy-compatible
篙	gc	vk	6	rime-fast-xhup	legacy-compatible
篚	fw	vf	3	rime-fast-xhup	legacy-compatible
篝	gz	vr	3	rime-fast-xhup	legacy-compatible
篡	cr	vs	8	rime-fast-xhup	legacy-compatible
篥	li	vm	1	rime-fast-xhup	legacy-compatible
篦	bi	vb	5	rime-fast-xhup	legacy-compatible
篪	ii	vj	4	rime-fast-xhup	legacy-compatible
篮	lj	vm	17	rime-fast-xhup	legacy-compatible
篯	jm	vj	0	rime-fast-xhup	legacy-compatible
篱	li	vd	9	rime-fast-xhup	legacy-compatible
篷	pg	vz	9	rime-fast-xhup	legacy-compatible
篼	dz	ve	2	rime-fast-xhup	legacy-compatible
篾	mp	vu	5	rime-fast-xhup	legacy-compatible
簃	yi	vx	1	rime-fast-xhup	legacy-compatible
簇	cu	vu	14	rime-fast-xhup	legacy-compatible
簉	zc	vz	1	rime-fast-xhup	legacy-compatible
簋	gv	vm	5	rime-fast-xhup	legacy-compatible
簌	su	vr	3	rime-fast-xhup	legacy-compatible
簏	lu	vb	0	rime-fast-xhup	legacy-compatible
簕	le	vl	0	rime-fast-xhup	legacy-compatible
簖	dr	vj	1	rime-fast-xhup	legacy-compatible
簝	ln	vx	0	rime-fast-xhup	legacy-compatible
簟	dm	vu	5	rime-fast-xhup	legacy-compatible
簠	fu	vm	2	rime-fast-xhup	legacy-compatible
簧	hl	vb	9	rime-fast-xhup	legacy-compatible
簪	zj	vo	11	rime-fast-xhup	legacy-compatible
簰	pd	vu	0	rime-fast-xhup	legacy-compatible
簸	bo	vy	4	rime-fast-xhup	legacy-compatible
簿	bo	vc	0	rime-fast-xhup	legacy-compatible
簿	bu	vc	14	rime-fast-xhup	legacy-compatible
籀	vz	vt	2	rime-fast-xhup	legacy-compatible
籁	ld	vr	6	rime-fast-xhup	legacy-compatible
籍	ji	vo	22	rime-fast-xhup	legacy-compatible
籥	yt	vc	2	rime-fast-xhup	legacy-compatible
米	mi	dm	40	rime-fast-xhup	legacy-compatible
籴	di	rm	3	rime-fast-xhup	legacy-compatible
类	lw	md	42	rime-fast-xhup	legacy-compatible
籼	xm	me	5	rime-fast-xhup	legacy-compatible
籽	zi	mz	15	rime-fast-xhup	legacy-compatible
粉	ff	md	30	rime-fast-xhup	legacy-compatible
粑	ba	mb	7	rime-fast-xhup	legacy-compatible
粒	li	ml	22	rime-fast-xhup	legacy-compatible
粕	po	mb	7	rime-fast-xhup	legacy-compatible
粗	cu	mq	25	rime-fast-xhup	legacy-compatible
粘	nm	mk	19	rime-fast-xhup	legacy-compatible
粘	vj	mk	17	rime-fast-xhup	legacy-compatible
粜	tn	em	3	rime-fast-xhup	legacy-compatible
粜	tn	im	3	rime-fast-xhup	legacy-compatible
粝	li	mw	2	rime-fast-xhup	legacy-compatible
粞	xi	mx	0	rime-fast-xhup	legacy-compatible
粟	su	xm	14	rime-fast-xhup	legacy-compatible
粢	zi	dm	0	rime-fast-xhup	legacy-compatible
粤	yt	pv	20	rime-fast-xhup	legacy-compatible
粥	vz	gg	23	rime-fast-xhup	legacy-compatible
粥	vz	gm	23	rime-fast-xhup	legacy-compatible
粥	yu	gg	0	rime-fast-xhup	legacy-compatible
粥	yu	gm	0	rime-fast-xhup	legacy-compatible
粦	lb	ml	0	rime-fast-xhup	legacy-compatible
粪	ff	mb	19	rime-fast-xhup	legacy-compatible
粮	ll	ml	20	rime-fast-xhup	legacy-compatible
粱	ll	dm	10	rime-fast-xhup	legacy-compatible
粲	cj	dm	7	rime-fast-xhup	legacy-compatible
粲	cj	lm	7	rime-fast-xhup	legacy-compatible
粳	jk	mg	6	rime-fast-xhup	legacy-compatible
粹	cv	mu	11	rime-fast-xhup	legacy-compatible
粼	lb	mv	4	rime-fast-xhup	legacy-compatible
粽	zs	mx	13	rime-fast-xhup	legacy-compatible
精	jk	mo	29	rime-fast-xhup	legacy-compatible
粿	go	mg	4	rime-fast-xhup	legacy-compatible
糁	sj	mp	2	rime-fast-xhup	legacy-compatible
糁	uf	mp	3	rime-fast-xhup	legacy-compatible
糅	rz	mm	4	rime-fast-xhup	legacy-compatible
糇	hz	mu	1	rime-fast-xhup	legacy-compatible
糈	xu	mo	1	rime-fast-xhup	legacy-compatible
糊	hu	mo	19	rime-fast-xhup	legacy-compatible
糌	zj	mo	1	rime-fast-xhup	legacy-compatible
糍	ci	my	5	rime-fast-xhup	legacy-compatible
糒	bw	my	1	rime-fast-xhup	legacy-compatible
糕	gc	mh	15	rime-fast-xhup	legacy-compatible
糖	th	mk	27	rime-fast-xhup	legacy-compatible
糗	qq	mq	10	rime-fast-xhup	legacy-compatible
糙	cc	mz	13	rime-fast-xhup	legacy-compatible
糜	mi	gm	10	rime-fast-xhup	legacy-compatible
糜	mw	gm	2	rime-fast-xhup	legacy-compatible
糟	zc	mo	18	rime-fast-xhup	legacy-compatible
糠	kh	mn	11	rime-fast-xhup	legacy-compatible
糨	jl	mi	1	rime-fast-xhup	legacy-compatible
糯	no	me	11	rime-fast-xhup	legacy-compatible
糵	np	cm	0	rime-fast-xhup	legacy-compatible
系	ji	px	8	rime-fast-xhup	legacy-compatible
系	xi	px	43	rime-fast-xhup	legacy-compatible
紊	wf	wx	5	rime-fast-xhup	legacy-compatible
素	su	fx	31	rime-fast-xhup	legacy-compatible
索	so	ux	26	rime-fast-xhup	legacy-compatible
紧	jb	lx	31	rime-fast-xhup	legacy-compatible
紫	zi	vx	28	rime-fast-xhup	legacy-compatible
累	lw	tx	39	rime-fast-xhup	legacy-compatible
絜	jp	fx	1	rime-fast-xhup	legacy-compatible
絜	xp	fx	2	rime-fast-xhup	legacy-compatible
絮	xu	nx	12	rime-fast-xhup	legacy-compatible
絷	vi	fx	3	rime-fast-xhup	legacy-compatible
綦	qi	qx	5	rime-fast-xhup	legacy-compatible
綮	qi	hx	0	rime-fast-xhup	legacy-compatible
綮	qk	hx	2	rime-fast-xhup	legacy-compatible
縠	hu	uy	0	rime-fast-xhup	legacy-compatible
縢	tg	ox	1	rime-fast-xhup	legacy-compatible
縻	mi	gx	2	rime-fast-xhup	legacy-compatible
繁	fj	px	19	rime-fast-xhup	legacy-compatible
繁	fj	rx	19	rime-fast-xhup	legacy-compatible
繁	po	px	1	rime-fast-xhup	legacy-compatible
繁	po	rx	1	rime-fast-xhup	legacy-compatible
繄	yi	kx	0	rime-fast-xhup	legacy-compatible
繇	vz	px	2	rime-fast-xhup	legacy-compatible
繇	vz	vx	2	rime-fast-xhup	legacy-compatible
繇	yc	px	4	rime-fast-xhup	legacy-compatible
繇	yc	vx	4	rime-fast-xhup	legacy-compatible
繇	yz	px	2	rime-fast-xhup	legacy-compatible
繇	yz	vx	2	rime-fast-xhup	legacy-compatible
纂	zr	vx	9	rime-fast-xhup	legacy-compatible
纛	dc	fx	5	rime-fast-xhup	legacy-compatible
纠	jq	sl	13	rime-fast-xhup	legacy-compatible
纡	yu	sy	0	rime-fast-xhup	legacy-compatible
红	gs	sg	1	rime-fast-xhup	legacy-compatible
红	hs	sg	38	rime-fast-xhup	legacy-compatible
纣	vz	sc	7	rime-fast-xhup	legacy-compatible
纤	qm	sq	14	rime-fast-xhup	legacy-compatible
纤	xm	sq	13	rime-fast-xhup	legacy-compatible
纥	ge	sq	3	rime-fast-xhup	legacy-compatible
纥	ge	sy	3	rime-fast-xhup	legacy-compatible
纥	he	sq	3	rime-fast-xhup	legacy-compatible
纥	he	sy	3	rime-fast-xhup	legacy-compatible
约	yc	su	1	rime-fast-xhup	legacy-compatible
约	yt	su	37	rime-fast-xhup	legacy-compatible
级	ji	sj	41	rime-fast-xhup	legacy-compatible
纨	wj	sw	6	rime-fast-xhup	legacy-compatible
纩	kl	sg	1	rime-fast-xhup	legacy-compatible
纪	ji	sj	23	rime-fast-xhup	legacy-compatible
纫	rf	sr	4	rime-fast-xhup	legacy-compatible
纬	ww	sw	14	rime-fast-xhup	legacy-compatible
纭	yy	ss	3	rime-fast-xhup	legacy-compatible
纮	hs	ss	0	rime-fast-xhup	legacy-compatible
纯	iy	st	30	rime-fast-xhup	legacy-compatible
纰	bi	sb	0	rime-fast-xhup	legacy-compatible
纰	pi	sb	2	rime-fast-xhup	legacy-compatible
纱	ua	su	18	rime-fast-xhup	legacy-compatible
纲	gh	sx	15	rime-fast-xhup	legacy-compatible
纳	na	sn	25	rime-fast-xhup	legacy-compatible
纴	rf	sr	0	rime-fast-xhup	legacy-compatible
纵	zs	sr	20	rime-fast-xhup	legacy-compatible
纶	gr	sb	3	rime-fast-xhup	legacy-compatible
纶	ly	sb	13	rime-fast-xhup	legacy-compatible
纷	ff	sd	13	rime-fast-xhup	legacy-compatible
纸	vi	su	29	rime-fast-xhup	legacy-compatible
纹	wf	sw	21	rime-fast-xhup	legacy-compatible
纺	fh	sf	13	rime-fast-xhup	legacy-compatible
纻	vu	sa	0	rime-fast-xhup	legacy-compatible
纼	vf	sl	0	rime-fast-xhup	legacy-compatible
纽	nq	si	15	rime-fast-xhup	legacy-compatible
纾	uu	sl	6	rime-fast-xhup	legacy-compatible
线	xm	sj	40	rime-fast-xhup	legacy-compatible
绀	gj	sg	7	rime-fast-xhup	legacy-compatible
绁	xp	su	4	rime-fast-xhup	legacy-compatible
绂	fu	sd	4	rime-fast-xhup	legacy-compatible
练	lm	sd	35	rime-fast-xhup	legacy-compatible
组	zu	sq	43	rime-fast-xhup	legacy-compatible
绅	uf	su	8	rime-fast-xhup	legacy-compatible
细	xi	st	28	rime-fast-xhup	legacy-compatible
织	vi	sb	17	rime-fast-xhup	legacy-compatible
终	vs	sd	25	rime-fast-xhup	legacy-compatible
绉	vz	se	8	rime-fast-xhup	legacy-compatible
绊	bj	sb	15	rime-fast-xhup	legacy-compatible
绋	fu	sf	4	rime-fast-xhup	legacy-compatible
绌	iu	si	4	rime-fast-xhup	legacy-compatible
绍	uc	sk	19	rime-fast-xhup	legacy-compatible
绎	yi	sl	7	rime-fast-xhup	legacy-compatible
经	jk	sg	39	rime-fast-xhup	legacy-compatible
绐	dd	sk	4	rime-fast-xhup	legacy-compatible
绑	bh	se	21	rime-fast-xhup	legacy-compatible
绒	rs	su	15	rime-fast-xhup	legacy-compatible
结	jp	sk	29	rime-fast-xhup	legacy-compatible
绔	ku	sk	4	rime-fast-xhup	legacy-compatible
绕	rc	sw	24	rime-fast-xhup	legacy-compatible
绖	dp	st	0	rime-fast-xhup	legacy-compatible
绗	hh	si	4	rime-fast-xhup	legacy-compatible
绘	hv	ss	16	rime-fast-xhup	legacy-compatible
给	gw	sk	63	rime-fast-xhup	legacy-compatible
给	ji	sk	4	rime-fast-xhup	legacy-compatible
绚	xr	so	9	rime-fast-xhup	legacy-compatible
绛	jl	sl	11	rime-fast-xhup	legacy-compatible
络	lc	sk	1	rime-fast-xhup	legacy-compatible
络	lo	sk	16	rime-fast-xhup	legacy-compatible
绝	jt	sb	26	rime-fast-xhup	legacy-compatible
绞	jn	sx	14	rime-fast-xhup	legacy-compatible
统	ts	se	19	rime-fast-xhup	legacy-compatible
绠	gg	sg	5	rime-fast-xhup	legacy-compatible
绡	xn	so	8	rime-fast-xhup	legacy-compatible
绢	jr	so	14	rime-fast-xhup	legacy-compatible
绣	xq	sn	20	rime-fast-xhup	legacy-compatible
绤	xi	sk	0	rime-fast-xhup	legacy-compatible
绥	sv	sn	10	rime-fast-xhup	legacy-compatible
绦	tc	sm	7	rime-fast-xhup	legacy-compatible
继	ji	sm	27	rime-fast-xhup	legacy-compatible
继	ji	sv	27	rime-fast-xhup	legacy-compatible
绨	ti	sp	3	rime-fast-xhup	legacy-compatible
绩	ji	sb	11	rime-fast-xhup	legacy-compatible
绩	ji	sr	11	rime-fast-xhup	legacy-compatible
绪	xu	so	15	rime-fast-xhup	legacy-compatible
绫	lk	sw	11	rime-fast-xhup	legacy-compatible
续	xu	sd	22	rime-fast-xhup	legacy-compatible
绮	qi	sk	16	rime-fast-xhup	legacy-compatible
绯	fw	sf	13	rime-fast-xhup	legacy-compatible
绰	ic	su	11	rime-fast-xhup	legacy-compatible
绰	io	su	11	rime-fast-xhup	legacy-compatible
绱	uh	sk	4	rime-fast-xhup	legacy-compatible
绲	gy	sb	2	rime-fast-xhup	legacy-compatible
绳	ug	sd	18	rime-fast-xhup	legacy-compatible
维	ww	sf	26	rime-fast-xhup	legacy-compatible
绵	mm	sj	16	rime-fast-xhup	legacy-compatible
绶	uz	sy	7	rime-fast-xhup	legacy-compatible
绷	bg	so	11	rime-fast-xhup	legacy-compatible
绸	iz	sk	11	rime-fast-xhup	legacy-compatible
绹	tc	sf	0	rime-fast-xhup	legacy-compatible
绺	lq	sk	5	rime-fast-xhup	legacy-compatible
绻	qr	sv	5	rime-fast-xhup	legacy-compatible
综	zg	sx	10	rime-fast-xhup	legacy-compatible
综	zs	sx	10	rime-fast-xhup	legacy-compatible
绽	vj	sr	9	rime-fast-xhup	legacy-compatible
绾	wj	sk	11	rime-fast-xhup	legacy-compatible
绿	lu	su	6	rime-fast-xhup	legacy-compatible
绿	lv	su	31	rime-fast-xhup	legacy-compatible
缀	vv	sy	13	rime-fast-xhup	legacy-compatible
缁	zi	st	9	rime-fast-xhup	legacy-compatible
缂	ke	sg	5	rime-fast-xhup	legacy-compatible
缃	xl	so	7	rime-fast-xhup	legacy-compatible
缄	jm	sk	6	rime-fast-xhup	legacy-compatible
缅	mm	sm	12	rime-fast-xhup	legacy-compatible
缆	lj	se	11	rime-fast-xhup	legacy-compatible
缇	ti	sr	11	rime-fast-xhup	legacy-compatible
缈	mn	su	6	rime-fast-xhup	legacy-compatible
缉	ji	se	7	rime-fast-xhup	legacy-compatible
缉	qi	se	1	rime-fast-xhup	legacy-compatible
缊	wf	sm	0	rime-fast-xhup	legacy-compatible
缊	yy	sm	0	rime-fast-xhup	legacy-compatible
缌	si	sx	2	rime-fast-xhup	legacy-compatible
缎	dr	sy	10	rime-fast-xhup	legacy-compatible
缐	xm	su	0	rime-fast-xhup	legacy-compatible
缑	gz	su	3	rime-fast-xhup	legacy-compatible
缒	vv	sz	2	rime-fast-xhup	legacy-compatible
缓	hr	sy	20	rime-fast-xhup	legacy-compatible
缔	di	sj	8	rime-fast-xhup	legacy-compatible
缕	lv	sn	13	rime-fast-xhup	legacy-compatible
编	bm	sc	27	rime-fast-xhup	legacy-compatible
缗	mb	so	4	rime-fast-xhup	legacy-compatible
缘	yr	su	25	rime-fast-xhup	legacy-compatible
缙	jb	so	7	rime-fast-xhup	legacy-compatible
缚	fu	sc	11	rime-fast-xhup	legacy-compatible
缛	ru	sc	3	rime-fast-xhup	legacy-compatible
缜	vf	sb	5	rime-fast-xhup	legacy-compatible
缝	fg	sz	21	rime-fast-xhup	legacy-compatible
缞	cv	sy	0	rime-fast-xhup	legacy-compatible
缞	sv	sy	0	rime-fast-xhup	legacy-compatible
缞	uk	sy	0	rime-fast-xhup	legacy-compatible
缟	gc	sk	4	rime-fast-xhup	legacy-compatible
缠	ij	sl	19	rime-fast-xhup	legacy-compatible
缡	li	sd	3	rime-fast-xhup	legacy-compatible
缢	yi	sm	5	rime-fast-xhup	legacy-compatible
缣	jm	sn	3	rime-fast-xhup	legacy-compatible
缤	bb	sb	5	rime-fast-xhup	legacy-compatible
缥	pn	sx	5	rime-fast-xhup	legacy-compatible
缦	mj	sy	5	rime-fast-xhup	legacy-compatible
缧	lw	sx	2	rime-fast-xhup	legacy-compatible
缨	yk	sn	10	rime-fast-xhup	legacy-compatible
缩	so	sb	20	rime-fast-xhup	legacy-compatible
缩	su	sb	2	rime-fast-xhup	legacy-compatible
缪	ln	sp	0	rime-fast-xhup	legacy-compatible
缪	mn	sp	10	rime-fast-xhup	legacy-compatible
缪	mq	sp	13	rime-fast-xhup	legacy-compatible
缪	mu	sp	0	rime-fast-xhup	legacy-compatible
缪	mz	sp	1	rime-fast-xhup	legacy-compatible
缫	sc	sg	2	rime-fast-xhup	legacy-compatible
缬	xp	sr	4	rime-fast-xhup	legacy-compatible
缭	ln	sx	5	rime-fast-xhup	legacy-compatible
缮	uj	sk	8	rime-fast-xhup	legacy-compatible
缯	zg	so	4	rime-fast-xhup	legacy-compatible
缰	jl	sa	6	rime-fast-xhup	legacy-compatible
缱	qm	sz	3	rime-fast-xhup	legacy-compatible
缲	qn	sm	1	rime-fast-xhup	legacy-compatible
缲	sc	sm	1	rime-fast-xhup	legacy-compatible
缳	hr	sy	3	rime-fast-xhup	legacy-compatible
缴	jn	sw	18	rime-fast-xhup	legacy-compatible
缴	vo	sw	1	rime-fast-xhup	legacy-compatible
缵	zr	sr	3	rime-fast-xhup	legacy-compatible
缶	fz	rk	6	rime-fast-xhup	legacy-compatible
缶	fz	wk	6	rime-fast-xhup	legacy-compatible
缸	gh	fg	18	rime-fast-xhup	legacy-compatible
缺	qt	fg	30	rime-fast-xhup	legacy-compatible
罂	yk	bf	4	rime-fast-xhup	legacy-compatible
罂	yk	kf	4	rime-fast-xhup	legacy-compatible
罄	qk	uf	5	rime-fast-xhup	legacy-compatible
罅	xx	fh	3	rime-fast-xhup	legacy-compatible
罍	lw	tf	2	rime-fast-xhup	legacy-compatible
罐	gr	ff	20	rime-fast-xhup	legacy-compatible
网	wh	kx	42	rime-fast-xhup	legacy-compatible
罔	wh	kw	9	rime-fast-xhup	legacy-compatible
罕	hj	bg	13	rime-fast-xhup	legacy-compatible
罗	lo	sx	34	rime-fast-xhup	legacy-compatible
罘	fu	sb	4	rime-fast-xhup	legacy-compatible
罚	fa	sd	22	rime-fast-xhup	legacy-compatible
罟	gu	sk	2	rime-fast-xhup	legacy-compatible
罡	gh	sv	10	rime-fast-xhup	legacy-compatible
罢	ba	ss	22	rime-fast-xhup	legacy-compatible
罢	pi	ss	0	rime-fast-xhup	legacy-compatible
罨	yj	sd	2	rime-fast-xhup	legacy-compatible
罩	vc	su	19	rime-fast-xhup	legacy-compatible
罪	zv	sf	27	rime-fast-xhup	legacy-compatible
置	vi	sq	24	rime-fast-xhup	legacy-compatible
罱	lj	sg	1	rime-fast-xhup	legacy-compatible
署	uu	so	19	rime-fast-xhup	legacy-compatible
罴	pi	sh	4	rime-fast-xhup	legacy-compatible
罶	lq	st	1	rime-fast-xhup	legacy-compatible
罹	li	sf	5	rime-fast-xhup	legacy-compatible
罽	ji	sd	2	rime-fast-xhup	legacy-compatible
罾	zg	so	3	rime-fast-xhup	legacy-compatible
羁	ji	sm	8	rime-fast-xhup	legacy-compatible
羊	xl	bl	0	rime-fast-xhup	legacy-compatible
羊	yh	bl	29	rime-fast-xhup	legacy-compatible
羌	ql	yv	10	rime-fast-xhup	legacy-compatible
美	mw	yd	41	rime-fast-xhup	legacy-compatible
羑	yz	yj	0	rime-fast-xhup	legacy-compatible
羓	ba	yb	0	rime-fast-xhup	legacy-compatible
羔	gc	yh	6	rime-fast-xhup	legacy-compatible
羕	yh	yy	1	rime-fast-xhup	legacy-compatible
羖	gu	yy	1	rime-fast-xhup	legacy-compatible
羚	lk	ys	10	rime-fast-xhup	legacy-compatible
羝	di	yd	0	rime-fast-xhup	legacy-compatible
羞	xq	yi	16	rime-fast-xhup	legacy-compatible
羟	ql	yg	8	rime-fast-xhup	legacy-compatible
羡	xm	yr	13	rime-fast-xhup	legacy-compatible
群	qy	yy	39	rime-fast-xhup	legacy-compatible
羧	so	yw	6	rime-fast-xhup	legacy-compatible
羯	jp	yv	8	rime-fast-xhup	legacy-compatible
羰	th	yh	2	rime-fast-xhup	legacy-compatible
羱	yr	yx	1	rime-fast-xhup	legacy-compatible
羲	xi	yd	9	rime-fast-xhup	legacy-compatible
羸	lw	wf	6	rime-fast-xhup	legacy-compatible
羹	gg	yd	13	rime-fast-xhup	legacy-compatible
羼	ij	uy	3	rime-fast-xhup	legacy-compatible
羽	yu	xx	24	rime-fast-xhup	legacy-compatible
羿	yi	xc	8	rime-fast-xhup	legacy-compatible
翀	is	xv	0	rime-fast-xhup	legacy-compatible
翁	wg	bx	21	rime-fast-xhup	legacy-compatible
翁	wg	gx	21	rime-fast-xhup	legacy-compatible
翂	ff	xd	1	rime-fast-xhup	legacy-compatible
翃	hs	ux	0	rime-fast-xhup	legacy-compatible
翅	ii	ux	16	rime-fast-xhup	legacy-compatible
翅	ii	vx	16	rime-fast-xhup	legacy-compatible
翈	xx	jx	0	rime-fast-xhup	legacy-compatible
翊	yi	lx	11	rime-fast-xhup	legacy-compatible
翌	yi	xl	8	rime-fast-xhup	legacy-compatible
翎	lk	rx	13	rime-fast-xhup	legacy-compatible
翔	xl	yx	22	rime-fast-xhup	legacy-compatible
翕	xi	rx	5	rime-fast-xhup	legacy-compatible
翘	qn	ax	19	rime-fast-xhup	legacy-compatible
翘	qn	yx	19	rime-fast-xhup	legacy-compatible
翙	hv	ex	0	rime-fast-xhup	legacy-compatible
翙	hv	ux	0	rime-fast-xhup	legacy-compatible
翚	hv	xi	0	rime-fast-xhup	legacy-compatible
翛	xn	rx	1	rime-fast-xhup	legacy-compatible
翟	di	xf	4	rime-fast-xhup	legacy-compatible
翟	vd	xf	17	rime-fast-xhup	legacy-compatible
翠	cv	xu	21	rime-fast-xhup	legacy-compatible
翡	fw	fx	10	rime-fast-xhup	legacy-compatible
翥	vu	lx	4	rime-fast-xhup	legacy-compatible
翦	jm	bx	9	rime-fast-xhup	legacy-compatible
翩	pm	hx	7	rime-fast-xhup	legacy-compatible
翮	he	ax	5	rime-fast-xhup	legacy-compatible
翯	he	xk	1	rime-fast-xhup	legacy-compatible
翰	hj	ux	16	rime-fast-xhup	legacy-compatible
翱	ao	bx	7	rime-fast-xhup	legacy-compatible
翳	yi	kx	7	rime-fast-xhup	legacy-compatible
翷	lb	mx	0	rime-fast-xhup	legacy-compatible
翻	fj	bx	32	rime-fast-xhup	legacy-compatible
翻	fj	px	32	rime-fast-xhup	legacy-compatible
翼	yi	xb	22	rime-fast-xhup	legacy-compatible
翾	xr	sx	2	rime-fast-xhup	legacy-compatible
耀	yc	gf	21	rime-fast-xhup	legacy-compatible
耀	yc	xf	21	rime-fast-xhup	legacy-compatible
老	lc	lb	48	rime-fast-xhup	legacy-compatible
考	kc	lv	40	rime-fast-xhup	legacy-compatible
耄	mc	lm	4	rime-fast-xhup	legacy-compatible
者	ve	lo	45	rime-fast-xhup	legacy-compatible
耆	qi	lo	8	rime-fast-xhup	legacy-compatible
耆	ui	lo	0	rime-fast-xhup	legacy-compatible
耇	gz	lk	1	rime-fast-xhup	legacy-compatible
耋	dp	lt	4	rime-fast-xhup	legacy-compatible
而	er	al	59	rime-fast-xhup	legacy-compatible
耍	ux	en	32	rime-fast-xhup	legacy-compatible
耏	er	ep	1	rime-fast-xhup	legacy-compatible
耏	nd	ep	1	rime-fast-xhup	legacy-compatible
耐	nd	ec	26	rime-fast-xhup	legacy-compatible
耑	dr	ee	0	rime-fast-xhup	legacy-compatible
耑	vr	ee	1	rime-fast-xhup	legacy-compatible
耒	lw	fn	6	rime-fast-xhup	legacy-compatible
耔	zi	lz	3	rime-fast-xhup	legacy-compatible
耕	gg	lj	16	rime-fast-xhup	legacy-compatible
耖	ic	lu	2	rime-fast-xhup	legacy-compatible
耗	hc	lm	21	rime-fast-xhup	legacy-compatible
耘	yy	ls	9	rime-fast-xhup	legacy-compatible
耙	ba	lb	7	rime-fast-xhup	legacy-compatible
耙	pa	lb	8	rime-fast-xhup	legacy-compatible
耜	si	lk	4	rime-fast-xhup	legacy-compatible
耠	ho	lk	3	rime-fast-xhup	legacy-compatible
耢	lc	ll	2	rime-fast-xhup	legacy-compatible
耤	ji	lo	0	rime-fast-xhup	legacy-compatible
耤	jp	lo	1	rime-fast-xhup	legacy-compatible
耥	th	lk	3	rime-fast-xhup	legacy-compatible
耦	ou	ly	7	rime-fast-xhup	legacy-compatible
耧	lz	ln	4	rime-fast-xhup	legacy-compatible
耨	nz	lc	8	rime-fast-xhup	legacy-compatible
耩	jl	lr	3	rime-fast-xhup	legacy-compatible
耪	ph	lf	2	rime-fast-xhup	legacy-compatible
耰	yz	lw	1	rime-fast-xhup	legacy-compatible
耱	mo	lu	5	rime-fast-xhup	legacy-compatible
耳	er	aa	24	rime-fast-xhup	legacy-compatible
耵	dk	ed	2	rime-fast-xhup	legacy-compatible
耶	ye	ee	28	rime-fast-xhup	legacy-compatible
耷	da	de	4	rime-fast-xhup	legacy-compatible
耸	ss	re	13	rime-fast-xhup	legacy-compatible
耻	ii	ev	16	rime-fast-xhup	legacy-compatible
耽	dj	ev	8	rime-fast-xhup	legacy-compatible
耿	gg	eh	18	rime-fast-xhup	legacy-compatible
聂	np	ey	19	rime-fast-xhup	legacy-compatible
聃	dj	er	4	rime-fast-xhup	legacy-compatible
聆	lk	es	9	rime-fast-xhup	legacy-compatible
聊	ln	ee	40	rime-fast-xhup	legacy-compatible
聋	ls	le	12	rime-fast-xhup	legacy-compatible
职	vi	eb	21	rime-fast-xhup	legacy-compatible
聍	nk	ed	1	rime-fast-xhup	legacy-compatible
聒	go	ek	3	rime-fast-xhup	legacy-compatible
联	lm	et	28	rime-fast-xhup	legacy-compatible
聘	pb	ev	17	rime-fast-xhup	legacy-compatible
聚	ju	en	26	rime-fast-xhup	legacy-compatible
聩	kv	er	3	rime-fast-xhup	legacy-compatible
聪	cs	ex	19	rime-fast-xhup	legacy-compatible
聱	ao	fe	1	rime-fast-xhup	legacy-compatible
聿	yu	vl	9	rime-fast-xhup	legacy-compatible
肃	su	vd	13	rime-fast-xhup	legacy-compatible
肄	yi	by	2	rime-fast-xhup	legacy-compatible
肆	si	ay	15	rime-fast-xhup	legacy-compatible
肇	vc	hy	12	rime-fast-xhup	legacy-compatible
肉	rz	nr	33	rime-fast-xhup	legacy-compatible
肋	le	ol	11	rime-fast-xhup	legacy-compatible
肋	lw	ol	10	rime-fast-xhup	legacy-compatible
肌	ji	oj	20	rime-fast-xhup	legacy-compatible
肏	cc	rr	14	rime-fast-xhup	legacy-compatible
肓	hl	wo	5	rime-fast-xhup	legacy-compatible
肖	xn	xo	27	rime-fast-xhup	legacy-compatible
肘	vz	oc	14	rime-fast-xhup	legacy-compatible
肚	du	ot	17	rime-fast-xhup	legacy-compatible
肛	gh	og	11	rime-fast-xhup	legacy-compatible
肝	gj	og	23	rime-fast-xhup	legacy-compatible
肟	wo	ok	6	rime-fast-xhup	legacy-compatible
肠	ih	op	20	rime-fast-xhup	legacy-compatible
股	gu	oy	40	rime-fast-xhup	legacy-compatible
肢	vi	oy	12	rime-fast-xhup	legacy-compatible
肤	fu	of	14	rime-fast-xhup	legacy-compatible
肥	fw	ob	27	rime-fast-xhup	legacy-compatible
肩	jm	ho	21	rime-fast-xhup	legacy-compatible
肪	fh	of	4	rime-fast-xhup	legacy-compatible
肫	iy	ot	0	rime-fast-xhup	legacy-compatible
肫	vy	ot	4	rime-fast-xhup	legacy-compatible
肭	na	on	1	rime-fast-xhup	legacy-compatible
肮	ah	oj	4	rime-fast-xhup	legacy-compatible
肯	kf	vo	27	rime-fast-xhup	legacy-compatible
肱	gs	os	6	rime-fast-xhup	legacy-compatible
育	yo	wo	0	rime-fast-xhup	legacy-compatible
育	yu	wo	20	rime-fast-xhup	legacy-compatible
肴	yc	xo	7	rime-fast-xhup	legacy-compatible
肷	qm	or	1	rime-fast-xhup	legacy-compatible
肸	xi	ou	0	rime-fast-xhup	legacy-compatible
肺	fw	ol	24	rime-fast-xhup	legacy-compatible
肼	jk	oj	5	rime-fast-xhup	legacy-compatible
肽	td	ot	14	rime-fast-xhup	legacy-compatible
肾	uf	lo	22	rime-fast-xhup	legacy-compatible
肿	vs	ov	20	rime-fast-xhup	legacy-compatible
胀	vh	oi	16	rime-fast-xhup	legacy-compatible
胁	xp	ob	12	rime-fast-xhup	legacy-compatible
胂	uf	ou	3	rime-fast-xhup	legacy-compatible
胃	ww	to	26	rime-fast-xhup	legacy-compatible
胄	vz	yo	6	rime-fast-xhup	legacy-compatible
胆	dj	oa	21	rime-fast-xhup	legacy-compatible
胈	ba	od	1	rime-fast-xhup	legacy-compatible
背	bw	bo	32	rime-fast-xhup	legacy-compatible
背	bw	lo	32	rime-fast-xhup	legacy-compatible
胍	gx	og	5	rime-fast-xhup	legacy-compatible
胎	td	ok	20	rime-fast-xhup	legacy-compatible
胖	ph	ob	31	rime-fast-xhup	legacy-compatible
胖	pj	ob	5	rime-fast-xhup	legacy-compatible
胗	vf	op	4	rime-fast-xhup	legacy-compatible
胙	zo	ov	2	rime-fast-xhup	legacy-compatible
胚	pw	oa	13	rime-fast-xhup	legacy-compatible
胚	pw	op	13	rime-fast-xhup	legacy-compatible
胛	jx	oj	2	rime-fast-xhup	legacy-compatible
胜	ug	ou	29	rime-fast-xhup	legacy-compatible
胝	vi	od	3	rime-fast-xhup	legacy-compatible
胞	bc	os	14	rime-fast-xhup	legacy-compatible
胠	qu	os	1	rime-fast-xhup	legacy-compatible
胡	hu	go	32	rime-fast-xhup	legacy-compatible
胡	hu	uo	32	rime-fast-xhup	legacy-compatible
胣	ii	oy	0	rime-fast-xhup	legacy-compatible
胤	yb	pv	15	rime-fast-xhup	legacy-compatible
胥	xu	uo	12	rime-fast-xhup	legacy-compatible
胥	xu	vo	12	rime-fast-xhup	legacy-compatible
胧	ls	ol	7	rime-fast-xhup	legacy-compatible
胨	ds	od	1	rime-fast-xhup	legacy-compatible
胩	ka	ob	1	rime-fast-xhup	legacy-compatible
胪	lu	ou	3	rime-fast-xhup	legacy-compatible
胫	jk	og	8	rime-fast-xhup	legacy-compatible
胬	nu	nr	4	rime-fast-xhup	legacy-compatible
胭	yj	od	5	rime-fast-xhup	legacy-compatible
胯	kx	ok	10	rime-fast-xhup	legacy-compatible
胰	yi	oy	11	rime-fast-xhup	legacy-compatible
胱	gl	oe	4	rime-fast-xhup	legacy-compatible
胱	gl	ow	4	rime-fast-xhup	legacy-compatible
胲	hd	or	1	rime-fast-xhup	legacy-compatible
胳	ge	ok	5	rime-fast-xhup	legacy-compatible
胴	ds	ok	3	rime-fast-xhup	legacy-compatible
胶	jn	ox	22	rime-fast-xhup	legacy-compatible
胸	xs	ok	24	rime-fast-xhup	legacy-compatible
胺	an	on	15	rime-fast-xhup	legacy-compatible
胼	pm	ok	2	rime-fast-xhup	legacy-compatible
能	nd	sb	0	rime-fast-xhup	legacy-compatible
能	ng	sb	61	rime-fast-xhup	legacy-compatible
脂	vi	oo	18	rime-fast-xhup	legacy-compatible
脆	cv	ov	18	rime-fast-xhup	legacy-compatible
脉	md	oy	20	rime-fast-xhup	legacy-compatible
脉	mo	oy	7	rime-fast-xhup	legacy-compatible
脊	ji	do	13	rime-fast-xhup	legacy-compatible
脍	kk	os	5	rime-fast-xhup	legacy-compatible
脎	sa	om	1	rime-fast-xhup	legacy-compatible
脏	zh	ot	24	rime-fast-xhup	legacy-compatible
脐	qi	ol	11	rime-fast-xhup	legacy-compatible
脑	nc	ok	26	rime-fast-xhup	legacy-compatible
脒	mi	om	3	rime-fast-xhup	legacy-compatible
脓	ns	on	14	rime-fast-xhup	legacy-compatible
脔	lr	wr	2	rime-fast-xhup	legacy-compatible
脖	bo	oz	12	rime-fast-xhup	legacy-compatible
脘	wj	oe	6	rime-fast-xhup	legacy-compatible
脚	jn	oe	32	rime-fast-xhup	legacy-compatible
脚	jt	oe	2	rime-fast-xhup	legacy-compatible
脞	co	ot	2	rime-fast-xhup	legacy-compatible
脟	lp	oc	0	rime-fast-xhup	legacy-compatible
脩	xq	ro	4	rime-fast-xhup	legacy-compatible
脬	pc	oz	2	rime-fast-xhup	legacy-compatible
脯	fu	of	5	rime-fast-xhup	legacy-compatible
脯	pu	of	5	rime-fast-xhup	legacy-compatible
脱	to	oe	27	rime-fast-xhup	legacy-compatible
脲	nn	ou	10	rime-fast-xhup	legacy-compatible
脶	lo	on	1	rime-fast-xhup	legacy-compatible
脸	lm	oa	34	rime-fast-xhup	legacy-compatible
脾	pi	ou	17	rime-fast-xhup	legacy-compatible
脿	bn	oy	0	rime-fast-xhup	legacy-compatible
腆	tm	ob	4	rime-fast-xhup	legacy-compatible
腈	jk	oo	5	rime-fast-xhup	legacy-compatible
腊	la	oo	11	rime-fast-xhup	legacy-compatible
腊	xi	oo	11	rime-fast-xhup	legacy-compatible
腋	ye	on	7	rime-fast-xhup	legacy-compatible
腌	aa	od	14	rime-fast-xhup	legacy-compatible
腌	yj	od	9	rime-fast-xhup	legacy-compatible
腐	fu	gr	16	rime-fast-xhup	legacy-compatible
腑	fu	oc	8	rime-fast-xhup	legacy-compatible
腒	ju	ok	0	rime-fast-xhup	legacy-compatible
腓	fw	of	7	rime-fast-xhup	legacy-compatible
腔	ql	og	19	rime-fast-xhup	legacy-compatible
腕	wj	ov	15	rime-fast-xhup	legacy-compatible
腘	go	oy	0	rime-fast-xhup	legacy-compatible
腙	zs	ox	4	rime-fast-xhup	legacy-compatible
腚	dk	or	10	rime-fast-xhup	legacy-compatible
腠	cz	ot	5	rime-fast-xhup	legacy-compatible
腥	xk	ou	13	rime-fast-xhup	legacy-compatible
腧	uu	od	2	rime-fast-xhup	legacy-compatible
腨	ur	oe	0	rime-fast-xhup	legacy-compatible
腩	nj	og	7	rime-fast-xhup	legacy-compatible
腭	ee	ok	7	rime-fast-xhup	legacy-compatible
腮	sd	ox	13	rime-fast-xhup	legacy-compatible
腯	tu	oo	1	rime-fast-xhup	legacy-compatible
腰	yc	on	27	rime-fast-xhup	legacy-compatible
腱	jm	oz	7	rime-fast-xhup	legacy-compatible
腴	yu	oy	7	rime-fast-xhup	legacy-compatible
腹	fu	ow	20	rime-fast-xhup	legacy-compatible
腺	xm	ou	14	rime-fast-xhup	legacy-compatible
腻	ni	or	21	rime-fast-xhup	legacy-compatible
腼	mm	om	3	rime-fast-xhup	legacy-compatible
腽	wa	om	2	rime-fast-xhup	legacy-compatible
腾	tg	om	22	rime-fast-xhup	legacy-compatible
腿	tv	oz	30	rime-fast-xhup	legacy-compatible
膀	bh	of	7	rime-fast-xhup	legacy-compatible
膀	ph	of	3	rime-fast-xhup	legacy-compatible
膂	lv	fo	1	rime-fast-xhup	legacy-compatible
膈	ge	ol	8	rime-fast-xhup	legacy-compatible
膊	bo	oc	14	rime-fast-xhup	legacy-compatible
膏	gc	wo	19	rime-fast-xhup	legacy-compatible
膑	bb	ob	4	rime-fast-xhup	legacy-compatible
膘	bn	ox	10	rime-fast-xhup	legacy-compatible
膙	jl	oi	1	rime-fast-xhup	legacy-compatible
膛	th	ot	9	rime-fast-xhup	legacy-compatible
膜	mo	od	26	rime-fast-xhup	legacy-compatible
膝	xi	ou	15	rime-fast-xhup	legacy-compatible
膣	vi	ot	0	rime-fast-xhup	legacy-compatible
膦	lb	ol	5	rime-fast-xhup	legacy-compatible
膨	pg	op	9	rime-fast-xhup	legacy-compatible
膳	uj	ok	10	rime-fast-xhup	legacy-compatible
膺	yk	go	6	rime-fast-xhup	legacy-compatible
膻	dj	oa	1	rime-fast-xhup	legacy-compatible
膻	uj	oa	6	rime-fast-xhup	legacy-compatible
臀	ty	uo	15	rime-fast-xhup	legacy-compatible
臂	bi	uo	18	rime-fast-xhup	legacy-compatible
臂	bw	uo	4	rime-fast-xhup	legacy-compatible
臃	ys	of	3	rime-fast-xhup	legacy-compatible
臆	yi	ox	6	rime-fast-xhup	legacy-compatible
臊	sc	om	8	rime-fast-xhup	legacy-compatible
臌	gu	ov	5	rime-fast-xhup	legacy-compatible
臌	gu	oy	5	rime-fast-xhup	legacy-compatible
臑	nc	oe	1	rime-fast-xhup	legacy-compatible
臜	za	or	0	rime-fast-xhup	legacy-compatible
臣	if	kl	23	rime-fast-xhup	legacy-compatible
臧	ch	vi	1	rime-fast-xhup	legacy-compatible
臧	ch	wi	1	rime-fast-xhup	legacy-compatible
臧	zh	vi	13	rime-fast-xhup	legacy-compatible
臧	zh	wi	13	rime-fast-xhup	legacy-compatible
自	zi	po	39	rime-fast-xhup	legacy-compatible
臬	np	zm	3	rime-fast-xhup	legacy-compatible
臭	iz	zq	27	rime-fast-xhup	legacy-compatible
臭	xq	zq	1	rime-fast-xhup	legacy-compatible
至	vi	at	41	rime-fast-xhup	legacy-compatible
致	vi	aw	27	rime-fast-xhup	legacy-compatible
致	vi	vw	27	rime-fast-xhup	legacy-compatible
臻	vf	ah	15	rime-fast-xhup	legacy-compatible
臻	vf	vh	15	rime-fast-xhup	legacy-compatible
臼	jq	pa	8	rime-fast-xhup	legacy-compatible
臾	yu	pn	2	rime-fast-xhup	legacy-compatible
舀	yc	pj	10	rime-fast-xhup	legacy-compatible
舀	yc	vj	10	rime-fast-xhup	legacy-compatible
舁	yu	jc	2	rime-fast-xhup	legacy-compatible
舂	is	fj	6	rime-fast-xhup	legacy-compatible
舄	xi	jh	0	rime-fast-xhup	legacy-compatible
舅	jq	jl	13	rime-fast-xhup	legacy-compatible
舆	yu	pb	10	rime-fast-xhup	legacy-compatible
舌	ue	qk	20	rime-fast-xhup	legacy-compatible
舍	ue	rk	23	rime-fast-xhup	legacy-compatible
舐	ui	qu	6	rime-fast-xhup	legacy-compatible
舐	ui	uu	6	rime-fast-xhup	legacy-compatible
舒	uu	rl	24	rime-fast-xhup	legacy-compatible
舒	uu	ul	24	rime-fast-xhup	legacy-compatible
舔	tm	qx	23	rime-fast-xhup	legacy-compatible
舔	tm	ux	23	rime-fast-xhup	legacy-compatible
舛	ir	xl	8	rime-fast-xhup	legacy-compatible
舜	uy	pl	16	rime-fast-xhup	legacy-compatible
舜	uy	vl	16	rime-fast-xhup	legacy-compatible
舞	wu	pl	28	rime-fast-xhup	legacy-compatible
舞	wu	rl	28	rime-fast-xhup	legacy-compatible
舟	vz	pd	20	rime-fast-xhup	legacy-compatible
舠	dc	vd	1	rime-fast-xhup	legacy-compatible
舢	uj	ve	1	rime-fast-xhup	legacy-compatible
舣	yi	vy	3	rime-fast-xhup	legacy-compatible
舥	pa	vb	0	rime-fast-xhup	legacy-compatible
航	hh	vj	21	rime-fast-xhup	legacy-compatible
舫	fh	vf	9	rime-fast-xhup	legacy-compatible
般	bj	vy	30	rime-fast-xhup	legacy-compatible
般	bo	vy	0	rime-fast-xhup	legacy-compatible
般	pj	vy	0	rime-fast-xhup	legacy-compatible
舭	bi	vb	0	rime-fast-xhup	legacy-compatible
舯	vs	vv	0	rime-fast-xhup	legacy-compatible
舰	jm	ve	18	rime-fast-xhup	legacy-compatible
舱	ch	vv	18	rime-fast-xhup	legacy-compatible
舲	lk	vs	2	rime-fast-xhup	legacy-compatible
舳	vu	vy	2	rime-fast-xhup	legacy-compatible
舴	ze	vv	2	rime-fast-xhup	legacy-compatible
舵	do	vb	11	rime-fast-xhup	legacy-compatible
舶	bo	vb	8	rime-fast-xhup	legacy-compatible
舷	xm	vy	8	rime-fast-xhup	legacy-compatible
舸	ge	vk	9	rime-fast-xhup	legacy-compatible
船	ir	vk	30	rime-fast-xhup	legacy-compatible
舻	lu	vu	0	rime-fast-xhup	legacy-compatible
舾	xi	vx	3	rime-fast-xhup	legacy-compatible
艄	uc	vo	2	rime-fast-xhup	legacy-compatible
艅	yu	vh	0	rime-fast-xhup	legacy-compatible
艇	tk	vz	14	rime-fast-xhup	legacy-compatible
艉	ww	vm	3	rime-fast-xhup	legacy-compatible
艋	mg	vm	3	rime-fast-xhup	legacy-compatible
艎	hl	vw	0	rime-fast-xhup	legacy-compatible
艏	uz	vz	3	rime-fast-xhup	legacy-compatible
艘	sz	vy	18	rime-fast-xhup	legacy-compatible
艚	cc	vo	1	rime-fast-xhup	legacy-compatible
艟	is	vl	0	rime-fast-xhup	legacy-compatible
艨	mg	vn	1	rime-fast-xhup	legacy-compatible
艨	mg	vu	1	rime-fast-xhup	legacy-compatible
艮	gf	en	11	rime-fast-xhup	legacy-compatible
艮	gf	vn	11	rime-fast-xhup	legacy-compatible
良	ll	dg	27	rime-fast-xhup	legacy-compatible
艰	jm	yg	10	rime-fast-xhup	legacy-compatible
色	se	db	34	rime-fast-xhup	legacy-compatible
色	ud	db	2	rime-fast-xhup	legacy-compatible
艳	yj	fb	23	rime-fast-xhup	legacy-compatible
艴	fu	fb	2	rime-fast-xhup	legacy-compatible
艹	cc	al	0	rime-fast-xhup	legacy-compatible
艺	yi	cv	22	rime-fast-xhup	legacy-compatible
艽	jn	cj	2	rime-fast-xhup	legacy-compatible
艽	qq	cj	0	rime-fast-xhup	legacy-compatible
艾	ai	cx	27	rime-fast-xhup	legacy-compatible
艾	yi	cx	5	rime-fast-xhup	legacy-compatible
艿	nd	cn	3	rime-fast-xhup	legacy-compatible
节	jp	ce	31	rime-fast-xhup	legacy-compatible
芃	pg	cf	6	rime-fast-xhup	legacy-compatible
芄	wj	cw	2	rime-fast-xhup	legacy-compatible
芈	mi	ll	4	rime-fast-xhup	legacy-compatible
芊	qm	cq	9	rime-fast-xhup	legacy-compatible
芋	yu	cy	10	rime-fast-xhup	legacy-compatible
芍	uc	cu	8	rime-fast-xhup	legacy-compatible
芎	xs	cg	3	rime-fast-xhup	legacy-compatible
芏	du	ct	3	rime-fast-xhup	legacy-compatible
芑	qi	cj	2	rime-fast-xhup	legacy-compatible
芒	mh	cw	16	rime-fast-xhup	legacy-compatible
芗	xl	cx	5	rime-fast-xhup	legacy-compatible
芘	bi	cb	3	rime-fast-xhup	legacy-compatible
芘	pi	cb	0	rime-fast-xhup	legacy-compatible
芙	fu	cf	15	rime-fast-xhup	legacy-compatible
芜	wu	cw	10	rime-fast-xhup	legacy-compatible
芝	vi	cv	21	rime-fast-xhup	legacy-compatible
芟	uj	cy	0	rime-fast-xhup	legacy-compatible
芠	wf	cw	6	rime-fast-xhup	legacy-compatible
芡	qm	cr	7	rime-fast-xhup	legacy-compatible
芣	fu	cb	4	rime-fast-xhup	legacy-compatible
芤	kz	cv	2	rime-fast-xhup	legacy-compatible
芥	gd	cl	2	rime-fast-xhup	legacy-compatible
芥	jp	cl	8	rime-fast-xhup	legacy-compatible
芦	lu	ch	14	rime-fast-xhup	legacy-compatible
芨	ji	cj	4	rime-fast-xhup	legacy-compatible
芩	qb	cv	6	rime-fast-xhup	legacy-compatible
芪	qi	cu	5	rime-fast-xhup	legacy-compatible
芫	yj	ce	4	rime-fast-xhup	legacy-compatible
芫	yr	ce	4	rime-fast-xhup	legacy-compatible
芬	ff	cd	22	rime-fast-xhup	legacy-compatible
芭	ba	cb	14	rime-fast-xhup	legacy-compatible
芮	rv	cn	12	rime-fast-xhup	legacy-compatible
芯	xb	cx	21	rime-fast-xhup	legacy-compatible
芰	ji	cy	0	rime-fast-xhup	legacy-compatible
花	hx	cb	43	rime-fast-xhup	legacy-compatible
芳	fh	cf	26	rime-fast-xhup	legacy-compatible
芴	hu	cw	0	rime-fast-xhup	legacy-compatible
芴	wu	cw	3	rime-fast-xhup	legacy-compatible
芷	vi	cv	14	rime-fast-xhup	legacy-compatible
芸	yy	cs	19	rime-fast-xhup	legacy-compatible
芹	qb	cj	14	rime-fast-xhup	legacy-compatible
芼	mc	cm	1	rime-fast-xhup	legacy-compatible
芽	ya	cy	18	rime-fast-xhup	legacy-compatible
芾	fu	cl	2	rime-fast-xhup	legacy-compatible
芾	fw	cl	4	rime-fast-xhup	legacy-compatible
苁	cs	cr	3	rime-fast-xhup	legacy-compatible
苄	bm	cb	7	rime-fast-xhup	legacy-compatible
苇	ww	cw	14	rime-fast-xhup	legacy-compatible
苈	li	cl	0	rime-fast-xhup	legacy-compatible
苉	pi	ce	0	rime-fast-xhup	legacy-compatible
苊	ee	cv	2	rime-fast-xhup	legacy-compatible
苋	xm	ce	5	rime-fast-xhup	legacy-compatible
苌	ih	ci	0	rime-fast-xhup	legacy-compatible
苍	ch	cv	20	rime-fast-xhup	legacy-compatible
苎	vu	ca	4	rime-fast-xhup	legacy-compatible
苏	su	cb	31	rime-fast-xhup	legacy-compatible
苑	yr	cv	22	rime-fast-xhup	legacy-compatible
苒	rj	cr	8	rime-fast-xhup	legacy-compatible
苓	lk	cs	11	rime-fast-xhup	legacy-compatible
苔	td	ck	16	rime-fast-xhup	legacy-compatible
苕	tn	ck	6	rime-fast-xhup	legacy-compatible
苕	uc	ck	6	rime-fast-xhup	legacy-compatible
苗	mn	ct	24	rime-fast-xhup	legacy-compatible
苘	qk	ck	10	rime-fast-xhup	legacy-compatible
苛	he	ck	0	rime-fast-xhup	legacy-compatible
苛	ke	ck	10	rime-fast-xhup	legacy-compatible
苜	mu	co	4	rime-fast-xhup	legacy-compatible
苞	bc	cs	12	rime-fast-xhup	legacy-compatible
苟	gz	ck	14	rime-fast-xhup	legacy-compatible
苠	mb	cm	2	rime-fast-xhup	legacy-compatible
苡	yi	cr	6	rime-fast-xhup	legacy-compatible
苣	ju	cj	4	rime-fast-xhup	legacy-compatible
苣	qu	cj	1	rime-fast-xhup	legacy-compatible
苤	pp	ca	3	rime-fast-xhup	legacy-compatible
苤	pp	cp	3	rime-fast-xhup	legacy-compatible
若	re	ck	0	rime-fast-xhup	legacy-compatible
若	ro	ck	37	rime-fast-xhup	legacy-compatible
苦	ku	ck	31	rime-fast-xhup	legacy-compatible
苧	nk	cd	5	rime-fast-xhup	legacy-compatible
苧	vu	cd	0	rime-fast-xhup	legacy-compatible
苫	uj	ck	5	rime-fast-xhup	legacy-compatible
苯	bf	cb	18	rime-fast-xhup	legacy-compatible
英	yk	cy	31	rime-fast-xhup	legacy-compatible
苴	ia	cq	0	rime-fast-xhup	legacy-compatible
苴	ju	cq	6	rime-fast-xhup	legacy-compatible
苷	gj	cg	11	rime-fast-xhup	legacy-compatible
苹	pg	cp	0	rime-fast-xhup	legacy-compatible
苹	pk	cp	13	rime-fast-xhup	legacy-compatible
苻	fu	cc	6	rime-fast-xhup	legacy-compatible
苾	bi	cb	0	rime-fast-xhup	legacy-compatible
茀	fu	cf	4	rime-fast-xhup	legacy-compatible
茁	vo	ci	5	rime-fast-xhup	legacy-compatible
茂	mc	cw	20	rime-fast-xhup	legacy-compatible
范	fj	cv	27	rime-fast-xhup	legacy-compatible
茄	jx	ck	13	rime-fast-xhup	legacy-compatible
茄	qp	ck	12	rime-fast-xhup	legacy-compatible
茅	mc	cp	16	rime-fast-xhup	legacy-compatible
茆	mc	ce	5	rime-fast-xhup	legacy-compatible
茈	ci	cb	1	rime-fast-xhup	legacy-compatible
茈	zi	cb	2	rime-fast-xhup	legacy-compatible
茉	mo	cm	10	rime-fast-xhup	legacy-compatible
茋	vi	cd	0	rime-fast-xhup	legacy-compatible
茌	ii	cu	3	rime-fast-xhup	legacy-compatible
茎	jk	cg	16	rime-fast-xhup	legacy-compatible
茏	ls	cl	4	rime-fast-xhup	legacy-compatible
茑	nn	cn	6	rime-fast-xhup	legacy-compatible
茓	xt	cb	0	rime-fast-xhup	legacy-compatible
茔	yk	ct	5	rime-fast-xhup	legacy-compatible
茕	qs	cu	5	rime-fast-xhup	legacy-compatible
茗	mk	ck	15	rime-fast-xhup	legacy-compatible
茚	yb	ce	3	rime-fast-xhup	legacy-compatible
茛	gf	cg	2	rime-fast-xhup	legacy-compatible
茜	qm	cx	16	rime-fast-xhup	legacy-compatible
茜	xi	cx	9	rime-fast-xhup	legacy-compatible
茝	id	ci	0	rime-fast-xhup	legacy-compatible
茝	id	cl	0	rime-fast-xhup	legacy-compatible
茧	jm	ci	13	rime-fast-xhup	legacy-compatible
茨	ci	cr	16	rime-fast-xhup	legacy-compatible
茫	mh	cw	10	rime-fast-xhup	legacy-compatible
茬	ia	ct	14	rime-fast-xhup	legacy-compatible
茭	jn	cx	4	rime-fast-xhup	legacy-compatible
茯	fu	cq	3	rime-fast-xhup	legacy-compatible
茱	vu	cv	5	rime-fast-xhup	legacy-compatible
茳	jl	cg	2	rime-fast-xhup	legacy-compatible
茴	hv	ck	7	rime-fast-xhup	legacy-compatible
茵	yb	cd	15	rime-fast-xhup	legacy-compatible
茶	ia	cm	31	rime-fast-xhup	legacy-compatible
茸	rs	ce	11	rime-fast-xhup	legacy-compatible
茹	ru	ck	18	rime-fast-xhup	legacy-compatible
茺	is	ce	1	rime-fast-xhup	legacy-compatible
茼	ts	ck	3	rime-fast-xhup	legacy-compatible
茽	vs	cv	0	rime-fast-xhup	legacy-compatible
荀	xy	co	11	rime-fast-xhup	legacy-compatible
荁	hr	ca	1	rime-fast-xhup	legacy-compatible
荃	qr	cw	12	rime-fast-xhup	legacy-compatible
荄	gd	cr	1	rime-fast-xhup	legacy-compatible
荆	jk	cd	16	rime-fast-xhup	legacy-compatible
荇	xk	ci	7	rime-fast-xhup	legacy-compatible
草	cc	cu	34	rime-fast-xhup	legacy-compatible
荏	rf	cr	4	rime-fast-xhup	legacy-compatible
荐	jm	cz	16	rime-fast-xhup	legacy-compatible
荑	ti	cy	1	rime-fast-xhup	legacy-compatible
荑	yi	cy	3	rime-fast-xhup	legacy-compatible
荒	hl	cv	18	rime-fast-xhup	legacy-compatible
荓	pk	ck	1	rime-fast-xhup	legacy-compatible
荔	li	cl	11	rime-fast-xhup	legacy-compatible
荖	lc	cb	1	rime-fast-xhup	legacy-compatible
荙	da	cz	0	rime-fast-xhup	legacy-compatible
荚	jx	cj	8	rime-fast-xhup	legacy-compatible
荛	rc	cw	2	rime-fast-xhup	legacy-compatible
荜	bi	cu	7	rime-fast-xhup	legacy-compatible
荞	qn	cl	6	rime-fast-xhup	legacy-compatible
荟	hv	cs	8	rime-fast-xhup	legacy-compatible
荠	ji	cl	2	rime-fast-xhup	legacy-compatible
荠	qi	cl	3	rime-fast-xhup	legacy-compatible
荡	dh	cp	18	rime-fast-xhup	legacy-compatible
荣	rs	cm	28	rime-fast-xhup	legacy-compatible
荤	hy	ci	16	rime-fast-xhup	legacy-compatible
荥	xk	cu	2	rime-fast-xhup	legacy-compatible
荥	yk	cu	2	rime-fast-xhup	legacy-compatible
荦	lo	cn	3	rime-fast-xhup	legacy-compatible
荧	yk	ch	8	rime-fast-xhup	legacy-compatible
荨	qm	cc	3	rime-fast-xhup	legacy-compatible
荨	xy	cc	1	rime-fast-xhup	legacy-compatible
荩	jb	cd	4	rime-fast-xhup	legacy-compatible
荪	sy	cx	8	rime-fast-xhup	legacy-compatible
荫	yb	co	14	rime-fast-xhup	legacy-compatible
荬	md	cd	2	rime-fast-xhup	legacy-compatible
荭	hs	cg	4	rime-fast-xhup	legacy-compatible
荮	vz	cc	1	rime-fast-xhup	legacy-compatible
药	yc	cu	35	rime-fast-xhup	legacy-compatible
荷	he	ck	22	rime-fast-xhup	legacy-compatible
荸	bi	cz	1	rime-fast-xhup	legacy-compatible
荻	di	ch	11	rime-fast-xhup	legacy-compatible
荼	tu	ch	11	rime-fast-xhup	legacy-compatible
荽	sv	cn	2	rime-fast-xhup	legacy-compatible
莅	li	cl	6	rime-fast-xhup	legacy-compatible
莆	pu	cf	7	rime-fast-xhup	legacy-compatible
莉	li	cd	21	rime-fast-xhup	legacy-compatible
莎	so	cu	15	rime-fast-xhup	legacy-compatible
莎	ua	cu	15	rime-fast-xhup	legacy-compatible
莒	ju	ck	5	rime-fast-xhup	legacy-compatible
莓	mw	cm	9	rime-fast-xhup	legacy-compatible
莘	uf	cu	5	rime-fast-xhup	legacy-compatible
莘	xb	cu	10	rime-fast-xhup	legacy-compatible
莙	jy	ck	1	rime-fast-xhup	legacy-compatible
莛	tk	cz	3	rime-fast-xhup	legacy-compatible
莜	yz	cw	6	rime-fast-xhup	legacy-compatible
莝	co	ct	1	rime-fast-xhup	legacy-compatible
莞	gr	ce	11	rime-fast-xhup	legacy-compatible
莞	wj	ce	5	rime-fast-xhup	legacy-compatible
莠	yz	cn	3	rime-fast-xhup	legacy-compatible
莨	lh	cl	3	rime-fast-xhup	legacy-compatible
莨	ll	cl	3	rime-fast-xhup	legacy-compatible
莩	fu	cz	1	rime-fast-xhup	legacy-compatible
莩	pn	cz	1	rime-fast-xhup	legacy-compatible
莪	ee	cw	16	rime-fast-xhup	legacy-compatible
莫	mo	cd	30	rime-fast-xhup	legacy-compatible
莫	mu	cd	0	rime-fast-xhup	legacy-compatible
莰	kj	cr	1	rime-fast-xhup	legacy-compatible
莱	ld	cl	22	rime-fast-xhup	legacy-compatible
莲	lm	cz	23	rime-fast-xhup	legacy-compatible
莳	ui	cc	5	rime-fast-xhup	legacy-compatible
莴	wo	cn	2	rime-fast-xhup	legacy-compatible
莶	lm	ca	0	rime-fast-xhup	legacy-compatible
莶	xm	ca	2	rime-fast-xhup	legacy-compatible
获	ho	cq	29	rime-fast-xhup	legacy-compatible
莸	yz	cy	3	rime-fast-xhup	legacy-compatible
莹	yk	cy	20	rime-fast-xhup	legacy-compatible
莺	yk	cn	13	rime-fast-xhup	legacy-compatible
莼	iy	ct	5	rime-fast-xhup	legacy-compatible
莽	mh	cc	11	rime-fast-xhup	legacy-compatible
莿	ci	cd	1	rime-fast-xhup	legacy-compatible
菀	wj	cv	6	rime-fast-xhup	legacy-compatible
菀	yu	cv	0	rime-fast-xhup	legacy-compatible
菁	jk	co	15	rime-fast-xhup	legacy-compatible
菂	di	cu	6	rime-fast-xhup	legacy-compatible
菅	jm	ck	6	rime-fast-xhup	legacy-compatible
菇	gu	ck	13	rime-fast-xhup	legacy-compatible
菈	la	cl	0	rime-fast-xhup	legacy-compatible
菉	lu	cu	1	rime-fast-xhup	legacy-compatible
菊	ju	cm	21	rime-fast-xhup	legacy-compatible
菌	jy	ch	21	rime-fast-xhup	legacy-compatible
菍	np	cx	0	rime-fast-xhup	legacy-compatible
菍	rf	cx	0	rime-fast-xhup	legacy-compatible
菏	he	ck	5	rime-fast-xhup	legacy-compatible
菔	fu	cy	2	rime-fast-xhup	legacy-compatible
菖	ih	co	3	rime-fast-xhup	legacy-compatible
菘	ss	cs	5	rime-fast-xhup	legacy-compatible
菜	cd	cm	34	rime-fast-xhup	legacy-compatible
菝	ba	cd	1	rime-fast-xhup	legacy-compatible
菟	tu	cd	6	rime-fast-xhup	legacy-compatible
菠	bo	cy	5	rime-fast-xhup	legacy-compatible
菡	hj	ck	9	rime-fast-xhup	legacy-compatible
菥	xi	cj	0	rime-fast-xhup	legacy-compatible
菩	pu	ck	6	rime-fast-xhup	legacy-compatible
菪	dh	cu	2	rime-fast-xhup	legacy-compatible
菰	gu	cg	5	rime-fast-xhup	legacy-compatible
菱	lk	cw	15	rime-fast-xhup	legacy-compatible
菲	fw	cf	24	rime-fast-xhup	legacy-compatible
菹	zu	cq	3	rime-fast-xhup	legacy-compatible
菼	tj	ch	1	rime-fast-xhup	legacy-compatible
菽	uu	cy	5	rime-fast-xhup	legacy-compatible
萁	qi	cb	5	rime-fast-xhup	legacy-compatible
萃	cv	cu	10	rime-fast-xhup	legacy-compatible
萄	tc	cf	5	rime-fast-xhup	legacy-compatible
萆	bi	cu	0	rime-fast-xhup	legacy-compatible
萋	qi	cn	3	rime-fast-xhup	legacy-compatible
萌	mg	co	21	rime-fast-xhup	legacy-compatible
萍	pk	cp	22	rime-fast-xhup	legacy-compatible
萎	ww	cn	11	rime-fast-xhup	legacy-compatible
萏	dj	cj	1	rime-fast-xhup	legacy-compatible
萑	hr	cf	1	rime-fast-xhup	legacy-compatible
萘	nd	cx	8	rime-fast-xhup	legacy-compatible
萚	to	cl	0	rime-fast-xhup	legacy-compatible
萜	tp	ck	6	rime-fast-xhup	legacy-compatible
萝	lo	cx	15	rime-fast-xhup	legacy-compatible
萣	dk	cr	2	rime-fast-xhup	legacy-compatible
萤	yk	ci	9	rime-fast-xhup	legacy-compatible
营	yk	ck	24	rime-fast-xhup	legacy-compatible
萦	yk	cx	9	rime-fast-xhup	legacy-compatible
萧	xn	cs	25	rime-fast-xhup	legacy-compatible
萨	sa	ci	25	rime-fast-xhup	legacy-compatible
萩	qq	ch	3	rime-fast-xhup	legacy-compatible
萱	xr	ca	15	rime-fast-xhup	legacy-compatible
萳	nj	cg	1	rime-fast-xhup	legacy-compatible
萸	yu	cy	5	rime-fast-xhup	legacy-compatible
萹	bm	cc	1	rime-fast-xhup	legacy-compatible
萼	ee	ck	8	rime-fast-xhup	legacy-compatible
落	la	ck	7	rime-fast-xhup	legacy-compatible
落	lc	ck	5	rime-fast-xhup	legacy-compatible
落	lo	ck	31	rime-fast-xhup	legacy-compatible
葆	bc	cm	12	rime-fast-xhup	legacy-compatible
葎	lv	cy	1	rime-fast-xhup	legacy-compatible
葑	fg	cc	5	rime-fast-xhup	legacy-compatible
葖	tu	cq	1	rime-fast-xhup	legacy-compatible
著	vo	co	4	rime-fast-xhup	legacy-compatible
著	vu	co	28	rime-fast-xhup	legacy-compatible
葙	xl	co	4	rime-fast-xhup	legacy-compatible
葚	rf	cv	2	rime-fast-xhup	legacy-compatible
葚	uf	cv	1	rime-fast-xhup	legacy-compatible
葛	ge	cv	23	rime-fast-xhup	legacy-compatible
葜	qx	cd	2	rime-fast-xhup	legacy-compatible
葡	pu	cf	12	rime-fast-xhup	legacy-compatible
董	ds	cv	26	rime-fast-xhup	legacy-compatible
葩	pa	cb	6	rime-fast-xhup	legacy-compatible
葫	hu	co	5	rime-fast-xhup	legacy-compatible
葬	zh	cc	17	rime-fast-xhup	legacy-compatible
葭	jx	cy	8	rime-fast-xhup	legacy-compatible
葰	jy	cw	1	rime-fast-xhup	legacy-compatible
葰	so	cw	2	rime-fast-xhup	legacy-compatible
葱	cs	cx	20	rime-fast-xhup	legacy-compatible
葳	ww	cn	8	rime-fast-xhup	legacy-compatible
葴	vf	ck	1	rime-fast-xhup	legacy-compatible
葵	kv	ct	16	rime-fast-xhup	legacy-compatible
葶	tk	cd	6	rime-fast-xhup	legacy-compatible
葸	xi	cx	0	rime-fast-xhup	legacy-compatible
葺	qi	ce	5	rime-fast-xhup	legacy-compatible
蒂	di	cj	20	rime-fast-xhup	legacy-compatible
蒄	gr	cc	1	rime-fast-xhup	legacy-compatible
蒇	ij	cb	5	rime-fast-xhup	legacy-compatible
蒇	ij	cr	5	rime-fast-xhup	legacy-compatible
蒈	kd	cb	3	rime-fast-xhup	legacy-compatible
蒉	kk	cr	0	rime-fast-xhup	legacy-compatible
蒉	kv	cr	4	rime-fast-xhup	legacy-compatible
蒋	jl	cc	26	rime-fast-xhup	legacy-compatible
蒌	lz	cn	5	rime-fast-xhup	legacy-compatible
蒎	pd	cn	2	rime-fast-xhup	legacy-compatible
蒐	sz	cg	1	rime-fast-xhup	legacy-compatible
蒗	lh	cl	1	rime-fast-xhup	legacy-compatible
蒙	mg	cn	25	rime-fast-xhup	legacy-compatible
蒙	mg	cu	25	rime-fast-xhup	legacy-compatible
蒜	sr	cx	16	rime-fast-xhup	legacy-compatible
蒟	ju	ck	0	rime-fast-xhup	legacy-compatible
蒡	bh	cf	1	rime-fast-xhup	legacy-compatible
蒨	qm	co	2	rime-fast-xhup	legacy-compatible
蒯	kk	cd	7	rime-fast-xhup	legacy-compatible
蒱	pu	cf	0	rime-fast-xhup	legacy-compatible
蒲	pu	cf	17	rime-fast-xhup	legacy-compatible
蒴	uo	co	2	rime-fast-xhup	legacy-compatible
蒸	vg	ch	23	rime-fast-xhup	legacy-compatible
蒹	jm	cn	3	rime-fast-xhup	legacy-compatible
蒺	ji	cu	0	rime-fast-xhup	legacy-compatible
蒻	ro	cd	1	rime-fast-xhup	legacy-compatible
蒽	en	cx	11	rime-fast-xhup	legacy-compatible
蒾	mi	cz	0	rime-fast-xhup	legacy-compatible
蒿	hc	ck	11	rime-fast-xhup	legacy-compatible
蓁	vf	ch	5	rime-fast-xhup	legacy-compatible
蓂	mi	cb	1	rime-fast-xhup	legacy-compatible
蓂	mk	cb	1	rime-fast-xhup	legacy-compatible
蓄	xu	ct	15	rime-fast-xhup	legacy-compatible
蓇	gu	cg	1	rime-fast-xhup	legacy-compatible
蓇	gu	co	1	rime-fast-xhup	legacy-compatible
蓉	rs	ck	19	rime-fast-xhup	legacy-compatible
蓊	wg	cx	2	rime-fast-xhup	legacy-compatible
蓍	ui	co	4	rime-fast-xhup	legacy-compatible
蓏	lo	cg	1	rime-fast-xhup	legacy-compatible
蓐	ru	cc	3	rime-fast-xhup	legacy-compatible
蓑	so	cy	7	rime-fast-xhup	legacy-compatible
蓓	bw	ck	11	rime-fast-xhup	legacy-compatible
蓖	bi	cb	3	rime-fast-xhup	legacy-compatible
蓝	lj	cm	34	rime-fast-xhup	legacy-compatible
蓟	ji	cd	10	rime-fast-xhup	legacy-compatible
蓠	li	cd	0	rime-fast-xhup	legacy-compatible
蓢	lh	co	0	rime-fast-xhup	legacy-compatible
蓣	yu	cr	1	rime-fast-xhup	legacy-compatible
蓥	yk	cj	4	rime-fast-xhup	legacy-compatible
蓦	mo	cm	5	rime-fast-xhup	legacy-compatible
蓬	pg	cz	16	rime-fast-xhup	legacy-compatible
蓰	xi	cr	1	rime-fast-xhup	legacy-compatible
蓺	yi	cw	0	rime-fast-xhup	legacy-compatible
蓼	ln	cp	7	rime-fast-xhup	legacy-compatible
蓼	lu	cp	0	rime-fast-xhup	legacy-compatible
蓿	xu	cb	2	rime-fast-xhup	legacy-compatible
蔀	bu	ce	1	rime-fast-xhup	legacy-compatible
蔃	jl	ci	0	rime-fast-xhup	legacy-compatible
蔃	ql	ci	0	rime-fast-xhup	legacy-compatible
蔈	bn	cx	0	rime-fast-xhup	legacy-compatible
蔈	pn	cx	0	rime-fast-xhup	legacy-compatible
蔊	hj	cg	1	rime-fast-xhup	legacy-compatible
蔌	su	cr	2	rime-fast-xhup	legacy-compatible
蔑	mp	cu	8	rime-fast-xhup	legacy-compatible
蔓	mj	cy	11	rime-fast-xhup	legacy-compatible
蔓	wj	cy	11	rime-fast-xhup	legacy-compatible
蔗	ve	ch	9	rime-fast-xhup	legacy-compatible
蔚	ww	cc	15	rime-fast-xhup	legacy-compatible
蔚	yu	cc	1	rime-fast-xhup	legacy-compatible
蔟	cu	cu	4	rime-fast-xhup	legacy-compatible
蔡	cd	cx	26	rime-fast-xhup	legacy-compatible
蔫	nm	ch	11	rime-fast-xhup	legacy-compatible
蔬	uu	cv	8	rime-fast-xhup	legacy-compatible
蔷	ql	ck	10	rime-fast-xhup	legacy-compatible
蔸	dz	ce	6	rime-fast-xhup	legacy-compatible
蔹	lm	cw	1	rime-fast-xhup	legacy-compatible
蔺	lb	cf	9	rime-fast-xhup	legacy-compatible
蔻	kz	cy	7	rime-fast-xhup	legacy-compatible
蔼	ai	cv	7	rime-fast-xhup	legacy-compatible
蔽	bi	cw	10	rime-fast-xhup	legacy-compatible
蕃	bo	ct	0	rime-fast-xhup	legacy-compatible
蕃	fj	ct	9	rime-fast-xhup	legacy-compatible
蕈	xy	cu	5	rime-fast-xhup	legacy-compatible
蕉	jn	ch	11	rime-fast-xhup	legacy-compatible
蕊	rv	cx	16	rime-fast-xhup	legacy-compatible
蕖	qu	cm	3	rime-fast-xhup	legacy-compatible
蕗	lu	ck	3	rime-fast-xhup	legacy-compatible
蕙	hv	cx	12	rime-fast-xhup	legacy-compatible
蕞	zv	cy	5	rime-fast-xhup	legacy-compatible
蕤	rv	cu	5	rime-fast-xhup	legacy-compatible
蕨	jt	cr	7	rime-fast-xhup	legacy-compatible
蕰	wf	cm	0	rime-fast-xhup	legacy-compatible
蕲	qi	cj	4	rime-fast-xhup	legacy-compatible
蕴	yy	cm	15	rime-fast-xhup	legacy-compatible
蕹	wg	cf	1	rime-fast-xhup	legacy-compatible
蕺	ji	ca	2	rime-fast-xhup	legacy-compatible
蕺	ji	cd	2	rime-fast-xhup	legacy-compatible
蕻	hs	cb	2	rime-fast-xhup	legacy-compatible
蕾	lw	ct	19	rime-fast-xhup	legacy-compatible
薁	yu	cd	1	rime-fast-xhup	legacy-compatible
薄	bc	cc	20	rime-fast-xhup	legacy-compatible
薄	bo	cc	22	rime-fast-xhup	legacy-compatible
薅	hc	cc	4	rime-fast-xhup	legacy-compatible
薇	ww	cw	21	rime-fast-xhup	legacy-compatible
薏	yi	cx	5	rime-fast-xhup	legacy-compatible
薙	ti	cf	2	rime-fast-xhup	legacy-compatible
薛	xt	cu	25	rime-fast-xhup	legacy-compatible
薜	bi	cu	5	rime-fast-xhup	legacy-compatible
薢	xp	cn	1	rime-fast-xhup	legacy-compatible
薤	xp	cj	3	rime-fast-xhup	legacy-compatible
薨	hs	cb	5	rime-fast-xhup	legacy-compatible
薪	xb	cj	16	rime-fast-xhup	legacy-compatible
薮	sz	cw	5	rime-fast-xhup	legacy-compatible
薯	uu	co	11	rime-fast-xhup	legacy-compatible
薰	xy	ch	17	rime-fast-xhup	legacy-compatible
薳	ww	cz	0	rime-fast-xhup	legacy-compatible
薷	ru	ce	1	rime-fast-xhup	legacy-compatible
薸	pn	cx	1	rime-fast-xhup	legacy-compatible
薹	td	ct	0	rime-fast-xhup	legacy-compatible
薿	ni	cr	1	rime-fast-xhup	legacy-compatible
藁	gc	cm	4	rime-fast-xhup	legacy-compatible
藉	ji	co	11	rime-fast-xhup	legacy-compatible
藉	jp	co	13	rime-fast-xhup	legacy-compatible
藏	ch	ci	25	rime-fast-xhup	legacy-compatible
藏	zh	ci	18	rime-fast-xhup	legacy-compatible
藐	mn	ce	7	rime-fast-xhup	legacy-compatible
藓	xm	cy	6	rime-fast-xhup	legacy-compatible
藕	ou	cy	17	rime-fast-xhup	legacy-compatible
藜	li	cu	7	rime-fast-xhup	legacy-compatible
藟	lw	ct	1	rime-fast-xhup	legacy-compatible
藠	jn	cb	0	rime-fast-xhup	legacy-compatible
藤	tg	cu	20	rime-fast-xhup	legacy-compatible
藦	mo	cu	0	rime-fast-xhup	legacy-compatible
藨	bn	ch	1	rime-fast-xhup	legacy-compatible
藨	pc	ch	0	rime-fast-xhup	legacy-compatible
藩	fj	ct	12	rime-fast-xhup	legacy-compatible
藻	zc	cm	14	rime-fast-xhup	legacy-compatible
藿	ho	cf	3	rime-fast-xhup	legacy-compatible
蘅	hg	ci	8	rime-fast-xhup	legacy-compatible
蘑	mo	cu	8	rime-fast-xhup	legacy-compatible
蘖	np	cm	5	rime-fast-xhup	legacy-compatible
蘘	rh	cy	1	rime-fast-xhup	legacy-compatible
蘧	qu	cz	4	rime-fast-xhup	legacy-compatible
蘩	fj	cx	4	rime-fast-xhup	legacy-compatible
蘸	vj	ch	15	rime-fast-xhup	legacy-compatible
蘼	mi	ca	8	rime-fast-xhup	legacy-compatible
蘼	mi	cf	8	rime-fast-xhup	legacy-compatible
虎	hu	hj	27	rime-fast-xhup	legacy-compatible
虏	lu	hl	10	rime-fast-xhup	legacy-compatible
虐	nt	ha	19	rime-fast-xhup	legacy-compatible
虑	lv	hx	13	rime-fast-xhup	legacy-compatible
虒	si	ij	1	rime-fast-xhup	legacy-compatible
虒	si	pj	1	rime-fast-xhup	legacy-compatible
虓	xn	jj	2	rime-fast-xhup	legacy-compatible
虔	qm	hw	8	rime-fast-xhup	legacy-compatible
虚	xu	hy	25	rime-fast-xhup	legacy-compatible
虞	yu	ht	17	rime-fast-xhup	legacy-compatible
虢	go	pj	6	rime-fast-xhup	legacy-compatible
虢	go	vj	6	rime-fast-xhup	legacy-compatible
虤	yj	hj	0	rime-fast-xhup	legacy-compatible
虫	is	vd	25	rime-fast-xhup	legacy-compatible
虬	qq	iv	6	rime-fast-xhup	legacy-compatible
虮	ji	ij	2	rime-fast-xhup	legacy-compatible
虱	ui	vi	11	rime-fast-xhup	legacy-compatible
虷	gj	ig	1	rime-fast-xhup	legacy-compatible
虷	hj	ig	1	rime-fast-xhup	legacy-compatible
虸	zi	iz	0	rime-fast-xhup	legacy-compatible
虹	hs	ig	21	rime-fast-xhup	legacy-compatible
虹	jl	ig	1	rime-fast-xhup	legacy-compatible
虺	hv	wi	3	rime-fast-xhup	legacy-compatible
虻	mg	iw	4	rime-fast-xhup	legacy-compatible
虼	ge	iq	1	rime-fast-xhup	legacy-compatible
虼	ge	iy	1	rime-fast-xhup	legacy-compatible
虽	sv	ki	30	rime-fast-xhup	legacy-compatible
虾	ha	ix	8	rime-fast-xhup	legacy-compatible
虾	xx	ix	23	rime-fast-xhup	legacy-compatible
虿	id	wi	2	rime-fast-xhup	legacy-compatible
蚀	ui	ui	14	rime-fast-xhup	legacy-compatible
蚁	yi	iy	13	rime-fast-xhup	legacy-compatible
蚂	ma	im	5	rime-fast-xhup	legacy-compatible
蚄	bh	if	0	rime-fast-xhup	legacy-compatible
蚄	fh	if	0	rime-fast-xhup	legacy-compatible
蚆	ba	ib	1	rime-fast-xhup	legacy-compatible
蚊	wf	iw	19	rime-fast-xhup	legacy-compatible
蚋	rv	in	3	rime-fast-xhup	legacy-compatible
蚌	bg	if	6	rime-fast-xhup	legacy-compatible
蚌	bh	if	9	rime-fast-xhup	legacy-compatible
蚍	pi	ib	2	rime-fast-xhup	legacy-compatible
蚓	yb	il	5	rime-fast-xhup	legacy-compatible
蚕	cj	ti	14	rime-fast-xhup	legacy-compatible
蚜	ya	iy	8	rime-fast-xhup	legacy-compatible
蚝	hc	im	8	rime-fast-xhup	legacy-compatible
蚣	gs	is	2	rime-fast-xhup	legacy-compatible
蚣	vs	is	0	rime-fast-xhup	legacy-compatible
蚤	zc	ii	7	rime-fast-xhup	legacy-compatible
蚧	jp	il	5	rime-fast-xhup	legacy-compatible
蚨	fu	if	1	rime-fast-xhup	legacy-compatible
蚩	ii	vi	4	rime-fast-xhup	legacy-compatible
蚪	dz	iu	2	rime-fast-xhup	legacy-compatible
蚬	xm	ie	6	rime-fast-xhup	legacy-compatible
蚯	qq	iq	2	rime-fast-xhup	legacy-compatible
蚰	yz	iy	0	rime-fast-xhup	legacy-compatible
蚱	va	iv	2	rime-fast-xhup	legacy-compatible
蚲	pk	ip	0	rime-fast-xhup	legacy-compatible
蚴	yz	il	5	rime-fast-xhup	legacy-compatible
蚶	hj	ig	4	rime-fast-xhup	legacy-compatible
蚺	rj	ir	3	rime-fast-xhup	legacy-compatible
蛀	vu	iv	7	rime-fast-xhup	legacy-compatible
蛃	bk	ib	0	rime-fast-xhup	legacy-compatible
蛄	gu	ik	0	rime-fast-xhup	legacy-compatible
蛆	qu	iq	13	rime-fast-xhup	legacy-compatible
蛇	ue	ib	25	rime-fast-xhup	legacy-compatible
蛇	yi	ib	1	rime-fast-xhup	legacy-compatible
蛉	lk	is	3	rime-fast-xhup	legacy-compatible
蛊	gu	im	12	rime-fast-xhup	legacy-compatible
蛋	dj	ui	27	rime-fast-xhup	legacy-compatible
蛋	dj	vi	27	rime-fast-xhup	legacy-compatible
蛎	li	iw	4	rime-fast-xhup	legacy-compatible
蛏	ig	it	4	rime-fast-xhup	legacy-compatible
蛐	qu	iq	2	rime-fast-xhup	legacy-compatible
蛑	mz	in	1	rime-fast-xhup	legacy-compatible
蛔	hv	ik	4	rime-fast-xhup	legacy-compatible
蛘	yh	iy	0	rime-fast-xhup	legacy-compatible
蛙	wa	it	15	rime-fast-xhup	legacy-compatible
蛛	vu	iv	8	rime-fast-xhup	legacy-compatible
蛞	ko	ik	2	rime-fast-xhup	legacy-compatible
蛟	jn	ix	10	rime-fast-xhup	legacy-compatible
蛤	ge	ik	1	rime-fast-xhup	legacy-compatible
蛤	ha	ik	13	rime-fast-xhup	legacy-compatible
蛩	qs	gi	4	rime-fast-xhup	legacy-compatible
蛭	vi	it	4	rime-fast-xhup	legacy-compatible
蛮	mj	wi	36	rime-fast-xhup	legacy-compatible
蛰	ve	fi	8	rime-fast-xhup	legacy-compatible
蛱	jx	ij	2	rime-fast-xhup	legacy-compatible
蛲	nc	iw	1	rime-fast-xhup	legacy-compatible
蛳	si	ij	1	rime-fast-xhup	legacy-compatible
蛴	qi	il	4	rime-fast-xhup	legacy-compatible
蛸	uc	io	2	rime-fast-xhup	legacy-compatible
蛸	xn	io	2	rime-fast-xhup	legacy-compatible
蛹	ys	iy	10	rime-fast-xhup	legacy-compatible
蛾	ee	iw	13	rime-fast-xhup	legacy-compatible
蛾	yi	iw	0	rime-fast-xhup	legacy-compatible
蜀	uu	si	16	rime-fast-xhup	legacy-compatible
蜂	fg	if	16	rime-fast-xhup	legacy-compatible
蜃	uf	ii	5	rime-fast-xhup	legacy-compatible
蜇	ve	fi	7	rime-fast-xhup	legacy-compatible
蜈	wu	it	5	rime-fast-xhup	legacy-compatible
蜉	fu	iz	1	rime-fast-xhup	legacy-compatible
蜊	li	id	2	rime-fast-xhup	legacy-compatible
蜍	iu	ih	1	rime-fast-xhup	legacy-compatible
蜎	yr	io	1	rime-fast-xhup	legacy-compatible
蜐	jp	il	0	rime-fast-xhup	legacy-compatible
蜒	yj	iz	7	rime-fast-xhup	legacy-compatible
蜓	tk	iz	5	rime-fast-xhup	legacy-compatible
蜕	tv	ie	9	rime-fast-xhup	legacy-compatible
蜗	wo	in	8	rime-fast-xhup	legacy-compatible
蜘	vi	ik	3	rime-fast-xhup	legacy-compatible
蜚	fw	fi	4	rime-fast-xhup	legacy-compatible
蜜	mi	bi	20	rime-fast-xhup	legacy-compatible
蜞	qi	ib	3	rime-fast-xhup	legacy-compatible
蜡	la	io	16	rime-fast-xhup	legacy-compatible
蜡	va	io	1	rime-fast-xhup	legacy-compatible
蜢	mg	im	2	rime-fast-xhup	legacy-compatible
蜣	ql	iq	1	rime-fast-xhup	legacy-compatible
蜣	ql	iv	2	rime-fast-xhup	legacy-compatible
蜥	xi	ij	6	rime-fast-xhup	legacy-compatible
蜩	tn	ik	4	rime-fast-xhup	legacy-compatible
蜮	yu	ia	2	rime-fast-xhup	legacy-compatible
蜱	pi	iu	4	rime-fast-xhup	legacy-compatible
蜴	yi	iw	2	rime-fast-xhup	legacy-compatible
蜷	qr	iv	10	rime-fast-xhup	legacy-compatible
蜻	qk	io	2	rime-fast-xhup	legacy-compatible
蜾	go	ig	1	rime-fast-xhup	legacy-compatible
蜿	wj	iv	6	rime-fast-xhup	legacy-compatible
蝇	yk	id	13	rime-fast-xhup	legacy-compatible
蝈	go	iy	5	rime-fast-xhup	legacy-compatible
蝉	ij	il	14	rime-fast-xhup	legacy-compatible
蝌	ke	iu	5	rime-fast-xhup	legacy-compatible
蝎	xp	iv	12	rime-fast-xhup	legacy-compatible
蝓	yu	id	0	rime-fast-xhup	legacy-compatible
蝗	hl	iw	8	rime-fast-xhup	legacy-compatible
蝘	yj	in	1	rime-fast-xhup	legacy-compatible
蝙	bm	ic	2	rime-fast-xhup	legacy-compatible
蝠	fu	it	7	rime-fast-xhup	legacy-compatible
蝣	yz	iz	1	rime-fast-xhup	legacy-compatible
蝤	qq	iy	1	rime-fast-xhup	legacy-compatible
蝤	yz	iy	1	rime-fast-xhup	legacy-compatible
蝥	mc	mi	0	rime-fast-xhup	legacy-compatible
蝥	mc	si	0	rime-fast-xhup	legacy-compatible
蝮	fu	iw	4	rime-fast-xhup	legacy-compatible
蝰	kv	it	3	rime-fast-xhup	legacy-compatible
蝲	la	id	0	rime-fast-xhup	legacy-compatible
蝴	hu	io	5	rime-fast-xhup	legacy-compatible
蝶	dp	im	21	rime-fast-xhup	legacy-compatible
蝻	nj	ig	2	rime-fast-xhup	legacy-compatible
蝼	lz	in	3	rime-fast-xhup	legacy-compatible
蝽	iy	io	4	rime-fast-xhup	legacy-compatible
蝾	rs	im	4	rime-fast-xhup	legacy-compatible
螂	lh	ie	5	rime-fast-xhup	legacy-compatible
螃	ph	if	3	rime-fast-xhup	legacy-compatible
螅	xi	ix	0	rime-fast-xhup	legacy-compatible
螈	yr	ix	0	rime-fast-xhup	legacy-compatible
螋	sz	iy	2	rime-fast-xhup	legacy-compatible
融	rs	ai	21	rime-fast-xhup	legacy-compatible
螓	qb	ih	1	rime-fast-xhup	legacy-compatible
螗	th	ik	1	rime-fast-xhup	legacy-compatible
螟	mk	ib	7	rime-fast-xhup	legacy-compatible
螠	yi	im	0	rime-fast-xhup	legacy-compatible
螣	tg	oi	2	rime-fast-xhup	legacy-compatible
螨	mj	il	10	rime-fast-xhup	legacy-compatible
螫	ui	ti	2	rime-fast-xhup	legacy-compatible
螫	ve	ti	3	rime-fast-xhup	legacy-compatible
螬	cc	io	3	rime-fast-xhup	legacy-compatible
螭	ii	id	6	rime-fast-xhup	legacy-compatible
螯	ao	fi	8	rime-fast-xhup	legacy-compatible
螱	ww	ui	0	rime-fast-xhup	legacy-compatible
螳	th	it	3	rime-fast-xhup	legacy-compatible
螵	pn	ix	3	rime-fast-xhup	legacy-compatible
螺	lo	ix	14	rime-fast-xhup	legacy-compatible
螽	vs	wi	2	rime-fast-xhup	legacy-compatible
蟀	uk	iu	7	rime-fast-xhup	legacy-compatible
蟆	ma	id	5	rime-fast-xhup	legacy-compatible
蟆	mo	id	0	rime-fast-xhup	legacy-compatible
蟊	mc	mi	1	rime-fast-xhup	legacy-compatible
蟊	mc	si	1	rime-fast-xhup	legacy-compatible
蟋	xi	ix	3	rime-fast-xhup	legacy-compatible
蟌	cs	ix	0	rime-fast-xhup	legacy-compatible
蟏	xn	is	0	rime-fast-xhup	legacy-compatible
蟑	vh	iu	5	rime-fast-xhup	legacy-compatible
蟒	mg	ic	0	rime-fast-xhup	legacy-compatible
蟒	mh	ic	9	rime-fast-xhup	legacy-compatible
蟛	pg	ip	2	rime-fast-xhup	legacy-compatible
蟠	pj	it	6	rime-fast-xhup	legacy-compatible
蟥	hl	ib	1	rime-fast-xhup	legacy-compatible
蟪	hv	ix	2	rime-fast-xhup	legacy-compatible
蟫	xy	iu	0	rime-fast-xhup	legacy-compatible
蟫	yb	iu	1	rime-fast-xhup	legacy-compatible
蟮	uj	ik	4	rime-fast-xhup	legacy-compatible
蟹	xp	di	20	rime-fast-xhup	legacy-compatible
蟾	ij	ik	8	rime-fast-xhup	legacy-compatible
蠃	lo	wf	0	rime-fast-xhup	legacy-compatible
蠊	lm	in	3	rime-fast-xhup	legacy-compatible
蠋	vu	ii	0	rime-fast-xhup	legacy-compatible
蠓	mg	in	3	rime-fast-xhup	legacy-compatible
蠓	mg	iu	3	rime-fast-xhup	legacy-compatible
蠕	ru	ie	5	rime-fast-xhup	legacy-compatible
蠖	ho	iy	2	rime-fast-xhup	legacy-compatible
蠡	li	vi	5	rime-fast-xhup	legacy-compatible
蠢	iy	fi	18	rime-fast-xhup	legacy-compatible
蠲	jr	bi	5	rime-fast-xhup	legacy-compatible
蠹	du	ai	6	rime-fast-xhup	legacy-compatible
蠼	qu	iy	1	rime-fast-xhup	legacy-compatible
血	xp	pm	17	rime-fast-xhup	legacy-compatible
血	xt	pm	36	rime-fast-xhup	legacy-compatible
衃	pw	xb	2	rime-fast-xhup	legacy-compatible
衄	nv	xi	4	rime-fast-xhup	legacy-compatible
衅	xb	xb	5	rime-fast-xhup	legacy-compatible
行	hg	ii	0	rime-fast-xhup	legacy-compatible
行	hh	ii	28	rime-fast-xhup	legacy-compatible
行	xk	ii	47	rime-fast-xhup	legacy-compatible
衍	yj	ii	14	rime-fast-xhup	legacy-compatible
衎	kj	ii	1	rime-fast-xhup	legacy-compatible
衒	xr	ii	1	rime-fast-xhup	legacy-compatible
衔	xm	ii	14	rime-fast-xhup	legacy-compatible
街	jp	ii	30	rime-fast-xhup	legacy-compatible
衙	ya	ii	9	rime-fast-xhup	legacy-compatible
衠	vy	ii	0	rime-fast-xhup	legacy-compatible
衡	hg	ii	17	rime-fast-xhup	legacy-compatible
衢	qu	ii	8	rime-fast-xhup	legacy-compatible
衣	yi	wy	26	rime-fast-xhup	legacy-compatible
补	bu	pb	34	rime-fast-xhup	legacy-compatible
表	bn	fy	41	rime-fast-xhup	legacy-compatible
衩	ia	pi	4	rime-fast-xhup	legacy-compatible
衫	uj	pp	20	rime-fast-xhup	legacy-compatible
衬	if	pc	15	rime-fast-xhup	legacy-compatible
衮	gy	wy	5	rime-fast-xhup	legacy-compatible
衰	cv	wy	2	rime-fast-xhup	legacy-compatible
衰	uk	wy	22	rime-fast-xhup	legacy-compatible
衲	na	pn	5	rime-fast-xhup	legacy-compatible
衷	vs	wy	13	rime-fast-xhup	legacy-compatible
衽	rf	pr	4	rime-fast-xhup	legacy-compatible
衾	qb	ry	8	rime-fast-xhup	legacy-compatible
衿	jb	pv	6	rime-fast-xhup	legacy-compatible
袁	yr	ty	26	rime-fast-xhup	legacy-compatible
袂	mw	pg	9	rime-fast-xhup	legacy-compatible
袄	ao	pd	14	rime-fast-xhup	legacy-compatible
袄	ao	py	14	rime-fast-xhup	legacy-compatible
袅	nn	ny	8	rime-fast-xhup	legacy-compatible
袅	nn	py	8	rime-fast-xhup	legacy-compatible
袆	hv	pw	0	rime-fast-xhup	legacy-compatible
袈	jx	ly	2	rime-fast-xhup	legacy-compatible
袋	dd	ry	24	rime-fast-xhup	legacy-compatible
袍	pc	ps	15	rime-fast-xhup	legacy-compatible
袒	tj	pa	5	rime-fast-xhup	legacy-compatible
袖	xq	py	18	rime-fast-xhup	legacy-compatible
袗	vf	pp	1	rime-fast-xhup	legacy-compatible
袜	wa	pm	14	rime-fast-xhup	legacy-compatible
袢	pj	pb	4	rime-fast-xhup	legacy-compatible
袤	mc	wy	2	rime-fast-xhup	legacy-compatible
袪	qu	ps	3	rime-fast-xhup	legacy-compatible
被	bw	py	60	rime-fast-xhup	legacy-compatible
被	pi	py	0	rime-fast-xhup	legacy-compatible
袭	xi	ly	16	rime-fast-xhup	legacy-compatible
袯	bo	pd	0	rime-fast-xhup	legacy-compatible
袱	fu	pq	3	rime-fast-xhup	legacy-compatible
袷	jp	pk	0	rime-fast-xhup	legacy-compatible
袷	jx	pk	0	rime-fast-xhup	legacy-compatible
袷	qx	pk	2	rime-fast-xhup	legacy-compatible
袼	ge	pk	1	rime-fast-xhup	legacy-compatible
裁	cd	uy	17	rime-fast-xhup	legacy-compatible
裂	lp	dy	19	rime-fast-xhup	legacy-compatible
装	vl	dy	42	rime-fast-xhup	legacy-compatible
装	vl	py	42	rime-fast-xhup	legacy-compatible
裆	dh	pe	10	rime-fast-xhup	legacy-compatible
裈	ky	pi	0	rime-fast-xhup	legacy-compatible
裉	kf	pg	2	rime-fast-xhup	legacy-compatible
裎	ig	pw	3	rime-fast-xhup	legacy-compatible
裒	pz	wy	2	rime-fast-xhup	legacy-compatible
裔	yi	wk	14	rime-fast-xhup	legacy-compatible
裔	yi	yk	14	rime-fast-xhup	legacy-compatible
裕	yu	pk	18	rime-fast-xhup	legacy-compatible
裘	qq	qy	14	rime-fast-xhup	legacy-compatible
裙	qy	pk	19	rime-fast-xhup	legacy-compatible
裛	yi	wy	0	rime-fast-xhup	legacy-compatible
裟	ua	dy	4	rime-fast-xhup	legacy-compatible
裢	lm	pz	2	rime-fast-xhup	legacy-compatible
裣	lm	pa	1	rime-fast-xhup	legacy-compatible
裤	ku	pi	20	rime-fast-xhup	legacy-compatible
裥	jm	po	3	rime-fast-xhup	legacy-compatible
裨	bi	pu	2	rime-fast-xhup	legacy-compatible
裨	pi	pu	2	rime-fast-xhup	legacy-compatible
裰	do	py	1	rime-fast-xhup	legacy-compatible
裱	bn	py	8	rime-fast-xhup	legacy-compatible
裳	ih	xy	2	rime-fast-xhup	legacy-compatible
裳	uh	xy	12	rime-fast-xhup	legacy-compatible
裴	pw	fy	19	rime-fast-xhup	legacy-compatible
裸	lo	pg	19	rime-fast-xhup	legacy-compatible
裹	go	wy	16	rime-fast-xhup	legacy-compatible
裼	ti	pw	1	rime-fast-xhup	legacy-compatible
裼	xi	pw	1	rime-fast-xhup	legacy-compatible
裾	ju	pk	6	rime-fast-xhup	legacy-compatible
褂	gx	pb	8	rime-fast-xhup	legacy-compatible
褊	bm	pc	3	rime-fast-xhup	legacy-compatible
褐	he	pv	13	rime-fast-xhup	legacy-compatible
褒	bc	wy	12	rime-fast-xhup	legacy-compatible
褓	bc	pm	2	rime-fast-xhup	legacy-compatible
褕	yu	pd	2	rime-fast-xhup	legacy-compatible
褙	bw	po	0	rime-fast-xhup	legacy-compatible
褚	iu	po	12	rime-fast-xhup	legacy-compatible
褚	vu	po	3	rime-fast-xhup	legacy-compatible
褛	lv	pn	4	rime-fast-xhup	legacy-compatible
褟	ta	px	4	rime-fast-xhup	legacy-compatible
褡	da	pk	3	rime-fast-xhup	legacy-compatible
褥	ru	pc	6	rime-fast-xhup	legacy-compatible
褪	tv	pz	12	rime-fast-xhup	legacy-compatible
褪	ty	pz	1	rime-fast-xhup	legacy-compatible
褫	ii	pj	2	rime-fast-xhup	legacy-compatible
褯	jp	pj	0	rime-fast-xhup	legacy-compatible
褰	qm	by	0	rime-fast-xhup	legacy-compatible
褴	lj	pm	2	rime-fast-xhup	legacy-compatible
褶	ve	pb	10	rime-fast-xhup	legacy-compatible
襁	ql	pi	2	rime-fast-xhup	legacy-compatible
襄	xl	wy	14	rime-fast-xhup	legacy-compatible
襕	lj	pj	0	rime-fast-xhup	legacy-compatible
襚	sv	pz	1	rime-fast-xhup	legacy-compatible
襜	ij	pk	0	rime-fast-xhup	legacy-compatible
襞	bi	uy	0	rime-fast-xhup	legacy-compatible
襟	jb	px	12	rime-fast-xhup	legacy-compatible
襦	ru	pe	5	rime-fast-xhup	legacy-compatible
襫	ui	pb	0	rime-fast-xhup	legacy-compatible
襻	pj	pu	2	rime-fast-xhup	legacy-compatible
西	xi	aa	36	rime-fast-xhup	legacy-compatible
要	yc	xn	71	rime-fast-xhup	legacy-compatible
覃	qb	xu	14	rime-fast-xhup	legacy-compatible
覃	tj	xu	6	rime-fast-xhup	legacy-compatible
覅	fn	xw	0	rime-fast-xhup	legacy-compatible
覆	fu	xw	18	rime-fast-xhup	legacy-compatible
见	jm	ke	44	rime-fast-xhup	legacy-compatible
见	xm	ke	13	rime-fast-xhup	legacy-compatible
观	gr	ye	28	rime-fast-xhup	legacy-compatible
觃	yj	jz	0	rime-fast-xhup	legacy-compatible
觃	yj	kz	0	rime-fast-xhup	legacy-compatible
规	gv	fe	21	rime-fast-xhup	legacy-compatible
觅	mi	pe	16	rime-fast-xhup	legacy-compatible
觅	mi	ve	16	rime-fast-xhup	legacy-compatible
视	ui	pe	27	rime-fast-xhup	legacy-compatible
觇	ij	le	5	rime-fast-xhup	legacy-compatible
觇	ij	ve	5	rime-fast-xhup	legacy-compatible
览	lj	le	16	rime-fast-xhup	legacy-compatible
觉	jn	xe	19	rime-fast-xhup	legacy-compatible
觉	jt	xe	27	rime-fast-xhup	legacy-compatible
觊	ji	ee	5	rime-fast-xhup	legacy-compatible
觋	xi	ge	6	rime-fast-xhup	legacy-compatible
觋	xi	we	6	rime-fast-xhup	legacy-compatible
觌	di	ue	4	rime-fast-xhup	legacy-compatible
觍	tm	qe	0	rime-fast-xhup	legacy-compatible
觎	yu	re	4	rime-fast-xhup	legacy-compatible
觏	gz	ae	3	rime-fast-xhup	legacy-compatible
觏	gz	jj	3	rime-fast-xhup	legacy-compatible
觐	jb	ne	5	rime-fast-xhup	legacy-compatible
觑	qu	he	7	rime-fast-xhup	legacy-compatible
角	jn	dy	26	rime-fast-xhup	legacy-compatible
角	jt	dy	18	rime-fast-xhup	legacy-compatible
觖	jt	dg	1	rime-fast-xhup	legacy-compatible
觖	jt	dn	1	rime-fast-xhup	legacy-compatible
觚	gu	dg	0	rime-fast-xhup	legacy-compatible
觜	zi	vy	1	rime-fast-xhup	legacy-compatible
觜	zv	vy	4	rime-fast-xhup	legacy-compatible
觞	uh	dp	10	rime-fast-xhup	legacy-compatible
觟	hx	dt	0	rime-fast-xhup	legacy-compatible
觟	xp	dt	1	rime-fast-xhup	legacy-compatible
解	jp	dn	32	rime-fast-xhup	legacy-compatible
解	xp	dn	4	rime-fast-xhup	legacy-compatible
觥	gs	de	4	rime-fast-xhup	legacy-compatible
觥	gs	dw	4	rime-fast-xhup	legacy-compatible
触	iu	di	19	rime-fast-xhup	legacy-compatible
觫	su	du	1	rime-fast-xhup	legacy-compatible
觭	ji	dk	0	rime-fast-xhup	legacy-compatible
觭	qi	dk	0	rime-fast-xhup	legacy-compatible
觯	vi	dl	3	rime-fast-xhup	legacy-compatible
觱	bi	wy	1	rime-fast-xhup	legacy-compatible
觱	bi	xy	1	rime-fast-xhup	legacy-compatible
觳	hu	uy	0	rime-fast-xhup	legacy-compatible
觿	xi	dk	1	rime-fast-xhup	legacy-compatible
言	yj	wk	30	rime-fast-xhup	legacy-compatible
訄	qq	jk	1	rime-fast-xhup	legacy-compatible
訇	hs	bk	3	rime-fast-xhup	legacy-compatible
訚	yb	mk	0	rime-fast-xhup	legacy-compatible
訾	zi	vk	6	rime-fast-xhup	legacy-compatible
詈	li	sk	4	rime-fast-xhup	legacy-compatible
詟	ve	lk	0	rime-fast-xhup	legacy-compatible
詹	vj	dk	17	rime-fast-xhup	legacy-compatible
誉	yu	xk	14	rime-fast-xhup	legacy-compatible
誊	tg	jk	7	rime-fast-xhup	legacy-compatible
誓	ui	fk	16	rime-fast-xhup	legacy-compatible
謇	jm	bk	0	rime-fast-xhup	legacy-compatible
警	jk	ck	19	rime-fast-xhup	legacy-compatible
譬	pi	uk	6	rime-fast-xhup	legacy-compatible
计	ji	yu	26	rime-fast-xhup	legacy-compatible
订	dk	yd	29	rime-fast-xhup	legacy-compatible
讣	fu	yb	5	rime-fast-xhup	legacy-compatible
认	rf	yr	26	rime-fast-xhup	legacy-compatible
讥	ji	yj	8	rime-fast-xhup	legacy-compatible
讦	jp	yg	5	rime-fast-xhup	legacy-compatible
讧	hs	yg	1	rime-fast-xhup	legacy-compatible
讨	tc	yc	21	rime-fast-xhup	legacy-compatible
让	rh	yu	56	rime-fast-xhup	legacy-compatible
讪	uj	ye	4	rime-fast-xhup	legacy-compatible
讫	qi	yq	6	rime-fast-xhup	legacy-compatible
训	xy	yi	25	rime-fast-xhup	legacy-compatible
议	yi	yy	18	rime-fast-xhup	legacy-compatible
讯	xy	yu	26	rime-fast-xhup	legacy-compatible
记	ji	yj	33	rime-fast-xhup	legacy-compatible
讱	rf	yr	0	rime-fast-xhup	legacy-compatible
讲	jl	yj	43	rime-fast-xhup	legacy-compatible
讳	hv	yw	9	rime-fast-xhup	legacy-compatible
讴	ou	yx	4	rime-fast-xhup	legacy-compatible
讵	ju	yj	7	rime-fast-xhup	legacy-compatible
讶	ya	yy	5	rime-fast-xhup	legacy-compatible
讷	ne	yn	11	rime-fast-xhup	legacy-compatible
许	hu	yw	6	rime-fast-xhup	legacy-compatible
许	xu	yw	31	rime-fast-xhup	legacy-compatible
讹	ee	yb	8	rime-fast-xhup	legacy-compatible
论	ly	yb	33	rime-fast-xhup	legacy-compatible
讻	xs	yk	0	rime-fast-xhup	legacy-compatible
讼	ss	ys	9	rime-fast-xhup	legacy-compatible
讽	fg	yx	9	rime-fast-xhup	legacy-compatible
设	ue	yy	29	rime-fast-xhup	legacy-compatible
访	fh	yf	21	rime-fast-xhup	legacy-compatible
诀	jt	yg	15	rime-fast-xhup	legacy-compatible
证	vg	yv	32	rime-fast-xhup	legacy-compatible
诂	gu	yk	4	rime-fast-xhup	legacy-compatible
诃	he	yk	10	rime-fast-xhup	legacy-compatible
评	pk	yp	26	rime-fast-xhup	legacy-compatible
诅	zu	yq	4	rime-fast-xhup	legacy-compatible
识	ui	yb	24	rime-fast-xhup	legacy-compatible
识	vi	yb	1	rime-fast-xhup	legacy-compatible
诇	xs	yk	0	rime-fast-xhup	legacy-compatible
诈	va	yv	12	rime-fast-xhup	legacy-compatible
诉	su	yi	20	rime-fast-xhup	legacy-compatible
诊	vf	yp	14	rime-fast-xhup	legacy-compatible
诋	di	yd	4	rime-fast-xhup	legacy-compatible
诌	vz	ye	6	rime-fast-xhup	legacy-compatible
词	ci	yk	32	rime-fast-xhup	legacy-compatible
诎	qu	yi	3	rime-fast-xhup	legacy-compatible
诏	vc	yk	12	rime-fast-xhup	legacy-compatible
诐	bi	yy	0	rime-fast-xhup	legacy-compatible
译	yi	yl	21	rime-fast-xhup	legacy-compatible
诒	dd	yk	0	rime-fast-xhup	legacy-compatible
诒	yi	yk	6	rime-fast-xhup	legacy-compatible
诓	kl	yw	5	rime-fast-xhup	legacy-compatible
诔	lw	yl	4	rime-fast-xhup	legacy-compatible
试	ui	yg	33	rime-fast-xhup	legacy-compatible
诖	gx	yt	2	rime-fast-xhup	legacy-compatible
诗	ui	yc	31	rime-fast-xhup	legacy-compatible
诘	ji	yk	1	rime-fast-xhup	legacy-compatible
诘	jp	yk	7	rime-fast-xhup	legacy-compatible
诙	hv	yh	3	rime-fast-xhup	legacy-compatible
诚	ig	yi	23	rime-fast-xhup	legacy-compatible
诛	vu	yv	13	rime-fast-xhup	legacy-compatible
诜	uf	ye	0	rime-fast-xhup	legacy-compatible
话	hx	yk	51	rime-fast-xhup	legacy-compatible
诞	dj	yz	10	rime-fast-xhup	legacy-compatible
诟	gz	yk	4	rime-fast-xhup	legacy-compatible
诠	qr	yw	7	rime-fast-xhup	legacy-compatible
诡	gv	yv	9	rime-fast-xhup	legacy-compatible
询	xy	yo	14	rime-fast-xhup	legacy-compatible
诣	yi	yo	8	rime-fast-xhup	legacy-compatible
诤	vg	yl	6	rime-fast-xhup	legacy-compatible
该	gd	yr	50	rime-fast-xhup	legacy-compatible
详	xl	yy	16	rime-fast-xhup	legacy-compatible
详	yh	yy	0	rime-fast-xhup	legacy-compatible
诧	ia	yq	6	rime-fast-xhup	legacy-compatible
诨	hy	yi	2	rime-fast-xhup	legacy-compatible
诩	xu	yx	6	rime-fast-xhup	legacy-compatible
诫	jp	yc	8	rime-fast-xhup	legacy-compatible
诬	wu	yr	8	rime-fast-xhup	legacy-compatible
语	yu	yk	29	rime-fast-xhup	legacy-compatible
诮	qn	yo	3	rime-fast-xhup	legacy-compatible
误	wu	yt	23	rime-fast-xhup	legacy-compatible
诰	gc	yk	6	rime-fast-xhup	legacy-compatible
诱	yz	yn	15	rime-fast-xhup	legacy-compatible
诲	hv	ym	9	rime-fast-xhup	legacy-compatible
诳	kl	yw	6	rime-fast-xhup	legacy-compatible
说	uo	ye	69	rime-fast-xhup	legacy-compatible
说	uv	ye	13	rime-fast-xhup	legacy-compatible
说	yt	ye	13	rime-fast-xhup	legacy-compatible
诵	ss	yy	13	rime-fast-xhup	legacy-compatible
诶	ei	yu	0	flypy-official-ix	official-outside-core
诶	ei	yu	24	rime-fast-xhup	legacy-compatible
诶	xi	yu	0	rime-fast-xhup	legacy-compatible
请	qk	yo	51	rime-fast-xhup	legacy-compatible
诸	vu	yo	23	rime-fast-xhup	legacy-compatible
诹	zz	yy	5	rime-fast-xhup	legacy-compatible
诺	no	yk	26	rime-fast-xhup	legacy-compatible
读	du	yd	38	rime-fast-xhup	legacy-compatible
读	dz	yd	1	rime-fast-xhup	legacy-compatible
诼	vo	yn	2	rime-fast-xhup	legacy-compatible
诽	fw	yf	6	rime-fast-xhup	legacy-compatible
课	ke	yg	35	rime-fast-xhup	legacy-compatible
诿	ww	yn	2	rime-fast-xhup	legacy-compatible
谀	yu	yy	5	rime-fast-xhup	legacy-compatible
谁	uv	yf	48	rime-fast-xhup	legacy-compatible
谁	uw	yf	38	rime-fast-xhup	legacy-compatible
谂	uf	yx	13	rime-fast-xhup	legacy-compatible
调	dn	yk	25	rime-fast-xhup	legacy-compatible
调	tn	yk	31	rime-fast-xhup	legacy-compatible
调	vz	yk	0	rime-fast-xhup	legacy-compatible
谄	ij	yj	5	rime-fast-xhup	legacy-compatible
谅	ll	yx	11	rime-fast-xhup	legacy-compatible
谆	vy	yz	3	rime-fast-xhup	legacy-compatible
谇	sv	yu	2	rime-fast-xhup	legacy-compatible
谈	tj	yh	39	rime-fast-xhup	legacy-compatible
谊	yi	yq	12	rime-fast-xhup	legacy-compatible
谋	mz	ym	21	rime-fast-xhup	legacy-compatible
谌	if	yv	9	rime-fast-xhup	legacy-compatible
谌	uf	yv	0	rime-fast-xhup	legacy-compatible
谍	dp	ym	8	rime-fast-xhup	legacy-compatible
谎	hl	yv	12	rime-fast-xhup	legacy-compatible
谏	jm	yj	12	rime-fast-xhup	legacy-compatible
谐	xp	yb	11	rime-fast-xhup	legacy-compatible
谑	xt	ya	6	rime-fast-xhup	legacy-compatible
谒	ye	yv	8	rime-fast-xhup	legacy-compatible
谓	ww	yo	19	rime-fast-xhup	legacy-compatible
谔	ee	yk	6	rime-fast-xhup	legacy-compatible
谕	yu	yd	9	rime-fast-xhup	legacy-compatible
谖	xr	yy	4	rime-fast-xhup	legacy-compatible
谗	ij	yd	10	rime-fast-xhup	legacy-compatible
谙	an	yo	7	rime-fast-xhup	legacy-compatible
谚	yj	yp	7	rime-fast-xhup	legacy-compatible
谛	di	yj	13	rime-fast-xhup	legacy-compatible
谜	mi	yz	17	rime-fast-xhup	legacy-compatible
谜	mw	yz	0	rime-fast-xhup	legacy-compatible
谝	pm	yc	6	rime-fast-xhup	legacy-compatible
谞	xu	yo	0	rime-fast-xhup	legacy-compatible
谟	mo	yd	9	rime-fast-xhup	legacy-compatible
谠	dh	ye	4	rime-fast-xhup	legacy-compatible
谡	su	yw	4	rime-fast-xhup	legacy-compatible
谢	xp	yc	33	rime-fast-xhup	legacy-compatible
谣	yc	yf	12	rime-fast-xhup	legacy-compatible
谤	bh	yf	7	rime-fast-xhup	legacy-compatible
谥	ui	ym	8	rime-fast-xhup	legacy-compatible
谦	qm	yn	17	rime-fast-xhup	legacy-compatible
谧	mi	ym	7	rime-fast-xhup	legacy-compatible
谨	jb	ya	16	rime-fast-xhup	legacy-compatible
谩	mj	yy	5	rime-fast-xhup	legacy-compatible
谪	ve	yk	7	rime-fast-xhup	legacy-compatible
谫	jm	yd	3	rime-fast-xhup	legacy-compatible
谬	mq	yp	11	rime-fast-xhup	legacy-compatible
谭	tj	yu	24	rime-fast-xhup	legacy-compatible
谮	zf	yo	7	rime-fast-xhup	legacy-compatible
谯	qn	yh	8	rime-fast-xhup	legacy-compatible
谰	lj	yj	7	rime-fast-xhup	legacy-compatible
谱	pu	yo	20	rime-fast-xhup	legacy-compatible
谲	jt	yk	6	rime-fast-xhup	legacy-compatible
谳	yj	yq	0	rime-fast-xhup	legacy-compatible
谴	qm	yz	7	rime-fast-xhup	legacy-compatible
谵	vj	yk	3	rime-fast-xhup	legacy-compatible
谶	if	yd	6	rime-fast-xhup	legacy-compatible
谶	if	yj	6	rime-fast-xhup	legacy-compatible
谷	gu	bk	27	rime-fast-xhup	legacy-compatible
谷	yu	bk	1	rime-fast-xhup	legacy-compatible
谼	hs	bb	1	rime-fast-xhup	legacy-compatible
谿	xi	pk	0	rime-fast-xhup	legacy-compatible
谿	xi	vk	0	rime-fast-xhup	legacy-compatible
豁	ho	bk	12	rime-fast-xhup	legacy-compatible
豁	hx	bk	0	rime-fast-xhup	legacy-compatible
豆	dz	aa	24	rime-fast-xhup	legacy-compatible
豇	jl	ag	3	rime-fast-xhup	legacy-compatible
豇	jl	dg	3	rime-fast-xhup	legacy-compatible
豉	ii	ay	5	rime-fast-xhup	legacy-compatible
豉	ii	dy	5	rime-fast-xhup	legacy-compatible
豌	wj	av	2	rime-fast-xhup	legacy-compatible
豌	wj	dv	2	rime-fast-xhup	legacy-compatible
豕	ui	an	5	rime-fast-xhup	legacy-compatible
豚	ty	ou	10	rime-fast-xhup	legacy-compatible
象	xl	dn	39	rime-fast-xhup	legacy-compatible
豢	hr	ju	5	rime-fast-xhup	legacy-compatible
豨	xi	uj	0	rime-fast-xhup	legacy-compatible
豪	hc	wu	24	rime-fast-xhup	legacy-compatible
豫	yu	sn	16	rime-fast-xhup	legacy-compatible
豫	yu	yn	16	rime-fast-xhup	legacy-compatible
豮	ff	ur	0	rime-fast-xhup	legacy-compatible
豳	bb	eu	3	rime-fast-xhup	legacy-compatible
豳	bb	uk	3	rime-fast-xhup	legacy-compatible
豸	id	pp	1	rime-fast-xhup	legacy-compatible
豸	vi	pp	5	rime-fast-xhup	legacy-compatible
豹	bc	vu	16	rime-fast-xhup	legacy-compatible
豺	id	vc	6	rime-fast-xhup	legacy-compatible
貂	dn	vk	10	rime-fast-xhup	legacy-compatible
貅	xq	vm	4	rime-fast-xhup	legacy-compatible
貆	hr	va	1	rime-fast-xhup	legacy-compatible
貉	hc	vk	4	rime-fast-xhup	legacy-compatible
貉	he	vk	4	rime-fast-xhup	legacy-compatible
貉	mo	vk	0	rime-fast-xhup	legacy-compatible
貊	mo	vb	3	rime-fast-xhup	legacy-compatible
貌	mc	ve	16	rime-fast-xhup	legacy-compatible
貔	pi	vb	1	rime-fast-xhup	legacy-compatible
貘	mo	vd	3	rime-fast-xhup	legacy-compatible
贝	bw	kr	25	rime-fast-xhup	legacy-compatible
贞	vf	lr	18	rime-fast-xhup	legacy-compatible
负	fu	db	27	rime-fast-xhup	legacy-compatible
负	fu	dr	27	rime-fast-xhup	legacy-compatible
贡	gs	gb	15	rime-fast-xhup	legacy-compatible
贡	gs	gr	15	rime-fast-xhup	legacy-compatible
财	cd	bc	25	rime-fast-xhup	legacy-compatible
财	cd	kc	25	rime-fast-xhup	legacy-compatible
责	vd	fr	0	rime-fast-xhup	legacy-compatible
责	ze	fr	18	rime-fast-xhup	legacy-compatible
贤	xm	lr	24	rime-fast-xhup	legacy-compatible
败	bd	bw	23	rime-fast-xhup	legacy-compatible
败	bd	kw	23	rime-fast-xhup	legacy-compatible
账	vh	bi	19	rime-fast-xhup	legacy-compatible
账	vh	ki	19	rime-fast-xhup	legacy-compatible
货	ho	rb	34	rime-fast-xhup	legacy-compatible
货	ho	rr	34	rime-fast-xhup	legacy-compatible
质	vi	ir	24	rime-fast-xhup	legacy-compatible
质	vi	pr	24	rime-fast-xhup	legacy-compatible
贩	fj	by	15	rime-fast-xhup	legacy-compatible
贩	fj	ky	15	rime-fast-xhup	legacy-compatible
贪	tj	rr	21	rime-fast-xhup	legacy-compatible
贫	pb	br	18	rime-fast-xhup	legacy-compatible
贫	pb	fr	18	rime-fast-xhup	legacy-compatible
贬	bm	bz	14	rime-fast-xhup	legacy-compatible
贬	bm	kf	14	rime-fast-xhup	legacy-compatible
购	gz	bs	25	rime-fast-xhup	legacy-compatible
购	gz	ks	25	rime-fast-xhup	legacy-compatible
贮	vu	ba	11	rime-fast-xhup	legacy-compatible
贮	vu	ka	11	rime-fast-xhup	legacy-compatible
贯	gr	gr	0	rime-fast-xhup	legacy-compatible
贯	gr	tr	0	rime-fast-xhup	legacy-compatible
贯	gr	vr	0	rime-fast-xhup	legacy-compatible
贰	er	yr	16	rime-fast-xhup	legacy-compatible
贱	jm	bj	25	rime-fast-xhup	legacy-compatible
贱	jm	kj	25	rime-fast-xhup	legacy-compatible
贲	bf	ur	7	rime-fast-xhup	legacy-compatible
贲	bi	ur	1	rime-fast-xhup	legacy-compatible
贳	ui	ur	1	rime-fast-xhup	legacy-compatible
贴	tp	bk	37	rime-fast-xhup	legacy-compatible
贴	tp	kk	37	rime-fast-xhup	legacy-compatible
贵	gv	vb	39	rime-fast-xhup	legacy-compatible
贵	gv	vr	39	rime-fast-xhup	legacy-compatible
贶	kl	ke	2	rime-fast-xhup	legacy-compatible
贶	kl	ye	2	rime-fast-xhup	legacy-compatible
贷	dd	rr	22	rime-fast-xhup	legacy-compatible
贸	mc	pr	14	rime-fast-xhup	legacy-compatible
费	fw	fb	36	rime-fast-xhup	legacy-compatible
费	fw	fr	36	rime-fast-xhup	legacy-compatible
贺	he	lb	23	rime-fast-xhup	legacy-compatible
贺	he	lr	23	rime-fast-xhup	legacy-compatible
贻	yi	bk	11	rime-fast-xhup	legacy-compatible
贻	yi	kk	11	rime-fast-xhup	legacy-compatible
贼	zw	bu	29	rime-fast-xhup	legacy-compatible
贼	zw	ku	29	rime-fast-xhup	legacy-compatible
贽	vi	fr	4	rime-fast-xhup	legacy-compatible
贾	gu	xb	2	rime-fast-xhup	legacy-compatible
贾	gu	xr	2	rime-fast-xhup	legacy-compatible
贾	jx	xr	24	rime-fast-xhup	legacy-compatible
贿	hv	bo	8	rime-fast-xhup	legacy-compatible
贿	hv	ko	8	rime-fast-xhup	legacy-compatible
赀	zi	vr	0	rime-fast-xhup	legacy-compatible
赁	lb	rr	4	rime-fast-xhup	legacy-compatible
赂	lu	bk	5	rime-fast-xhup	legacy-compatible
赂	lu	kk	5	rime-fast-xhup	legacy-compatible
赃	zh	bt	9	rime-fast-xhup	legacy-compatible
赃	zh	kt	9	rime-fast-xhup	legacy-compatible
资	zi	dr	22	rime-fast-xhup	legacy-compatible
赅	gd	br	4	rime-fast-xhup	legacy-compatible
赅	gd	kr	4	rime-fast-xhup	legacy-compatible
赆	jb	bd	0	rime-fast-xhup	legacy-compatible
赆	jb	kd	0	rime-fast-xhup	legacy-compatible
赇	qq	bq	2	rime-fast-xhup	legacy-compatible
赇	qq	kq	2	rime-fast-xhup	legacy-compatible
赈	vf	bn	8	rime-fast-xhup	legacy-compatible
赈	vf	kn	8	rime-fast-xhup	legacy-compatible
赉	ld	lr	0	rime-fast-xhup	legacy-compatible
赊	ue	bx	8	rime-fast-xhup	legacy-compatible
赊	ue	kx	8	rime-fast-xhup	legacy-compatible
赋	fu	bv	18	rime-fast-xhup	legacy-compatible
赋	fu	kv	18	rime-fast-xhup	legacy-compatible
赌	du	bo	25	rime-fast-xhup	legacy-compatible
赌	du	ko	25	rime-fast-xhup	legacy-compatible
赍	ji	ub	5	rime-fast-xhup	legacy-compatible
赍	ji	ur	5	rime-fast-xhup	legacy-compatible
赎	uu	bd	11	rime-fast-xhup	legacy-compatible
赎	uu	kd	11	rime-fast-xhup	legacy-compatible
赏	uh	xr	20	rime-fast-xhup	legacy-compatible
赐	ci	bw	18	rime-fast-xhup	legacy-compatible
赐	ci	kw	18	rime-fast-xhup	legacy-compatible
赑	bi	br	0	rime-fast-xhup	legacy-compatible
赑	bi	kr	0	rime-fast-xhup	legacy-compatible
赒	vz	bk	0	rime-fast-xhup	legacy-compatible
赒	vz	kk	0	rime-fast-xhup	legacy-compatible
赓	gg	gb	5	rime-fast-xhup	legacy-compatible
赓	gg	gr	5	rime-fast-xhup	legacy-compatible
赔	pw	bk	24	rime-fast-xhup	legacy-compatible
赔	pw	kk	24	rime-fast-xhup	legacy-compatible
赕	dj	bh	3	rime-fast-xhup	legacy-compatible
赕	dj	kh	3	rime-fast-xhup	legacy-compatible
赖	ld	ur	25	rime-fast-xhup	legacy-compatible
赗	fg	bo	0	rime-fast-xhup	legacy-compatible
赗	fg	ko	0	rime-fast-xhup	legacy-compatible
赘	vv	fr	8	rime-fast-xhup	legacy-compatible
赙	fu	bc	4	rime-fast-xhup	legacy-compatible
赙	fu	kc	4	rime-fast-xhup	legacy-compatible
赚	vr	bn	37	rime-fast-xhup	legacy-compatible
赚	vr	kn	37	rime-fast-xhup	legacy-compatible
赚	zr	bn	18	rime-fast-xhup	legacy-compatible
赚	zr	kn	18	rime-fast-xhup	legacy-compatible
赛	sd	br	30	rime-fast-xhup	legacy-compatible
赜	ze	ir	4	rime-fast-xhup	legacy-compatible
赜	ze	kr	4	rime-fast-xhup	legacy-compatible
赝	yj	ir	4	rime-fast-xhup	legacy-compatible
赞	zj	nr	28	rime-fast-xhup	legacy-compatible
赞	zj	xr	28	rime-fast-xhup	legacy-compatible
赟	yy	wr	0	rime-fast-xhup	legacy-compatible
赠	zg	bo	19	rime-fast-xhup	legacy-compatible
赠	zg	ko	19	rime-fast-xhup	legacy-compatible
赡	uj	bk	5	rime-fast-xhup	legacy-compatible
赡	uj	kk	5	rime-fast-xhup	legacy-compatible
赢	yk	wf	31	rime-fast-xhup	legacy-compatible
赣	gj	lb	13	rime-fast-xhup	legacy-compatible
赣	gj	lr	13	rime-fast-xhup	legacy-compatible
赤	ii	td	21	rime-fast-xhup	legacy-compatible
赦	ue	tw	9	rime-fast-xhup	legacy-compatible
赧	nj	ty	4	rime-fast-xhup	legacy-compatible
赪	ig	tr	0	rime-fast-xhup	legacy-compatible
赫	he	td	20	rime-fast-xhup	legacy-compatible
赭	ve	to	7	rime-fast-xhup	legacy-compatible
走	zz	tr	50	rime-fast-xhup	legacy-compatible
赳	jq	tl	5	rime-fast-xhup	legacy-compatible
赴	fu	tb	25	rime-fast-xhup	legacy-compatible
赵	vc	tx	33	rime-fast-xhup	legacy-compatible
赶	gj	tg	29	rime-fast-xhup	legacy-compatible
起	qi	tj	45	rime-fast-xhup	legacy-compatible
趁	if	tp	24	rime-fast-xhup	legacy-compatible
趄	ju	tq	2	rime-fast-xhup	legacy-compatible
趄	qp	tq	2	rime-fast-xhup	legacy-compatible
超	ic	tk	36	rime-fast-xhup	legacy-compatible
越	yt	tv	39	rime-fast-xhup	legacy-compatible
趋	cu	te	0	rime-fast-xhup	legacy-compatible
趋	qu	te	18	rime-fast-xhup	legacy-compatible
趑	zi	tr	7	rime-fast-xhup	legacy-compatible
趔	lp	td	4	rime-fast-xhup	legacy-compatible
趟	th	tk	23	rime-fast-xhup	legacy-compatible
趣	cu	ty	0	rime-fast-xhup	legacy-compatible
趣	qu	ty	18	rime-fast-xhup	legacy-compatible
趯	ti	tf	0	rime-fast-xhup	legacy-compatible
趯	yt	tf	1	rime-fast-xhup	legacy-compatible
趱	zj	tr	3	rime-fast-xhup	legacy-compatible
足	zu	kr	29	rime-fast-xhup	legacy-compatible
趴	pa	zb	18	rime-fast-xhup	legacy-compatible
趵	bc	zu	1	rime-fast-xhup	legacy-compatible
趵	bo	zu	0	rime-fast-xhup	legacy-compatible
趸	dy	wr	5	rime-fast-xhup	legacy-compatible
趺	fu	zf	3	rime-fast-xhup	legacy-compatible
趼	jm	zc	2	rime-fast-xhup	legacy-compatible
趼	jm	zk	2	rime-fast-xhup	legacy-compatible
趾	vi	zv	12	rime-fast-xhup	legacy-compatible
趿	ta	zj	3	rime-fast-xhup	legacy-compatible
跂	qi	zy	2	rime-fast-xhup	legacy-compatible
跃	yt	zy	18	rime-fast-xhup	legacy-compatible
跄	ql	zv	3	rime-fast-xhup	legacy-compatible
跆	td	zk	3	rime-fast-xhup	legacy-compatible
跋	ba	zd	9	rime-fast-xhup	legacy-compatible
跌	dp	zu	35	rime-fast-xhup	legacy-compatible
跎	to	zb	3	rime-fast-xhup	legacy-compatible
跏	jx	zk	2	rime-fast-xhup	legacy-compatible
跐	ci	zb	1	rime-fast-xhup	legacy-compatible
跑	pc	zs	43	rime-fast-xhup	legacy-compatible
跖	vi	zu	0	rime-fast-xhup	legacy-compatible
跗	fu	zc	3	rime-fast-xhup	legacy-compatible
跚	uj	zc	7	rime-fast-xhup	legacy-compatible
跛	bo	zy	8	rime-fast-xhup	legacy-compatible
距	ju	zj	30	rime-fast-xhup	legacy-compatible
跞	li	zl	1	rime-fast-xhup	legacy-compatible
跞	lo	zl	1	rime-fast-xhup	legacy-compatible
跟	gf	zg	54	rime-fast-xhup	legacy-compatible
跣	xm	ze	3	rime-fast-xhup	legacy-compatible
跤	jn	zx	7	rime-fast-xhup	legacy-compatible
跨	kx	zk	25	rime-fast-xhup	legacy-compatible
跩	vk	zy	2	rime-fast-xhup	legacy-compatible
跪	gv	zv	17	rime-fast-xhup	legacy-compatible
跬	kv	zt	1	rime-fast-xhup	legacy-compatible
路	lu	zk	42	rime-fast-xhup	legacy-compatible
跱	vi	zc	0	rime-fast-xhup	legacy-compatible
跳	tc	zd	0	rime-fast-xhup	legacy-compatible
跳	tn	zd	34	rime-fast-xhup	legacy-compatible
践	jm	zj	11	rime-fast-xhup	legacy-compatible
跶	da	zz	0	rime-fast-xhup	legacy-compatible
跷	qn	zw	8	rime-fast-xhup	legacy-compatible
跸	bi	zu	0	rime-fast-xhup	legacy-compatible
跹	xm	zz	3	rime-fast-xhup	legacy-compatible
跺	do	zm	11	rime-fast-xhup	legacy-compatible
跻	ji	zl	5	rime-fast-xhup	legacy-compatible
跽	ji	zx	1	rime-fast-xhup	legacy-compatible
踅	xt	fr	3	rime-fast-xhup	legacy-compatible
踉	ll	zl	3	rime-fast-xhup	legacy-compatible
踊	ys	zy	4	rime-fast-xhup	legacy-compatible
踌	iz	zc	4	rime-fast-xhup	legacy-compatible
踏	ta	zo	19	rime-fast-xhup	legacy-compatible
踒	wo	zn	1	rime-fast-xhup	legacy-compatible
踔	io	zu	2	rime-fast-xhup	legacy-compatible
踝	hk	zg	8	rime-fast-xhup	legacy-compatible
踞	ju	zk	7	rime-fast-xhup	legacy-compatible
踟	ii	zk	1	rime-fast-xhup	legacy-compatible
踢	ti	zw	29	rime-fast-xhup	legacy-compatible
踣	bo	zk	2	rime-fast-xhup	legacy-compatible
踦	qi	zk	0	rime-fast-xhup	legacy-compatible
踦	yi	zk	1	rime-fast-xhup	legacy-compatible
踩	cd	zm	29	rime-fast-xhup	legacy-compatible
踪	zs	zx	14	rime-fast-xhup	legacy-compatible
踬	vi	zr	2	rime-fast-xhup	legacy-compatible
踮	dm	zk	9	rime-fast-xhup	legacy-compatible
踯	vi	ze	2	rime-fast-xhup	legacy-compatible
踱	do	zy	11	rime-fast-xhup	legacy-compatible
踵	vs	zv	6	rime-fast-xhup	legacy-compatible
踶	di	zr	1	rime-fast-xhup	legacy-compatible
踹	ik	ze	18	rime-fast-xhup	legacy-compatible
踺	jm	zz	3	rime-fast-xhup	legacy-compatible
踽	ju	zy	2	rime-fast-xhup	legacy-compatible
蹀	dp	zm	2	rime-fast-xhup	legacy-compatible
蹁	pm	zc	1	rime-fast-xhup	legacy-compatible
蹂	rz	zm	4	rime-fast-xhup	legacy-compatible
蹄	ti	zj	13	rime-fast-xhup	legacy-compatible
蹅	ia	za	1	rime-fast-xhup	legacy-compatible
蹇	jm	br	9	rime-fast-xhup	legacy-compatible
蹈	dc	zj	9	rime-fast-xhup	legacy-compatible
蹉	co	zg	4	rime-fast-xhup	legacy-compatible
蹊	qi	zd	4	rime-fast-xhup	legacy-compatible
蹊	xi	zd	3	rime-fast-xhup	legacy-compatible
蹋	ta	zx	7	rime-fast-xhup	legacy-compatible
蹐	ji	zo	1	rime-fast-xhup	legacy-compatible
蹑	np	zy	5	rime-fast-xhup	legacy-compatible
蹒	pj	zl	2	rime-fast-xhup	legacy-compatible
蹙	cu	wr	10	rime-fast-xhup	legacy-compatible
蹚	th	zt	2	rime-fast-xhup	legacy-compatible
蹜	su	zb	1	rime-fast-xhup	legacy-compatible
蹢	di	zk	0	rime-fast-xhup	legacy-compatible
蹢	vi	zk	0	rime-fast-xhup	legacy-compatible
蹦	bg	zo	18	rime-fast-xhup	legacy-compatible
蹩	bp	dr	6	rime-fast-xhup	legacy-compatible
蹩	bp	xr	6	rime-fast-xhup	legacy-compatible
蹬	dg	za	16	rime-fast-xhup	legacy-compatible
蹭	cg	zo	21	rime-fast-xhup	legacy-compatible
蹯	fj	zt	1	rime-fast-xhup	legacy-compatible
蹰	iu	zc	5	rime-fast-xhup	legacy-compatible
蹲	cy	zc	1	rime-fast-xhup	legacy-compatible
蹲	dy	zc	18	rime-fast-xhup	legacy-compatible
蹴	cu	zy	6	rime-fast-xhup	legacy-compatible
蹴	jq	zy	0	rime-fast-xhup	legacy-compatible
蹶	jt	zr	5	rime-fast-xhup	legacy-compatible
蹼	pu	zn	4	rime-fast-xhup	legacy-compatible
蹽	ln	zx	0	rime-fast-xhup	legacy-compatible
蹾	dy	zw	0	rime-fast-xhup	legacy-compatible
蹿	cr	zi	12	rime-fast-xhup	legacy-compatible
躁	zc	zm	12	rime-fast-xhup	legacy-compatible
躅	vu	zi	3	rime-fast-xhup	legacy-compatible
躇	iu	zo	3	rime-fast-xhup	legacy-compatible
躏	lb	zf	1	rime-fast-xhup	legacy-compatible
躐	lp	zv	1	rime-fast-xhup	legacy-compatible
躔	ij	zt	4	rime-fast-xhup	legacy-compatible
躜	zr	zr	2	rime-fast-xhup	legacy-compatible
躝	lj	zj	1	rime-fast-xhup	legacy-compatible
躞	xp	zy	3	rime-fast-xhup	legacy-compatible
身	uf	pp	32	rime-fast-xhup	legacy-compatible
躬	gs	ug	12	rime-fast-xhup	legacy-compatible
躯	qu	ux	10	rime-fast-xhup	legacy-compatible
躲	do	um	25	rime-fast-xhup	legacy-compatible
躺	th	uk	23	rime-fast-xhup	legacy-compatible
車	ju	al	0	rime-fast-xhup	legacy-compatible
车	ie	al	44	rime-fast-xhup	legacy-compatible
车	ju	al	1	rime-fast-xhup	legacy-compatible
轧	ga	iv	7	rime-fast-xhup	legacy-compatible
轧	va	iv	10	rime-fast-xhup	legacy-compatible
轧	ya	iv	8	rime-fast-xhup	legacy-compatible
轨	gv	ij	16	rime-fast-xhup	legacy-compatible
轩	xr	ig	23	rime-fast-xhup	legacy-compatible
轪	dd	id	0	rime-fast-xhup	legacy-compatible
轫	rf	ir	4	rime-fast-xhup	legacy-compatible
转	vk	iv	0	rime-fast-xhup	legacy-compatible
转	vr	iv	40	rime-fast-xhup	legacy-compatible
轭	ee	iv	5	rime-fast-xhup	legacy-compatible
轮	ly	ib	28	rime-fast-xhup	legacy-compatible
软	rr	ir	28	rime-fast-xhup	legacy-compatible
轰	hs	iy	18	rime-fast-xhup	legacy-compatible
轱	gu	ik	3	rime-fast-xhup	legacy-compatible
轲	ke	ik	7	rime-fast-xhup	legacy-compatible
轳	lu	iu	1	rime-fast-xhup	legacy-compatible
轴	vz	iy	22	rime-fast-xhup	legacy-compatible
轵	vi	ib	3	rime-fast-xhup	legacy-compatible
轶	yi	iu	11	rime-fast-xhup	legacy-compatible
轷	hu	ih	1	rime-fast-xhup	legacy-compatible
轸	vf	ip	6	rime-fast-xhup	legacy-compatible
轹	li	il	0	rime-fast-xhup	legacy-compatible
轺	yc	ik	1	rime-fast-xhup	legacy-compatible
轻	qk	ig	31	rime-fast-xhup	legacy-compatible
轼	ui	ig	6	rime-fast-xhup	legacy-compatible
载	zd	ui	25	rime-fast-xhup	legacy-compatible
轾	vi	it	0	rime-fast-xhup	legacy-compatible
轿	jn	il	12	rime-fast-xhup	legacy-compatible
辀	vz	iv	0	rime-fast-xhup	legacy-compatible
辁	qr	iw	1	rime-fast-xhup	legacy-compatible
辂	lu	ik	3	rime-fast-xhup	legacy-compatible
较	jn	ix	34	rime-fast-xhup	legacy-compatible
辄	ve	iv	9	rime-fast-xhup	legacy-compatible
辅	fu	if	17	rime-fast-xhup	legacy-compatible
辆	ll	il	24	rime-fast-xhup	legacy-compatible
辇	nm	fi	8	rime-fast-xhup	legacy-compatible
辈	bw	fi	16	rime-fast-xhup	legacy-compatible
辉	hv	gi	26	rime-fast-xhup	legacy-compatible
辉	hv	xi	26	rime-fast-xhup	legacy-compatible
辊	gy	ib	13	rime-fast-xhup	legacy-compatible
辋	wh	iw	1	rime-fast-xhup	legacy-compatible
辌	ll	ix	0	rime-fast-xhup	legacy-compatible
辍	io	iy	6	rime-fast-xhup	legacy-compatible
辎	zi	it	2	rime-fast-xhup	legacy-compatible
辏	cz	it	2	rime-fast-xhup	legacy-compatible
辐	fu	it	8	rime-fast-xhup	legacy-compatible
辑	ji	ie	17	rime-fast-xhup	legacy-compatible
辒	wf	im	0	rime-fast-xhup	legacy-compatible
输	uu	id	31	rime-fast-xhup	legacy-compatible
辔	pw	sk	7	rime-fast-xhup	legacy-compatible
辕	yr	iy	7	rime-fast-xhup	legacy-compatible
辖	xx	ik	13	rime-fast-xhup	legacy-compatible
辗	nm	in	4	rime-fast-xhup	legacy-compatible
辗	vj	in	5	rime-fast-xhup	legacy-compatible
辘	lu	ib	3	rime-fast-xhup	legacy-compatible
辙	ve	iw	11	rime-fast-xhup	legacy-compatible
辚	lb	il	3	rime-fast-xhup	legacy-compatible
辛	xb	lu	22	rime-fast-xhup	legacy-compatible
辜	gu	uu	12	rime-fast-xhup	legacy-compatible
辞	ci	qu	21	rime-fast-xhup	legacy-compatible
辞	ci	uu	21	rime-fast-xhup	legacy-compatible
辟	bi	uu	12	rime-fast-xhup	legacy-compatible
辟	pi	uu	12	rime-fast-xhup	legacy-compatible
辣	la	lu	23	rime-fast-xhup	legacy-compatible
辣	la	xu	23	rime-fast-xhup	legacy-compatible
辨	bm	lu	17	rime-fast-xhup	legacy-compatible
辨	bm	xp	17	rime-fast-xhup	legacy-compatible
辩	bm	lu	18	rime-fast-xhup	legacy-compatible
辩	bm	xy	18	rime-fast-xhup	legacy-compatible
辫	bm	lu	10	rime-fast-xhup	legacy-compatible
辫	bm	xs	10	rime-fast-xhup	legacy-compatible
辰	if	in	20	rime-fast-xhup	legacy-compatible
辱	ru	ic	13	rime-fast-xhup	legacy-compatible
边	bm	zl	39	rime-fast-xhup	legacy-compatible
辻	ui	zu	0	rime-fast-xhup	legacy-compatible
辽	ln	zl	17	rime-fast-xhup	legacy-compatible
达	da	zd	36	rime-fast-xhup	legacy-compatible
辿	ij	ze	1	rime-fast-xhup	legacy-compatible
迁	qm	zq	19	rime-fast-xhup	legacy-compatible
迂	yu	zy	7	rime-fast-xhup	legacy-compatible
迄	qi	zq	7	rime-fast-xhup	legacy-compatible
迅	xy	zu	15	rime-fast-xhup	legacy-compatible
过	go	zc	58	rime-fast-xhup	legacy-compatible
迈	md	zw	22	rime-fast-xhup	legacy-compatible
迎	yk	ze	23	rime-fast-xhup	legacy-compatible
运	yy	zs	28	rime-fast-xhup	legacy-compatible
近	jb	zj	40	rime-fast-xhup	legacy-compatible
迓	ya	zy	2	rime-fast-xhup	legacy-compatible
返	fj	zy	26	rime-fast-xhup	legacy-compatible
迕	wu	zw	1	rime-fast-xhup	legacy-compatible
还	hd	zb	67	rime-fast-xhup	legacy-compatible
还	hr	zb	32	rime-fast-xhup	legacy-compatible
这	ve	zw	62	rime-fast-xhup	legacy-compatible
这	vw	zw	26	rime-fast-xhup	legacy-compatible
进	jb	zj	44	rime-fast-xhup	legacy-compatible
远	yr	ze	38	rime-fast-xhup	legacy-compatible
违	ww	zw	13	rime-fast-xhup	legacy-compatible
连	lm	zi	44	rime-fast-xhup	legacy-compatible
迟	ii	zi	25	rime-fast-xhup	legacy-compatible
迢	tn	zk	4	rime-fast-xhup	legacy-compatible
迤	yi	zy	5	rime-fast-xhup	legacy-compatible
迥	js	zk	16	rime-fast-xhup	legacy-compatible
迦	jx	zk	15	rime-fast-xhup	legacy-compatible
迨	dd	zk	5	rime-fast-xhup	legacy-compatible
迩	er	zx	9	rime-fast-xhup	legacy-compatible
迪	di	zy	23	rime-fast-xhup	legacy-compatible
迫	pd	zb	2	rime-fast-xhup	legacy-compatible
迫	po	zb	15	rime-fast-xhup	legacy-compatible
迭	dp	zu	13	rime-fast-xhup	legacy-compatible
迮	ze	zv	1	rime-fast-xhup	legacy-compatible
述	uu	zu	18	rime-fast-xhup	legacy-compatible
迳	jk	zg	6	rime-fast-xhup	legacy-compatible
迷	mi	zm	29	rime-fast-xhup	legacy-compatible
迸	bg	zc	8	rime-fast-xhup	legacy-compatible
迸	bg	zk	8	rime-fast-xhup	legacy-compatible
迹	ji	zd	17	rime-fast-xhup	legacy-compatible
迺	nd	zx	3	rime-fast-xhup	legacy-compatible
追	dv	zk	0	rime-fast-xhup	legacy-compatible
追	vv	zk	32	rime-fast-xhup	legacy-compatible
退	tv	zg	34	rime-fast-xhup	legacy-compatible
送	ss	zt	42	rime-fast-xhup	legacy-compatible
适	ko	zk	1	rime-fast-xhup	legacy-compatible
适	ui	zk	20	rime-fast-xhup	legacy-compatible
逃	tc	zd	25	rime-fast-xhup	legacy-compatible
逄	ph	zl	5	rime-fast-xhup	legacy-compatible
逅	hz	zk	3	rime-fast-xhup	legacy-compatible
逆	ni	zp	21	rime-fast-xhup	legacy-compatible
选	xr	ze	39	rime-fast-xhup	legacy-compatible
逊	xy	zx	15	rime-fast-xhup	legacy-compatible
逋	bu	zf	4	rime-fast-xhup	legacy-compatible
逍	xn	zo	11	rime-fast-xhup	legacy-compatible
透	tz	zn	24	rime-fast-xhup	legacy-compatible
逐	vu	zu	19	rime-fast-xhup	legacy-compatible
逑	qq	zq	5	rime-fast-xhup	legacy-compatible
递	di	zp	20	rime-fast-xhup	legacy-compatible
途	tu	zh	17	rime-fast-xhup	legacy-compatible
逖	ti	zh	3	rime-fast-xhup	legacy-compatible
逗	dz	za	24	rime-fast-xhup	legacy-compatible
通	ts	zy	35	rime-fast-xhup	legacy-compatible
逛	gl	zw	29	rime-fast-xhup	legacy-compatible
逝	ui	zj	17	rime-fast-xhup	legacy-compatible
逞	ig	zw	10	rime-fast-xhup	legacy-compatible
速	su	zu	24	rime-fast-xhup	legacy-compatible
造	zc	zk	31	rime-fast-xhup	legacy-compatible
逡	qy	zw	2	rime-fast-xhup	legacy-compatible
逢	fg	zf	21	rime-fast-xhup	legacy-compatible
逦	li	zl	3	rime-fast-xhup	legacy-compatible
逭	hr	zk	2	rime-fast-xhup	legacy-compatible
逮	dd	zn	16	rime-fast-xhup	legacy-compatible
逯	lu	zu	5	rime-fast-xhup	legacy-compatible
逴	io	zu	1	rime-fast-xhup	legacy-compatible
逵	kv	zt	8	rime-fast-xhup	legacy-compatible
逶	ww	zn	4	rime-fast-xhup	legacy-compatible
逸	yi	zd	22	rime-fast-xhup	legacy-compatible
逻	lo	zx	6	rime-fast-xhup	legacy-compatible
逼	bi	zt	28	rime-fast-xhup	legacy-compatible
逾	yu	zd	20	rime-fast-xhup	legacy-compatible
遁	dy	zo	13	rime-fast-xhup	legacy-compatible
遂	sv	zu	23	rime-fast-xhup	legacy-compatible
遄	ir	ze	3	rime-fast-xhup	legacy-compatible
遆	di	zj	0	rime-fast-xhup	legacy-compatible
遆	ti	zj	0	rime-fast-xhup	legacy-compatible
遇	yu	zy	25	rime-fast-xhup	legacy-compatible
遍	bm	zc	28	rime-fast-xhup	legacy-compatible
遏	ee	zv	8	rime-fast-xhup	legacy-compatible
遐	xx	zy	9	rime-fast-xhup	legacy-compatible
遑	hl	zw	3	rime-fast-xhup	legacy-compatible
遒	qq	zy	6	rime-fast-xhup	legacy-compatible
道	dc	zz	40	rime-fast-xhup	legacy-compatible
遗	ww	zr	2	rime-fast-xhup	legacy-compatible
遗	yi	zr	17	rime-fast-xhup	legacy-compatible
遘	gz	zr	3	rime-fast-xhup	legacy-compatible
遛	lq	zt	12	rime-fast-xhup	legacy-compatible
遢	ta	zx	4	rime-fast-xhup	legacy-compatible
遣	qm	zk	15	rime-fast-xhup	legacy-compatible
遥	yc	zf	19	rime-fast-xhup	legacy-compatible
遨	ao	zw	6	rime-fast-xhup	legacy-compatible
遭	zc	zo	29	rime-fast-xhup	legacy-compatible
遮	ve	zh	18	rime-fast-xhup	legacy-compatible
遴	lb	zl	3	rime-fast-xhup	legacy-compatible
遵	zy	zc	13	rime-fast-xhup	legacy-compatible
遹	yu	zk	2	rime-fast-xhup	legacy-compatible
遽	ju	zu	7	rime-fast-xhup	legacy-compatible
避	bi	zu	21	rime-fast-xhup	legacy-compatible
邀	yc	zw	20	rime-fast-xhup	legacy-compatible
邂	xp	zn	4	rime-fast-xhup	legacy-compatible
邃	sv	zu	6	rime-fast-xhup	legacy-compatible
邈	mn	ze	8	rime-fast-xhup	legacy-compatible
邋	la	zv	6	rime-fast-xhup	legacy-compatible
邑	yi	kb	14	rime-fast-xhup	legacy-compatible
邓	dg	ye	26	rime-fast-xhup	legacy-compatible
邕	ys	vb	6	rime-fast-xhup	legacy-compatible
邗	hj	ge	4	rime-fast-xhup	legacy-compatible
邘	yu	ye	0	rime-fast-xhup	legacy-compatible
邙	mh	we	2	rime-fast-xhup	legacy-compatible
邛	qs	ge	6	rime-fast-xhup	legacy-compatible
邝	kl	ge	11	rime-fast-xhup	legacy-compatible
邠	bb	be	2	rime-fast-xhup	legacy-compatible
邠	bb	fe	2	rime-fast-xhup	legacy-compatible
邡	fh	fe	1	rime-fast-xhup	legacy-compatible
邢	xk	ke	18	rime-fast-xhup	legacy-compatible
那	na	ve	67	rime-fast-xhup	legacy-compatible
那	nw	ve	20	rime-fast-xhup	legacy-compatible
邦	bh	fe	24	rime-fast-xhup	legacy-compatible
邨	cy	te	4	rime-fast-xhup	legacy-compatible
邪	xp	ye	23	rime-fast-xhup	legacy-compatible
邪	xu	ye	0	rime-fast-xhup	legacy-compatible
邪	ya	ye	0	rime-fast-xhup	legacy-compatible
邪	ye	ye	3	rime-fast-xhup	legacy-compatible
邪	yu	ye	0	rime-fast-xhup	legacy-compatible
邬	wu	we	12	rime-fast-xhup	legacy-compatible
邮	yz	ye	19	rime-fast-xhup	legacy-compatible
邯	hj	ge	6	rime-fast-xhup	legacy-compatible
邰	td	se	7	rime-fast-xhup	legacy-compatible
邱	qq	qe	23	rime-fast-xhup	legacy-compatible
邲	bi	be	1	rime-fast-xhup	legacy-compatible
邳	pi	be	5	rime-fast-xhup	legacy-compatible
邳	pi	pe	5	rime-fast-xhup	legacy-compatible
邴	bk	be	4	rime-fast-xhup	legacy-compatible
邵	uc	de	21	rime-fast-xhup	legacy-compatible
邶	bw	be	0	rime-fast-xhup	legacy-compatible
邶	bw	le	0	rime-fast-xhup	legacy-compatible
邸	di	de	10	rime-fast-xhup	legacy-compatible
邹	zz	de	12	rime-fast-xhup	legacy-compatible
邺	ye	ye	7	rime-fast-xhup	legacy-compatible
邻	lb	re	18	rime-fast-xhup	legacy-compatible
邽	gv	te	1	rime-fast-xhup	legacy-compatible
邾	vu	ve	0	rime-fast-xhup	legacy-compatible
邿	ui	te	1	rime-fast-xhup	legacy-compatible
郁	yu	ue	19	rime-fast-xhup	legacy-compatible
郃	he	re	3	rime-fast-xhup	legacy-compatible
郄	qp	xe	4	rime-fast-xhup	legacy-compatible
郄	xi	xe	0	rime-fast-xhup	legacy-compatible
郅	vi	ae	7	rime-fast-xhup	legacy-compatible
郅	vi	ve	7	rime-fast-xhup	legacy-compatible
郇	hr	be	4	rime-fast-xhup	legacy-compatible
郇	xy	be	1	rime-fast-xhup	legacy-compatible
郈	hz	ie	1	rime-fast-xhup	legacy-compatible
郈	hz	pe	1	rime-fast-xhup	legacy-compatible
郊	jn	we	13	rime-fast-xhup	legacy-compatible
郎	lh	de	24	rime-fast-xhup	legacy-compatible
郏	jx	je	4	rime-fast-xhup	legacy-compatible
郐	kk	re	2	rime-fast-xhup	legacy-compatible
郑	vg	be	29	rime-fast-xhup	legacy-compatible
郓	yy	be	3	rime-fast-xhup	legacy-compatible
郗	xi	xe	6	rime-fast-xhup	legacy-compatible
郚	wu	we	0	rime-fast-xhup	legacy-compatible
郛	fu	pe	2	rime-fast-xhup	legacy-compatible
郛	fu	ve	2	rime-fast-xhup	legacy-compatible
郜	gc	ne	7	rime-fast-xhup	legacy-compatible
郝	hc	te	21	rime-fast-xhup	legacy-compatible
郡	jy	ye	20	rime-fast-xhup	legacy-compatible
郢	yk	ke	9	rime-fast-xhup	legacy-compatible
郤	xi	be	3	rime-fast-xhup	legacy-compatible
郦	li	le	8	rime-fast-xhup	legacy-compatible
郦	vi	le	0	rime-fast-xhup	legacy-compatible
郧	yy	ke	5	rime-fast-xhup	legacy-compatible
部	bu	le	39	rime-fast-xhup	legacy-compatible
郪	qi	ae	1	rime-fast-xhup	legacy-compatible
郫	pi	pe	2	rime-fast-xhup	legacy-compatible
郭	go	we	30	rime-fast-xhup	legacy-compatible
郯	tj	he	5	rime-fast-xhup	legacy-compatible
郴	if	me	9	rime-fast-xhup	legacy-compatible
郸	dj	be	2	rime-fast-xhup	legacy-compatible
都	du	le	32	rime-fast-xhup	legacy-compatible
都	dz	le	71	rime-fast-xhup	legacy-compatible
郾	yj	ke	0	rime-fast-xhup	legacy-compatible
郿	mw	ve	0	rime-fast-xhup	legacy-compatible
鄀	ro	ce	1	rime-fast-xhup	legacy-compatible
鄂	ee	ke	17	rime-fast-xhup	legacy-compatible
鄃	uu	re	1	rime-fast-xhup	legacy-compatible
鄄	jr	xe	5	rime-fast-xhup	legacy-compatible
鄅	yu	ye	0	rime-fast-xhup	legacy-compatible
鄌	th	ge	0	rime-fast-xhup	legacy-compatible
鄑	zi	ye	1	rime-fast-xhup	legacy-compatible
鄗	hc	we	1	rime-fast-xhup	legacy-compatible
鄘	ys	ge	1	rime-fast-xhup	legacy-compatible
鄙	bi	ke	9	rime-fast-xhup	legacy-compatible
鄚	mc	ce	0	rime-fast-xhup	legacy-compatible
鄜	fu	ge	2	rime-fast-xhup	legacy-compatible
鄞	yb	ne	4	rime-fast-xhup	legacy-compatible
鄠	hu	ye	1	rime-fast-xhup	legacy-compatible
鄢	yj	ve	9	rime-fast-xhup	legacy-compatible
鄣	vh	le	0	rime-fast-xhup	legacy-compatible
鄫	zg	be	1	rime-fast-xhup	legacy-compatible
鄯	uj	ye	0	rime-fast-xhup	legacy-compatible
鄱	po	be	4	rime-fast-xhup	legacy-compatible
鄱	po	pe	4	rime-fast-xhup	legacy-compatible
鄹	zz	ee	2	rime-fast-xhup	legacy-compatible
酂	co	ne	0	rime-fast-xhup	legacy-compatible
酂	zj	ne	0	rime-fast-xhup	legacy-compatible
酂	zj	xe	0	rime-fast-xhup	legacy-compatible
酃	lk	ye	3	rime-fast-xhup	legacy-compatible
酅	xi	ee	0	rime-fast-xhup	legacy-compatible
酆	fg	ee	3	rime-fast-xhup	legacy-compatible
酆	fg	fe	3	rime-fast-xhup	legacy-compatible
酉	yz	xa	11	rime-fast-xhup	legacy-compatible
酊	dk	yd	5	rime-fast-xhup	legacy-compatible
酋	qq	by	6	rime-fast-xhup	legacy-compatible
酌	vo	yu	10	rime-fast-xhup	legacy-compatible
配	pw	yj	33	rime-fast-xhup	legacy-compatible
酎	vz	yc	3	rime-fast-xhup	legacy-compatible
酏	yi	yy	1	rime-fast-xhup	legacy-compatible
酐	gj	yg	5	rime-fast-xhup	legacy-compatible
酒	jq	dy	35	rime-fast-xhup	legacy-compatible
酗	xu	yk	3	rime-fast-xhup	legacy-compatible
酚	ff	yd	14	rime-fast-xhup	legacy-compatible
酝	yy	ys	6	rime-fast-xhup	legacy-compatible
酞	td	yt	5	rime-fast-xhup	legacy-compatible
酡	to	yb	3	rime-fast-xhup	legacy-compatible
酢	cu	yv	1	rime-fast-xhup	legacy-compatible
酢	zo	yv	3	rime-fast-xhup	legacy-compatible
酣	hj	yg	10	rime-fast-xhup	legacy-compatible
酤	gu	yk	3	rime-fast-xhup	legacy-compatible
酥	su	yh	16	rime-fast-xhup	legacy-compatible
酦	fa	yd	0	rime-fast-xhup	legacy-compatible
酦	po	yd	0	rime-fast-xhup	legacy-compatible
酩	mk	yk	3	rime-fast-xhup	legacy-compatible
酪	lc	yk	7	rime-fast-xhup	legacy-compatible
酬	iz	yv	13	rime-fast-xhup	legacy-compatible
酮	ts	yk	15	rime-fast-xhup	legacy-compatible
酯	vi	yo	14	rime-fast-xhup	legacy-compatible
酰	xm	ye	9	rime-fast-xhup	legacy-compatible
酱	jl	dy	20	rime-fast-xhup	legacy-compatible
酱	jl	py	20	rime-fast-xhup	legacy-compatible
酲	ig	yw	2	rime-fast-xhup	legacy-compatible
酴	tu	yh	1	rime-fast-xhup	legacy-compatible
酵	jn	yz	6	rime-fast-xhup	legacy-compatible
酶	mw	ym	21	rime-fast-xhup	legacy-compatible
酷	ku	yk	26	rime-fast-xhup	legacy-compatible
酸	sr	yw	27	rime-fast-xhup	legacy-compatible
酹	lw	yc	4	rime-fast-xhup	legacy-compatible
酺	pu	yf	1	rime-fast-xhup	legacy-compatible
酽	yj	yy	5	rime-fast-xhup	legacy-compatible
酾	ud	yl	1	rime-fast-xhup	legacy-compatible
酾	ui	yl	1	rime-fast-xhup	legacy-compatible
酿	nl	yl	15	rime-fast-xhup	legacy-compatible
醅	pw	yk	4	rime-fast-xhup	legacy-compatible
醇	iy	yz	16	rime-fast-xhup	legacy-compatible
醉	zv	yu	26	rime-fast-xhup	legacy-compatible
醋	cu	yo	21	rime-fast-xhup	legacy-compatible
醌	ky	yb	6	rime-fast-xhup	legacy-compatible
醍	ti	yr	3	rime-fast-xhup	legacy-compatible
醐	hu	yo	1	rime-fast-xhup	legacy-compatible
醑	xu	yo	0	rime-fast-xhup	legacy-compatible
醒	xk	yu	29	rime-fast-xhup	legacy-compatible
醚	mi	yz	10	rime-fast-xhup	legacy-compatible
醛	qr	yw	10	rime-fast-xhup	legacy-compatible
醢	hd	ym	3	rime-fast-xhup	legacy-compatible
醨	li	yd	1	rime-fast-xhup	legacy-compatible
醪	lc	yp	5	rime-fast-xhup	legacy-compatible
醭	bu	yf	1	rime-fast-xhup	legacy-compatible
醭	bu	yn	1	rime-fast-xhup	legacy-compatible
醮	jn	yh	5	rime-fast-xhup	legacy-compatible
醯	xi	ym	6	rime-fast-xhup	legacy-compatible
醴	li	ya	5	rime-fast-xhup	legacy-compatible
醵	ju	yu	2	rime-fast-xhup	legacy-compatible
醺	xy	yh	4	rime-fast-xhup	legacy-compatible
醾	mi	ym	0	rime-fast-xhup	legacy-compatible
采	cd	pm	26	rime-fast-xhup	legacy-compatible
采	cd	vm	26	rime-fast-xhup	legacy-compatible
釉	yz	by	13	rime-fast-xhup	legacy-compatible
釉	yz	py	13	rime-fast-xhup	legacy-compatible
释	ui	bl	18	rime-fast-xhup	legacy-compatible
释	ui	pl	18	rime-fast-xhup	legacy-compatible
里	li	la	56	rime-fast-xhup	legacy-compatible
重	is	pa	30	rime-fast-xhup	legacy-compatible
重	vs	pa	33	rime-fast-xhup	legacy-compatible
野	ye	ll	31	rime-fast-xhup	legacy-compatible
量	ll	ol	37	rime-fast-xhup	legacy-compatible
釐	li	wl	2	rime-fast-xhup	legacy-compatible
釐	xi	wl	0	rime-fast-xhup	legacy-compatible
金	jb	ra	40	rime-fast-xhup	legacy-compatible
釜	fu	ba	9	rime-fast-xhup	legacy-compatible
釜	fu	fa	9	rime-fast-xhup	legacy-compatible
鉴	jm	lj	16	rime-fast-xhup	legacy-compatible
銎	qs	gj	2	rime-fast-xhup	legacy-compatible
銮	lr	wj	7	rime-fast-xhup	legacy-compatible
鋆	yy	tj	4	rime-fast-xhup	legacy-compatible
鋈	wu	dj	0	rime-fast-xhup	legacy-compatible
錾	zj	ij	4	rime-fast-xhup	legacy-compatible
鍪	mz	mj	2	rime-fast-xhup	legacy-compatible
鍪	mz	sj	2	rime-fast-xhup	legacy-compatible
鎏	lq	dj	5	rime-fast-xhup	legacy-compatible
鏊	ao	fj	4	rime-fast-xhup	legacy-compatible
鏖	ao	gj	2	rime-fast-xhup	legacy-compatible
鐾	bw	uj	1	rime-fast-xhup	legacy-compatible
鑫	xb	jj	23	rime-fast-xhup	legacy-compatible
钆	ga	jv	2	rime-fast-xhup	legacy-compatible
钇	yi	jv	4	rime-fast-xhup	legacy-compatible
针	vf	ju	25	rime-fast-xhup	legacy-compatible
钉	dk	jd	18	rime-fast-xhup	legacy-compatible
钊	vc	jd	12	rime-fast-xhup	legacy-compatible
钋	po	jb	4	rime-fast-xhup	legacy-compatible
钌	ln	jl	4	rime-fast-xhup	legacy-compatible
钍	tu	jt	4	rime-fast-xhup	legacy-compatible
钎	qm	jq	7	rime-fast-xhup	legacy-compatible
钏	ir	ji	6	rime-fast-xhup	legacy-compatible
钐	uj	jp	2	rime-fast-xhup	legacy-compatible
钒	fj	jf	12	rime-fast-xhup	legacy-compatible
钓	dn	ju	20	rime-fast-xhup	legacy-compatible
钔	mf	jm	1	rime-fast-xhup	legacy-compatible
钕	nv	jn	7	rime-fast-xhup	legacy-compatible
钖	yh	jp	0	rime-fast-xhup	legacy-compatible
钗	id	ji	13	rime-fast-xhup	legacy-compatible
钘	xk	jk	0	rime-fast-xhup	legacy-compatible
钙	gd	jg	22	rime-fast-xhup	legacy-compatible
钚	bu	jb	8	rime-fast-xhup	legacy-compatible
钛	td	jt	16	rime-fast-xhup	legacy-compatible
钜	ju	jj	9	rime-fast-xhup	legacy-compatible
钝	dy	jt	13	rime-fast-xhup	legacy-compatible
钞	ic	ju	13	rime-fast-xhup	legacy-compatible
钟	vs	jv	30	rime-fast-xhup	legacy-compatible
钠	na	jn	18	rime-fast-xhup	legacy-compatible
钡	bw	jr	9	rime-fast-xhup	legacy-compatible
钢	gh	jx	26	rime-fast-xhup	legacy-compatible
钣	bj	jy	3	rime-fast-xhup	legacy-compatible
钤	qm	jv	5	rime-fast-xhup	legacy-compatible
钥	yc	jo	9	rime-fast-xhup	legacy-compatible
钥	yt	jo	2	rime-fast-xhup	legacy-compatible
钦	qb	jr	18	rime-fast-xhup	legacy-compatible
钧	jy	jd	17	rime-fast-xhup	legacy-compatible
钨	wu	jw	12	rime-fast-xhup	legacy-compatible
钩	gz	js	19	rime-fast-xhup	legacy-compatible
钪	kh	jj	3	rime-fast-xhup	legacy-compatible
钫	fh	jf	2	rime-fast-xhup	legacy-compatible
钬	ho	jh	3	rime-fast-xhup	legacy-compatible
钭	dz	ju	3	rime-fast-xhup	legacy-compatible
钭	tz	ju	3	rime-fast-xhup	legacy-compatible
钮	nq	ji	14	rime-fast-xhup	legacy-compatible
钯	ba	jb	7	rime-fast-xhup	legacy-compatible
钯	pa	jb	2	rime-fast-xhup	legacy-compatible
钰	yu	jy	15	rime-fast-xhup	legacy-compatible
钱	qm	jj	51	rime-fast-xhup	legacy-compatible
钲	vg	jv	3	rime-fast-xhup	legacy-compatible
钳	qm	jg	12	rime-fast-xhup	legacy-compatible
钴	gu	jk	10	rime-fast-xhup	legacy-compatible
钵	bo	jb	13	rime-fast-xhup	legacy-compatible
钷	po	jk	1	rime-fast-xhup	legacy-compatible
钹	bo	jd	4	rime-fast-xhup	legacy-compatible
钺	yt	jv	8	rime-fast-xhup	legacy-compatible
钻	zr	jk	26	rime-fast-xhup	legacy-compatible
钼	mu	jo	11	rime-fast-xhup	legacy-compatible
钽	tj	ja	7	rime-fast-xhup	legacy-compatible
钾	jx	jj	17	rime-fast-xhup	legacy-compatible
钿	dm	jt	5	rime-fast-xhup	legacy-compatible
钿	tm	jt	8	rime-fast-xhup	legacy-compatible
铀	yz	jy	13	rime-fast-xhup	legacy-compatible
铁	tp	ju	32	rime-fast-xhup	legacy-compatible
铂	bo	jb	12	rime-fast-xhup	legacy-compatible
铃	lk	js	18	rime-fast-xhup	legacy-compatible
铄	uo	jl	5	rime-fast-xhup	legacy-compatible
铅	qm	jk	18	rime-fast-xhup	legacy-compatible
铅	yj	jk	1	rime-fast-xhup	legacy-compatible
铆	mc	je	8	rime-fast-xhup	legacy-compatible
铈	ui	jj	5	rime-fast-xhup	legacy-compatible
铉	xr	jy	9	rime-fast-xhup	legacy-compatible
铊	ta	jb	7	rime-fast-xhup	legacy-compatible
铊	to	jb	5	rime-fast-xhup	legacy-compatible
铋	bi	jb	6	rime-fast-xhup	legacy-compatible
铌	ni	jb	7	rime-fast-xhup	legacy-compatible
铍	pi	jy	5	rime-fast-xhup	legacy-compatible
铎	do	jl	11	rime-fast-xhup	legacy-compatible
铏	xk	jd	0	rime-fast-xhup	legacy-compatible
铐	kc	jv	9	rime-fast-xhup	legacy-compatible
铑	lc	jb	6	rime-fast-xhup	legacy-compatible
铒	er	je	5	rime-fast-xhup	legacy-compatible
铕	yz	jo	5	rime-fast-xhup	legacy-compatible
铖	ig	ji	0	rime-fast-xhup	legacy-compatible
铗	jx	jj	4	rime-fast-xhup	legacy-compatible
铘	ye	je	3	rime-fast-xhup	legacy-compatible
铙	nc	jw	4	rime-fast-xhup	legacy-compatible
铚	vi	jt	0	rime-fast-xhup	legacy-compatible
铛	dh	je	10	rime-fast-xhup	legacy-compatible
铛	ig	je	1	rime-fast-xhup	legacy-compatible
铜	ts	jk	26	rime-fast-xhup	legacy-compatible
铝	lv	jk	22	rime-fast-xhup	legacy-compatible
铞	dn	jj	3	rime-fast-xhup	legacy-compatible
铟	yb	jd	6	rime-fast-xhup	legacy-compatible
铠	kd	jj	10	rime-fast-xhup	legacy-compatible
铡	va	jd	7	rime-fast-xhup	legacy-compatible
铢	vu	jv	6	rime-fast-xhup	legacy-compatible
铣	xi	je	8	rime-fast-xhup	legacy-compatible
铣	xm	je	4	rime-fast-xhup	legacy-compatible
铤	dk	jz	0	rime-fast-xhup	legacy-compatible
铤	tk	jz	3	rime-fast-xhup	legacy-compatible
铥	dq	js	4	rime-fast-xhup	legacy-compatible
铧	hx	ju	5	rime-fast-xhup	legacy-compatible
铨	qr	jw	9	rime-fast-xhup	legacy-compatible
铩	ua	jm	2	rime-fast-xhup	legacy-compatible
铪	ha	jk	4	rime-fast-xhup	legacy-compatible
铪	ke	jk	0	rime-fast-xhup	legacy-compatible
铫	dn	jd	1	rime-fast-xhup	legacy-compatible
铫	tn	jd	0	rime-fast-xhup	legacy-compatible
铫	yc	jd	1	rime-fast-xhup	legacy-compatible
铬	ge	jk	14	rime-fast-xhup	legacy-compatible
铭	mk	jk	22	rime-fast-xhup	legacy-compatible
铮	vg	jl	13	rime-fast-xhup	legacy-compatible
铯	se	jb	4	rime-fast-xhup	legacy-compatible
铰	jn	jx	8	rime-fast-xhup	legacy-compatible
铱	yi	jy	5	rime-fast-xhup	legacy-compatible
铲	ij	ji	17	rime-fast-xhup	legacy-compatible
铳	is	je	6	rime-fast-xhup	legacy-compatible
铴	th	jp	0	rime-fast-xhup	legacy-compatible
铵	an	jn	11	rime-fast-xhup	legacy-compatible
银	yb	jg	30	rime-fast-xhup	legacy-compatible
铷	ru	jk	3	rime-fast-xhup	legacy-compatible
铸	vu	jc	16	rime-fast-xhup	legacy-compatible
铹	lc	jl	1	rime-fast-xhup	legacy-compatible
铺	pu	jf	25	rime-fast-xhup	legacy-compatible
铻	wu	jk	0	rime-fast-xhup	legacy-compatible
铻	yu	jk	0	rime-fast-xhup	legacy-compatible
铼	ld	jl	0	rime-fast-xhup	legacy-compatible
铽	te	jx	2	rime-fast-xhup	legacy-compatible
链	lm	jz	23	rime-fast-xhup	legacy-compatible
铿	kg	jt	8	rime-fast-xhup	legacy-compatible
销	xn	jo	20	rime-fast-xhup	legacy-compatible
锁	so	jr	28	rime-fast-xhup	legacy-compatible
锂	li	jl	10	rime-fast-xhup	legacy-compatible
锃	zg	jw	2	rime-fast-xhup	legacy-compatible
锄	iu	jl	11	rime-fast-xhup	legacy-compatible
锅	go	jn	25	rime-fast-xhup	legacy-compatible
锆	gc	jk	7	rime-fast-xhup	legacy-compatible
锇	ee	jw	4	rime-fast-xhup	legacy-compatible
锈	xq	jn	13	rime-fast-xhup	legacy-compatible
锉	co	jt	8	rime-fast-xhup	legacy-compatible
锊	lt	jc	1	rime-fast-xhup	legacy-compatible
锋	fg	jf	23	rime-fast-xhup	legacy-compatible
锌	xb	ju	19	rime-fast-xhup	legacy-compatible
锍	lq	jv	2	rime-fast-xhup	legacy-compatible
锎	kd	jk	1	rime-fast-xhup	legacy-compatible
锏	jm	jo	4	rime-fast-xhup	legacy-compatible
锐	rv	je	19	rime-fast-xhup	legacy-compatible
锑	ti	jp	8	rime-fast-xhup	legacy-compatible
锒	lh	jl	2	rime-fast-xhup	legacy-compatible
锓	qb	jy	1	rime-fast-xhup	legacy-compatible
锔	ju	jk	4	rime-fast-xhup	legacy-compatible
锕	aa	jd	10	rime-fast-xhup	legacy-compatible
锕	aa	jk	10	rime-fast-xhup	legacy-compatible
锖	ql	jo	1	rime-fast-xhup	legacy-compatible
锗	ve	jo	7	rime-fast-xhup	legacy-compatible
锘	no	jk	2	rime-fast-xhup	legacy-compatible
错	co	jo	43	rime-fast-xhup	legacy-compatible
锚	mc	jt	11	rime-fast-xhup	legacy-compatible
锛	bf	jc	10	rime-fast-xhup	legacy-compatible
锜	qi	jk	0	rime-fast-xhup	legacy-compatible
锝	de	jc	9	rime-fast-xhup	legacy-compatible
锞	ke	jg	2	rime-fast-xhup	legacy-compatible
锟	ky	jb	7	rime-fast-xhup	legacy-compatible
锡	xi	jw	21	rime-fast-xhup	legacy-compatible
锢	gu	jk	3	rime-fast-xhup	legacy-compatible
锣	lo	jx	10	rime-fast-xhup	legacy-compatible
锤	iv	ji	18	rime-fast-xhup	legacy-compatible
锥	vv	jf	13	rime-fast-xhup	legacy-compatible
锦	jb	jj	24	rime-fast-xhup	legacy-compatible
锧	vi	jr	0	rime-fast-xhup	legacy-compatible
锨	xm	jr	4	rime-fast-xhup	legacy-compatible
锩	jr	jv	0	rime-fast-xhup	legacy-compatible
锪	ho	jx	1	rime-fast-xhup	legacy-compatible
锫	pw	jk	1	rime-fast-xhup	legacy-compatible
锬	tj	jh	1	rime-fast-xhup	legacy-compatible
锭	dk	jr	15	rime-fast-xhup	legacy-compatible
键	jm	jz	28	rime-fast-xhup	legacy-compatible
锯	ju	jk	13	rime-fast-xhup	legacy-compatible
锰	mg	jm	13	rime-fast-xhup	legacy-compatible
锱	zi	jt	2	rime-fast-xhup	legacy-compatible
锲	qp	jd	5	rime-fast-xhup	legacy-compatible
锳	yk	jy	0	rime-fast-xhup	legacy-compatible
锴	kd	jb	7	rime-fast-xhup	legacy-compatible
锵	ql	jc	6	rime-fast-xhup	legacy-compatible
锶	si	jx	7	rime-fast-xhup	legacy-compatible
锷	ee	jk	6	rime-fast-xhup	legacy-compatible
锸	ia	jj	2	rime-fast-xhup	legacy-compatible
锹	qn	jh	7	rime-fast-xhup	legacy-compatible
锺	vs	jv	10	rime-fast-xhup	legacy-compatible
锻	dr	jy	10	rime-fast-xhup	legacy-compatible
锼	sz	jy	1	rime-fast-xhup	legacy-compatible
锽	hl	jw	0	rime-fast-xhup	legacy-compatible
锾	hr	jy	1	rime-fast-xhup	legacy-compatible
锿	ai	jy	1	rime-fast-xhup	legacy-compatible
镀	du	jy	12	rime-fast-xhup	legacy-compatible
镁	mw	jd	15	rime-fast-xhup	legacy-compatible
镂	lz	jn	7	rime-fast-xhup	legacy-compatible
镃	zi	jy	0	rime-fast-xhup	legacy-compatible
镄	fw	jb	3	rime-fast-xhup	legacy-compatible
镄	fw	jr	3	rime-fast-xhup	legacy-compatible
镅	mw	jo	1	rime-fast-xhup	legacy-compatible
镆	mo	jd	3	rime-fast-xhup	legacy-compatible
镇	vf	jb	36	rime-fast-xhup	legacy-compatible
镈	bo	jc	0	rime-fast-xhup	legacy-compatible
镉	ge	jl	10	rime-fast-xhup	legacy-compatible
镉	li	jl	0	rime-fast-xhup	legacy-compatible
镊	np	jy	3	rime-fast-xhup	legacy-compatible
镋	th	je	0	rime-fast-xhup	legacy-compatible
镌	jr	jn	6	rime-fast-xhup	legacy-compatible
镍	np	jm	14	rime-fast-xhup	legacy-compatible
镎	na	ju	1	rime-fast-xhup	legacy-compatible
镏	lq	jt	3	rime-fast-xhup	legacy-compatible
镐	gc	jk	8	rime-fast-xhup	legacy-compatible
镐	hc	jk	5	rime-fast-xhup	legacy-compatible
镑	bh	jf	13	rime-fast-xhup	legacy-compatible
镒	yi	jm	5	rime-fast-xhup	legacy-compatible
镓	jx	ju	5	rime-fast-xhup	legacy-compatible
镔	bb	jb	8	rime-fast-xhup	legacy-compatible
镕	rs	jk	0	rime-fast-xhup	legacy-compatible
镖	bn	jx	13	rime-fast-xhup	legacy-compatible
镗	th	jt	7	rime-fast-xhup	legacy-compatible
镘	mj	jy	2	rime-fast-xhup	legacy-compatible
镚	bg	jo	0	rime-fast-xhup	legacy-compatible
镛	ys	jl	7	rime-fast-xhup	legacy-compatible
镜	jk	je	23	rime-fast-xhup	legacy-compatible
镝	di	jk	4	rime-fast-xhup	legacy-compatible
镞	zu	ju	4	rime-fast-xhup	legacy-compatible
镠	lq	jp	0	rime-fast-xhup	legacy-compatible
镡	ij	ju	2	rime-fast-xhup	legacy-compatible
镡	tj	ju	2	rime-fast-xhup	legacy-compatible
镡	xb	ju	2	rime-fast-xhup	legacy-compatible
镢	jt	jr	2	rime-fast-xhup	legacy-compatible
镣	ln	jx	4	rime-fast-xhup	legacy-compatible
镤	pu	jn	1	rime-fast-xhup	legacy-compatible
镥	lu	jo	2	rime-fast-xhup	legacy-compatible
镦	dv	jw	3	rime-fast-xhup	legacy-compatible
镦	dy	jw	1	rime-fast-xhup	legacy-compatible
镧	lj	jj	5	rime-fast-xhup	legacy-compatible
镨	pu	jo	3	rime-fast-xhup	legacy-compatible
镩	cr	ji	2	rime-fast-xhup	legacy-compatible
镪	ql	ji	4	rime-fast-xhup	legacy-compatible
镫	dg	ja	4	rime-fast-xhup	legacy-compatible
镬	ho	jy	7	rime-fast-xhup	legacy-compatible
镭	lw	jt	10	rime-fast-xhup	legacy-compatible
镮	hr	jy	0	rime-fast-xhup	legacy-compatible
镯	vo	ji	7	rime-fast-xhup	legacy-compatible
镰	lm	jn	7	rime-fast-xhup	legacy-compatible
镱	yi	jx	0	rime-fast-xhup	legacy-compatible
镲	ia	jx	5	rime-fast-xhup	legacy-compatible
镳	bn	jh	5	rime-fast-xhup	legacy-compatible
镴	la	jv	0	rime-fast-xhup	legacy-compatible
镵	ij	jd	0	rime-fast-xhup	legacy-compatible
镶	xl	jy	15	rime-fast-xhup	legacy-compatible
长	ih	pn	39	rime-fast-xhup	legacy-compatible
长	vh	pn	36	rime-fast-xhup	legacy-compatible
门	mf	dv	39	rime-fast-xhup	legacy-compatible
闩	ur	ma	4	rime-fast-xhup	legacy-compatible
闪	uj	mr	29	rime-fast-xhup	legacy-compatible
闫	yj	ms	17	rime-fast-xhup	legacy-compatible
闭	bi	mc	20	rime-fast-xhup	legacy-compatible
问	wf	mk	50	rime-fast-xhup	legacy-compatible
闯	il	mm	21	rime-fast-xhup	legacy-compatible
闰	ry	mw	9	rime-fast-xhup	legacy-compatible
闱	ww	mw	3	rime-fast-xhup	legacy-compatible
闲	xm	mm	28	rime-fast-xhup	legacy-compatible
闳	hs	ms	5	rime-fast-xhup	legacy-compatible
间	jm	mo	37	rime-fast-xhup	legacy-compatible
闵	mb	mw	16	rime-fast-xhup	legacy-compatible
闶	kh	mj	3	rime-fast-xhup	legacy-compatible
闷	mf	mx	28	rime-fast-xhup	legacy-compatible
闸	va	mj	17	rime-fast-xhup	legacy-compatible
闹	nc	mj	30	rime-fast-xhup	legacy-compatible
闺	gv	mt	10	rime-fast-xhup	legacy-compatible
闻	wf	me	26	rime-fast-xhup	legacy-compatible
闼	ta	mz	5	rime-fast-xhup	legacy-compatible
闽	mb	mi	15	rime-fast-xhup	legacy-compatible
闾	lv	mk	7	rime-fast-xhup	legacy-compatible
闿	kd	mj	0	rime-fast-xhup	legacy-compatible
阀	fa	mg	17	rime-fast-xhup	legacy-compatible
阁	ge	mk	23	rime-fast-xhup	legacy-compatible
阂	he	mr	5	rime-fast-xhup	legacy-compatible
阃	ky	mm	3	rime-fast-xhup	legacy-compatible
阄	jq	mv	3	rime-fast-xhup	legacy-compatible
阅	yt	me	18	rime-fast-xhup	legacy-compatible
阆	lh	ml	4	rime-fast-xhup	legacy-compatible
阇	du	mo	0	rime-fast-xhup	legacy-compatible
阇	ue	mo	0	rime-fast-xhup	legacy-compatible
阈	yu	ma	6	rime-fast-xhup	legacy-compatible
阉	yj	md	12	rime-fast-xhup	legacy-compatible
阊	ih	mo	4	rime-fast-xhup	legacy-compatible
阋	xi	me	2	rime-fast-xhup	legacy-compatible
阌	wf	my	3	rime-fast-xhup	legacy-compatible
阍	hy	mo	3	rime-fast-xhup	legacy-compatible
阎	yj	mj	18	rime-fast-xhup	legacy-compatible
阏	ee	md	0	rime-fast-xhup	legacy-compatible
阏	yj	md	5	rime-fast-xhup	legacy-compatible
阐	ij	ml	7	rime-fast-xhup	legacy-compatible
阑	lj	mj	15	rime-fast-xhup	legacy-compatible
阒	qu	mq	4	rime-fast-xhup	legacy-compatible
阔	ko	mk	17	rime-fast-xhup	legacy-compatible
阕	qt	mt	7	rime-fast-xhup	legacy-compatible
阖	he	mm	7	rime-fast-xhup	legacy-compatible
阗	tm	mb	5	rime-fast-xhup	legacy-compatible
阘	ta	mx	0	rime-fast-xhup	legacy-compatible
阙	qt	mr	13	rime-fast-xhup	legacy-compatible
阚	hj	mw	1	rime-fast-xhup	legacy-compatible
阚	kj	mw	9	rime-fast-xhup	legacy-compatible
阜	fu	pu	13	rime-fast-xhup	legacy-compatible
队	dv	er	37	rime-fast-xhup	legacy-compatible
阡	qm	eq	6	rime-fast-xhup	legacy-compatible
阢	wu	ee	1	rime-fast-xhup	legacy-compatible
阪	bj	ey	8	rime-fast-xhup	legacy-compatible
阮	rr	ee	19	rime-fast-xhup	legacy-compatible
阱	jk	ej	5	rime-fast-xhup	legacy-compatible
防	fh	ef	30	rime-fast-xhup	legacy-compatible
阳	yh	eo	32	rime-fast-xhup	legacy-compatible
阴	yb	eo	25	rime-fast-xhup	legacy-compatible
阵	vf	ei	24	rime-fast-xhup	legacy-compatible
阶	jp	el	17	rime-fast-xhup	legacy-compatible
阻	zu	eq	18	rime-fast-xhup	legacy-compatible
阼	zo	ev	2	rime-fast-xhup	legacy-compatible
阽	dm	ek	1	rime-fast-xhup	legacy-compatible
阽	yj	ek	1	rime-fast-xhup	legacy-compatible
阿	aa	ed	40	rime-fast-xhup	legacy-compatible
阿	aa	ek	40	rime-fast-xhup	legacy-compatible
阿	ee	ek	4	rime-fast-xhup	legacy-compatible
陀	to	eb	16	rime-fast-xhup	legacy-compatible
陂	bw	ey	6	rime-fast-xhup	legacy-compatible
陂	pi	ey	5	rime-fast-xhup	legacy-compatible
陂	po	ey	4	rime-fast-xhup	legacy-compatible
附	fu	ec	23	rime-fast-xhup	legacy-compatible
际	ji	ex	16	rime-fast-xhup	legacy-compatible
陆	lq	ej	12	rime-fast-xhup	legacy-compatible
陆	lu	ej	28	rime-fast-xhup	legacy-compatible
陇	ls	el	11	rime-fast-xhup	legacy-compatible
陈	if	ed	38	rime-fast-xhup	legacy-compatible
陉	xk	eg	3	rime-fast-xhup	legacy-compatible
陋	lz	ev	9	rime-fast-xhup	legacy-compatible
陌	mo	eb	13	rime-fast-xhup	legacy-compatible
降	jl	el	29	rime-fast-xhup	legacy-compatible
降	xl	el	6	rime-fast-xhup	legacy-compatible
陎	uu	ev	1	rime-fast-xhup	legacy-compatible
限	xm	eg	24	rime-fast-xhup	legacy-compatible
陑	er	ee	1	rime-fast-xhup	legacy-compatible
陔	gd	er	3	rime-fast-xhup	legacy-compatible
陕	uj	ej	14	rime-fast-xhup	legacy-compatible
陛	bi	et	7	rime-fast-xhup	legacy-compatible
陞	ug	et	2	rime-fast-xhup	legacy-compatible
陟	vi	ep	5	rime-fast-xhup	legacy-compatible
陡	dz	er	15	rime-fast-xhup	legacy-compatible
院	yr	ee	29	rime-fast-xhup	legacy-compatible
除	iu	eh	35	rime-fast-xhup	legacy-compatible
除	iu	em	35	rime-fast-xhup	legacy-compatible
陧	np	et	1	rime-fast-xhup	legacy-compatible
陨	yy	er	8	rime-fast-xhup	legacy-compatible
险	xm	ea	23	rime-fast-xhup	legacy-compatible
陪	pw	ek	36	rime-fast-xhup	legacy-compatible
陬	zz	ey	4	rime-fast-xhup	legacy-compatible
陲	iv	ei	4	rime-fast-xhup	legacy-compatible
陴	pi	eu	2	rime-fast-xhup	legacy-compatible
陵	lk	ew	19	rime-fast-xhup	legacy-compatible
陶	tc	ef	24	rime-fast-xhup	legacy-compatible
陶	yc	ef	1	rime-fast-xhup	legacy-compatible
陷	xm	ej	20	rime-fast-xhup	legacy-compatible
隃	uu	ed	0	rime-fast-xhup	legacy-compatible
隃	yc	ed	0	rime-fast-xhup	legacy-compatible
隃	yu	ed	1	rime-fast-xhup	legacy-compatible
隅	yu	ey	11	rime-fast-xhup	legacy-compatible
隆	ls	eu	23	rime-fast-xhup	legacy-compatible
隈	ww	en	0	rime-fast-xhup	legacy-compatible
隋	do	eo	0	rime-fast-xhup	legacy-compatible
隋	sv	eo	15	rime-fast-xhup	legacy-compatible
隍	hl	ew	3	rime-fast-xhup	legacy-compatible
随	sv	ez	32	rime-fast-xhup	legacy-compatible
隐	yb	ex	22	rime-fast-xhup	legacy-compatible
隔	ge	el	24	rime-fast-xhup	legacy-compatible
隗	kv	eg	2	rime-fast-xhup	legacy-compatible
隗	ww	eg	5	rime-fast-xhup	legacy-compatible
隘	ai	em	9	rime-fast-xhup	legacy-compatible
隙	xi	ex	12	rime-fast-xhup	legacy-compatible
障	vh	eu	14	rime-fast-xhup	legacy-compatible
隧	sv	ez	7	rime-fast-xhup	legacy-compatible
隩	ao	ed	0	rime-fast-xhup	legacy-compatible
隩	yu	ed	1	rime-fast-xhup	legacy-compatible
隰	xi	eh	3	rime-fast-xhup	legacy-compatible
隳	do	ex	0	rime-fast-xhup	legacy-compatible
隳	hv	ex	4	rime-fast-xhup	legacy-compatible
隶	li	vn	10	rime-fast-xhup	legacy-compatible
隹	cv	rf	0	rime-fast-xhup	legacy-compatible
隹	vv	rf	4	rime-fast-xhup	legacy-compatible
隹	ww	rf	0	rime-fast-xhup	legacy-compatible
隺	he	df	0	rime-fast-xhup	legacy-compatible
隺	hu	df	0	rime-fast-xhup	legacy-compatible
隼	sy	ru	9	rime-fast-xhup	legacy-compatible
隽	jr	rn	7	rime-fast-xhup	legacy-compatible
隽	jy	rn	10	rime-fast-xhup	legacy-compatible
难	nj	yf	40	rime-fast-xhup	legacy-compatible
难	no	yf	0	rime-fast-xhup	legacy-compatible
雀	qn	uf	1	rime-fast-xhup	legacy-compatible
雀	qt	uf	16	rime-fast-xhup	legacy-compatible
雁	yj	if	20	rime-fast-xhup	legacy-compatible
雄	xs	uf	24	rime-fast-xhup	legacy-compatible
雅	ya	yf	28	rime-fast-xhup	legacy-compatible
集	ji	rm	34	rime-fast-xhup	legacy-compatible
雇	gu	hf	15	rime-fast-xhup	legacy-compatible
雉	vi	uf	8	rime-fast-xhup	legacy-compatible
雊	gz	bf	0	rime-fast-xhup	legacy-compatible
雊	gz	jf	0	rime-fast-xhup	legacy-compatible
雌	ci	vf	15	rime-fast-xhup	legacy-compatible
雍	ys	wf	14	rime-fast-xhup	legacy-compatible
雎	ju	qf	5	rime-fast-xhup	legacy-compatible
雏	iu	df	11	rime-fast-xhup	legacy-compatible
雒	lo	wf	7	rime-fast-xhup	legacy-compatible
雕	dn	kf	18	rime-fast-xhup	legacy-compatible
雠	iz	rf	0	rime-fast-xhup	legacy-compatible
雠	iz	ry	0	rime-fast-xhup	legacy-compatible
雨	yu	ad	34	rime-fast-xhup	legacy-compatible
雩	yu	yk	3	rime-fast-xhup	legacy-compatible
雪	xt	ye	34	rime-fast-xhup	legacy-compatible
雫	xx	yx	0	rime-fast-xhup	legacy-compatible
雯	wf	yw	20	rime-fast-xhup	legacy-compatible
雱	ph	yf	2	rime-fast-xhup	legacy-compatible
雳	li	yl	3	rime-fast-xhup	legacy-compatible
零	lk	ys	28	rime-fast-xhup	legacy-compatible
雷	lw	yt	30	rime-fast-xhup	legacy-compatible
雹	bc	ys	6	rime-fast-xhup	legacy-compatible
雾	wu	yl	22	rime-fast-xhup	legacy-compatible
需	xu	ye	33	rime-fast-xhup	legacy-compatible
霁	ji	yl	12	rime-fast-xhup	legacy-compatible
霂	mu	ym	0	rime-fast-xhup	legacy-compatible
霄	xn	yo	14	rime-fast-xhup	legacy-compatible
霅	va	yk	0	rime-fast-xhup	legacy-compatible
霆	tk	yz	13	rime-fast-xhup	legacy-compatible
震	vf	yn	23	rime-fast-xhup	legacy-compatible
霈	pw	yl	7	rime-fast-xhup	legacy-compatible
霉	mw	ym	17	rime-fast-xhup	legacy-compatible
霍	ho	yf	21	rime-fast-xhup	legacy-compatible
霎	ua	yn	4	rime-fast-xhup	legacy-compatible
霏	fw	yf	10	rime-fast-xhup	legacy-compatible
霓	ni	ye	11	rime-fast-xhup	legacy-compatible
霖	lb	ym	19	rime-fast-xhup	legacy-compatible
霜	ul	yo	24	rime-fast-xhup	legacy-compatible
霞	xx	yy	22	rime-fast-xhup	legacy-compatible
霨	ww	yc	1	rime-fast-xhup	legacy-compatible
霪	yb	yr	4	rime-fast-xhup	legacy-compatible
霭	ai	yv	9	rime-fast-xhup	legacy-compatible
霰	xm	yw	6	rime-fast-xhup	legacy-compatible
露	lu	yk	25	rime-fast-xhup	legacy-compatible
露	lz	yk	21	rime-fast-xhup	legacy-compatible
霸	ba	yo	19	rime-fast-xhup	legacy-compatible
霹	pi	yu	5	rime-fast-xhup	legacy-compatible
霾	md	yl	9	rime-fast-xhup	legacy-compatible
青	qk	fo	31	rime-fast-xhup	legacy-compatible
靓	jk	fe	3	rime-fast-xhup	legacy-compatible
靓	ll	fe	23	rime-fast-xhup	legacy-compatible
靖	jk	lo	18	rime-fast-xhup	legacy-compatible
静	jk	fl	31	rime-fast-xhup	legacy-compatible
靛	dm	fr	9	rime-fast-xhup	legacy-compatible
非	fw	la	41	rime-fast-xhup	legacy-compatible
靠	kc	nf	46	rime-fast-xhup	legacy-compatible
靡	mi	gf	11	rime-fast-xhup	legacy-compatible
面	mm	aa	38	rime-fast-xhup	legacy-compatible
靥	ye	im	6	rime-fast-xhup	legacy-compatible
革	ge	nl	17	rime-fast-xhup	legacy-compatible
革	ji	nl	2	rime-fast-xhup	legacy-compatible
靬	qm	gg	2	rime-fast-xhup	legacy-compatible
靬	qm	ng	2	rime-fast-xhup	legacy-compatible
靰	wu	gw	0	rime-fast-xhup	legacy-compatible
靰	wu	nw	0	rime-fast-xhup	legacy-compatible
靳	jb	gj	14	rime-fast-xhup	legacy-compatible
靳	jb	nj	14	rime-fast-xhup	legacy-compatible
靴	xt	gb	14	rime-fast-xhup	legacy-compatible
靴	xt	nb	14	rime-fast-xhup	legacy-compatible
靶	ba	gb	12	rime-fast-xhup	legacy-compatible
靶	ba	nb	12	rime-fast-xhup	legacy-compatible
靸	sa	gj	1	rime-fast-xhup	legacy-compatible
靸	sa	nj	1	rime-fast-xhup	legacy-compatible
靺	mo	gm	0	rime-fast-xhup	legacy-compatible
靺	mo	nm	0	rime-fast-xhup	legacy-compatible
靼	da	ga	3	rime-fast-xhup	legacy-compatible
靼	da	na	3	rime-fast-xhup	legacy-compatible
靽	bj	gb	0	rime-fast-xhup	legacy-compatible
靽	bj	nb	0	rime-fast-xhup	legacy-compatible
靿	yc	gl	1	rime-fast-xhup	legacy-compatible
靿	yc	nl	1	rime-fast-xhup	legacy-compatible
鞁	bw	gy	0	rime-fast-xhup	legacy-compatible
鞁	bw	ny	0	rime-fast-xhup	legacy-compatible
鞅	yh	gy	6	rime-fast-xhup	legacy-compatible
鞅	yh	ny	6	rime-fast-xhup	legacy-compatible
鞋	xp	gt	28	rime-fast-xhup	legacy-compatible
鞋	xp	nt	28	rime-fast-xhup	legacy-compatible
鞍	an	gn	18	rime-fast-xhup	legacy-compatible
鞍	an	nn	18	rime-fast-xhup	legacy-compatible
鞑	da	gz	4	rime-fast-xhup	legacy-compatible
鞑	da	nz	4	rime-fast-xhup	legacy-compatible
鞒	qn	gl	2	rime-fast-xhup	legacy-compatible
鞒	qn	nl	2	rime-fast-xhup	legacy-compatible
鞔	mf	gv	2	rime-fast-xhup	legacy-compatible
鞔	mf	nv	2	rime-fast-xhup	legacy-compatible
鞔	mj	gv	0	rime-fast-xhup	legacy-compatible
鞔	mj	nv	0	rime-fast-xhup	legacy-compatible
鞘	qn	go	12	rime-fast-xhup	legacy-compatible
鞘	qn	no	12	rime-fast-xhup	legacy-compatible
鞘	uc	go	1	rime-fast-xhup	legacy-compatible
鞘	uc	no	1	rime-fast-xhup	legacy-compatible
鞠	ju	gm	13	rime-fast-xhup	legacy-compatible
鞠	ju	nm	13	rime-fast-xhup	legacy-compatible
鞡	la	gl	1	rime-fast-xhup	legacy-compatible
鞡	la	nl	1	rime-fast-xhup	legacy-compatible
鞣	rz	gm	4	rime-fast-xhup	legacy-compatible
鞣	rz	nm	4	rime-fast-xhup	legacy-compatible
鞥	eg	gc	0	rime-fast-xhup	legacy-compatible
鞧	qq	gy	0	rime-fast-xhup	legacy-compatible
鞧	qq	ny	0	rime-fast-xhup	legacy-compatible
鞨	he	gv	3	rime-fast-xhup	legacy-compatible
鞨	he	nv	3	rime-fast-xhup	legacy-compatible
鞫	ju	gk	2	rime-fast-xhup	legacy-compatible
鞬	jm	gz	1	rime-fast-xhup	legacy-compatible
鞬	jm	nz	1	rime-fast-xhup	legacy-compatible
鞭	bm	gg	17	rime-fast-xhup	legacy-compatible
鞭	bm	ng	17	rime-fast-xhup	legacy-compatible
鞮	di	gr	2	rime-fast-xhup	legacy-compatible
鞮	di	nr	2	rime-fast-xhup	legacy-compatible
鞯	jm	gz	3	rime-fast-xhup	legacy-compatible
鞯	jm	nz	3	rime-fast-xhup	legacy-compatible
鞲	gz	gr	2	rime-fast-xhup	legacy-compatible
鞲	gz	nr	2	rime-fast-xhup	legacy-compatible
鞳	ta	gk	1	rime-fast-xhup	legacy-compatible
鞳	ta	nk	1	rime-fast-xhup	legacy-compatible
鞴	bw	gy	1	rime-fast-xhup	legacy-compatible
鞴	bw	ny	1	rime-fast-xhup	legacy-compatible
韂	ij	gk	0	rime-fast-xhup	legacy-compatible
韂	ij	nk	0	rime-fast-xhup	legacy-compatible
韦	ww	al	22	rime-fast-xhup	legacy-compatible
韧	rf	wr	13	rime-fast-xhup	legacy-compatible
韨	fu	wd	0	rime-fast-xhup	legacy-compatible
韩	hj	uw	30	rime-fast-xhup	legacy-compatible
韪	ww	ow	3	rime-fast-xhup	legacy-compatible
韫	wf	wm	0	rime-fast-xhup	legacy-compatible
韫	yy	wm	7	rime-fast-xhup	legacy-compatible
韬	tc	wj	12	rime-fast-xhup	legacy-compatible
韭	jq	fa	7	rime-fast-xhup	legacy-compatible
音	yb	lo	28	rime-fast-xhup	legacy-compatible
韵	yy	ld	21	rime-fast-xhup	legacy-compatible
韶	uc	lk	13	rime-fast-xhup	legacy-compatible
页	ye	ar	44	rime-fast-xhup	legacy-compatible
顶	dk	dr	38	rime-fast-xhup	legacy-compatible
顷	qk	br	10	rime-fast-xhup	legacy-compatible
顸	hj	gr	4	rime-fast-xhup	legacy-compatible
项	xl	gr	31	rime-fast-xhup	legacy-compatible
顺	uy	ir	28	rime-fast-xhup	legacy-compatible
须	xu	pr	32	rime-fast-xhup	legacy-compatible
顼	xu	wr	4	rime-fast-xhup	legacy-compatible
顽	wj	er	10	rime-fast-xhup	legacy-compatible
顽	wj	yr	10	rime-fast-xhup	legacy-compatible
顾	gu	ir	28	rime-fast-xhup	legacy-compatible
顿	du	tr	5	rime-fast-xhup	legacy-compatible
顿	dy	tr	24	rime-fast-xhup	legacy-compatible
颀	qi	jr	6	rime-fast-xhup	legacy-compatible
颁	bj	br	12	rime-fast-xhup	legacy-compatible
颁	bj	fr	12	rime-fast-xhup	legacy-compatible
颂	ss	br	17	rime-fast-xhup	legacy-compatible
颂	ss	gr	17	rime-fast-xhup	legacy-compatible
颃	hh	kr	1	rime-fast-xhup	legacy-compatible
颃	hh	wr	1	rime-fast-xhup	legacy-compatible
预	yu	sr	22	rime-fast-xhup	legacy-compatible
预	yu	yr	22	rime-fast-xhup	legacy-compatible
颅	lu	lr	10	rime-fast-xhup	legacy-compatible
领	lk	rr	30	rime-fast-xhup	legacy-compatible
颇	po	pr	21	rime-fast-xhup	legacy-compatible
颇	po	vr	21	rime-fast-xhup	legacy-compatible
颈	gg	vr	4	rime-fast-xhup	legacy-compatible
颈	jk	vr	19	rime-fast-xhup	legacy-compatible
颉	jp	ur	8	rime-fast-xhup	legacy-compatible
颉	jx	jr	0	rime-fast-xhup	legacy-compatible
颉	jx	ur	0	rime-fast-xhup	legacy-compatible
颉	xp	jr	1	rime-fast-xhup	legacy-compatible
颉	xp	ur	1	rime-fast-xhup	legacy-compatible
颊	jx	jr	11	rime-fast-xhup	legacy-compatible
颋	tk	rr	0	rime-fast-xhup	legacy-compatible
颋	tk	zr	0	rime-fast-xhup	legacy-compatible
颌	ge	rr	2	rime-fast-xhup	legacy-compatible
颌	he	hr	9	rime-fast-xhup	legacy-compatible
颌	he	rr	9	rime-fast-xhup	legacy-compatible
颍	yk	br	9	rime-fast-xhup	legacy-compatible
颎	js	br	0	rime-fast-xhup	legacy-compatible
颏	ke	wr	6	rime-fast-xhup	legacy-compatible
颐	yi	ir	15	rime-fast-xhup	legacy-compatible
颐	yi	kr	15	rime-fast-xhup	legacy-compatible
频	bb	vr	0	rime-fast-xhup	legacy-compatible
频	pb	vr	19	rime-fast-xhup	legacy-compatible
颓	tv	hr	10	rime-fast-xhup	legacy-compatible
颔	hj	hr	4	rime-fast-xhup	legacy-compatible
颔	hj	rr	4	rime-fast-xhup	legacy-compatible
颖	yk	br	20	rime-fast-xhup	legacy-compatible
颗	ke	gr	22	rime-fast-xhup	legacy-compatible
题	ti	or	30	rime-fast-xhup	legacy-compatible
颙	ys	yr	0	rime-fast-xhup	legacy-compatible
颚	ee	kr	8	rime-fast-xhup	legacy-compatible
颛	vr	er	3	rime-fast-xhup	legacy-compatible
颜	yj	ir	24	rime-fast-xhup	legacy-compatible
额	ee	br	38	rime-fast-xhup	legacy-compatible
颞	np	er	8	rime-fast-xhup	legacy-compatible
颟	mj	cr	3	rime-fast-xhup	legacy-compatible
颠	dm	ur	19	rime-fast-xhup	legacy-compatible
颡	sh	yr	2	rime-fast-xhup	legacy-compatible
颢	hc	or	8	rime-fast-xhup	legacy-compatible
颤	ij	wr	15	rime-fast-xhup	legacy-compatible
颤	vj	wr	6	rime-fast-xhup	legacy-compatible
颥	ru	yr	0	rime-fast-xhup	legacy-compatible
颦	pb	vu	9	rime-fast-xhup	legacy-compatible
颧	qr	cr	5	rime-fast-xhup	legacy-compatible
风	fg	jx	38	rime-fast-xhup	legacy-compatible
飏	yh	fp	0	rime-fast-xhup	legacy-compatible
飏	yh	jp	0	rime-fast-xhup	legacy-compatible
飐	vj	fk	0	rime-fast-xhup	legacy-compatible
飐	vj	jk	0	rime-fast-xhup	legacy-compatible
飑	bn	fs	3	rime-fast-xhup	legacy-compatible
飑	bn	js	3	rime-fast-xhup	legacy-compatible
飒	sa	lx	9	rime-fast-xhup	legacy-compatible
飓	ju	fb	3	rime-fast-xhup	legacy-compatible
飓	ju	jb	3	rime-fast-xhup	legacy-compatible
飔	si	fx	0	rime-fast-xhup	legacy-compatible
飔	si	jx	0	rime-fast-xhup	legacy-compatible
飕	sz	fy	2	rime-fast-xhup	legacy-compatible
飕	sz	jy	2	rime-fast-xhup	legacy-compatible
飗	lq	ft	0	rime-fast-xhup	legacy-compatible
飗	lq	jt	0	rime-fast-xhup	legacy-compatible
飘	pn	xx	26	rime-fast-xhup	legacy-compatible
飙	bn	qx	16	rime-fast-xhup	legacy-compatible
飞	fw	vd	37	rime-fast-xhup	legacy-compatible
食	si	rl	11	rime-fast-xhup	legacy-compatible
食	ui	rl	30	rime-fast-xhup	legacy-compatible
食	yi	rl	0	rime-fast-xhup	legacy-compatible
飧	sy	xl	4	rime-fast-xhup	legacy-compatible
飨	xl	xl	8	rime-fast-xhup	legacy-compatible
餍	yj	il	3	rime-fast-xhup	legacy-compatible
餐	cj	dl	22	rime-fast-xhup	legacy-compatible
餐	cj	ll	22	rime-fast-xhup	legacy-compatible
餮	tp	dl	3	rime-fast-xhup	legacy-compatible
饔	ys	wl	3	rime-fast-xhup	legacy-compatible
饕	tc	hl	4	rime-fast-xhup	legacy-compatible
饕	tc	kl	4	rime-fast-xhup	legacy-compatible
饥	ji	uj	12	rime-fast-xhup	legacy-compatible
饧	xk	up	3	rime-fast-xhup	legacy-compatible
饨	ty	ut	3	rime-fast-xhup	legacy-compatible
饩	xi	uq	3	rime-fast-xhup	legacy-compatible
饪	rf	ur	2	rime-fast-xhup	legacy-compatible
饫	yu	uy	2	rime-fast-xhup	legacy-compatible
饬	ii	ul	5	rime-fast-xhup	legacy-compatible
饭	fj	uy	37	rime-fast-xhup	legacy-compatible
饮	yb	ur	25	rime-fast-xhup	legacy-compatible
饯	jm	uj	5	rime-fast-xhup	legacy-compatible
饰	ui	uj	23	rime-fast-xhup	legacy-compatible
饱	bc	us	23	rime-fast-xhup	legacy-compatible
饲	si	uk	11	rime-fast-xhup	legacy-compatible
饳	do	ui	0	rime-fast-xhup	legacy-compatible
饴	yi	uk	5	rime-fast-xhup	legacy-compatible
饵	er	ue	12	rime-fast-xhup	legacy-compatible
饶	rc	uw	19	rime-fast-xhup	legacy-compatible
饷	xl	uk	8	rime-fast-xhup	legacy-compatible
饸	he	uk	0	rime-fast-xhup	legacy-compatible
饹	ge	uk	5	rime-fast-xhup	legacy-compatible
饹	le	uk	0	rime-fast-xhup	legacy-compatible
饺	jn	ux	8	rime-fast-xhup	legacy-compatible
饻	xi	uy	0	rime-fast-xhup	legacy-compatible
饼	bk	uc	22	rime-fast-xhup	legacy-compatible
饼	bk	uk	22	rime-fast-xhup	legacy-compatible
饽	bo	uz	2	rime-fast-xhup	legacy-compatible
饿	ee	uw	35	rime-fast-xhup	legacy-compatible
馁	nw	un	7	rime-fast-xhup	legacy-compatible
馃	go	ug	0	rime-fast-xhup	legacy-compatible
馄	hy	ub	4	rime-fast-xhup	legacy-compatible
馅	xm	uj	16	rime-fast-xhup	legacy-compatible
馆	gr	uk	26	rime-fast-xhup	legacy-compatible
馇	ia	ua	1	rime-fast-xhup	legacy-compatible
馇	va	ua	1	rime-fast-xhup	legacy-compatible
馈	kv	ur	9	rime-fast-xhup	legacy-compatible
馉	gu	ug	0	rime-fast-xhup	legacy-compatible
馊	sz	uy	9	rime-fast-xhup	legacy-compatible
馋	ij	ud	15	rime-fast-xhup	legacy-compatible
馌	ye	um	0	rime-fast-xhup	legacy-compatible
馍	mo	ud	12	rime-fast-xhup	legacy-compatible
馏	lq	ut	5	rime-fast-xhup	legacy-compatible
馐	xq	ui	3	rime-fast-xhup	legacy-compatible
馑	jb	ua	2	rime-fast-xhup	legacy-compatible
馒	mj	uy	5	rime-fast-xhup	legacy-compatible
馓	sj	uw	2	rime-fast-xhup	legacy-compatible
馔	vr	ub	6	rime-fast-xhup	legacy-compatible
馕	nh	uy	7	rime-fast-xhup	legacy-compatible
首	uz	bz	30	rime-fast-xhup	legacy-compatible
馗	kv	jz	3	rime-fast-xhup	legacy-compatible
馘	go	ba	2	rime-fast-xhup	legacy-compatible
馘	go	bd	2	rime-fast-xhup	legacy-compatible
香	xl	ho	33	rime-fast-xhup	legacy-compatible
馝	bi	hb	0	rime-fast-xhup	legacy-compatible
馞	bo	hz	0	rime-fast-xhup	legacy-compatible
馥	fu	hw	10	rime-fast-xhup	legacy-compatible
馧	wo	hm	0	rime-fast-xhup	legacy-compatible
馧	yy	hm	1	rime-fast-xhup	legacy-compatible
馨	xb	uo	23	rime-fast-xhup	legacy-compatible
马	ma	va	38	rime-fast-xhup	legacy-compatible
驭	yu	my	9	rime-fast-xhup	legacy-compatible
驮	do	md	2	rime-fast-xhup	legacy-compatible
驮	to	md	11	rime-fast-xhup	legacy-compatible
驯	xy	mi	9	rime-fast-xhup	legacy-compatible
驰	ii	my	16	rime-fast-xhup	legacy-compatible
驱	qu	mx	18	rime-fast-xhup	legacy-compatible
驲	ri	mo	0	rime-fast-xhup	legacy-compatible
驳	bo	mx	14	rime-fast-xhup	legacy-compatible
驴	lv	mh	22	rime-fast-xhup	legacy-compatible
驵	zh	mq	2	rime-fast-xhup	legacy-compatible
驶	ui	mu	14	rime-fast-xhup	legacy-compatible
驷	si	me	6	rime-fast-xhup	legacy-compatible
驸	fu	mc	3	rime-fast-xhup	legacy-compatible
驹	ju	mk	11	rime-fast-xhup	legacy-compatible
驺	zz	me	5	rime-fast-xhup	legacy-compatible
驻	vu	mv	25	rime-fast-xhup	legacy-compatible
驼	to	mb	12	rime-fast-xhup	legacy-compatible
驽	nu	nm	7	rime-fast-xhup	legacy-compatible
驾	jx	lm	17	rime-fast-xhup	legacy-compatible
驿	yi	ml	13	rime-fast-xhup	legacy-compatible
骀	dd	mk	1	rime-fast-xhup	legacy-compatible
骀	td	mk	5	rime-fast-xhup	legacy-compatible
骁	xn	mw	10	rime-fast-xhup	legacy-compatible
骂	ma	km	36	rime-fast-xhup	legacy-compatible
骃	yb	md	0	rime-fast-xhup	legacy-compatible
骄	jn	ml	12	rime-fast-xhup	legacy-compatible
骅	hx	mu	10	rime-fast-xhup	legacy-compatible
骆	lo	mk	17	rime-fast-xhup	legacy-compatible
骇	hd	mr	10	rime-fast-xhup	legacy-compatible
骈	pm	mk	6	rime-fast-xhup	legacy-compatible
骉	bn	mm	0	rime-fast-xhup	legacy-compatible
骊	li	ml	10	rime-fast-xhup	legacy-compatible
骋	ig	mv	7	rime-fast-xhup	legacy-compatible
验	yj	ma	19	rime-fast-xhup	legacy-compatible
骍	xk	mu	0	rime-fast-xhup	legacy-compatible
骎	qb	my	0	rime-fast-xhup	legacy-compatible
骏	jy	mw	16	rime-fast-xhup	legacy-compatible
骐	qi	mb	10	rime-fast-xhup	legacy-compatible
骑	qi	mk	26	rime-fast-xhup	legacy-compatible
骒	ke	mg	2	rime-fast-xhup	legacy-compatible
骓	vv	mf	5	rime-fast-xhup	legacy-compatible
骕	su	ms	0	rime-fast-xhup	legacy-compatible
骖	cj	mp	4	rime-fast-xhup	legacy-compatible
骗	pm	mc	31	rime-fast-xhup	legacy-compatible
骘	vi	em	3	rime-fast-xhup	legacy-compatible
骙	kv	mt	0	rime-fast-xhup	legacy-compatible
骚	sc	mi	21	rime-fast-xhup	legacy-compatible
骛	wu	mm	5	rime-fast-xhup	legacy-compatible
骛	wu	sm	5	rime-fast-xhup	legacy-compatible
骜	ao	fm	5	rime-fast-xhup	legacy-compatible
骝	lq	mt	4	rime-fast-xhup	legacy-compatible
骞	qm	bm	10	rime-fast-xhup	legacy-compatible
骟	uj	mx	5	rime-fast-xhup	legacy-compatible
骠	bn	mx	6	rime-fast-xhup	legacy-compatible
骠	pn	mx	2	rime-fast-xhup	legacy-compatible
骡	lo	mx	8	rime-fast-xhup	legacy-compatible
骢	cs	mx	6	rime-fast-xhup	legacy-compatible
骣	ij	mz	1	rime-fast-xhup	legacy-compatible
骤	vz	mn	12	rime-fast-xhup	legacy-compatible
骥	ji	mb	11	rime-fast-xhup	legacy-compatible
骦	ul	mo	0	rime-fast-xhup	legacy-compatible
骧	xl	my	6	rime-fast-xhup	legacy-compatible
骨	gu	ko	26	rime-fast-xhup	legacy-compatible
骨	gu	lo	26	rime-fast-xhup	legacy-compatible
骰	tz	gy	7	rime-fast-xhup	legacy-compatible
骱	jp	gl	0	rime-fast-xhup	legacy-compatible
骶	di	gd	9	rime-fast-xhup	legacy-compatible
骷	ku	gk	3	rime-fast-xhup	legacy-compatible
骸	hd	gr	8	rime-fast-xhup	legacy-compatible
骺	hz	gk	4	rime-fast-xhup	legacy-compatible
骼	ge	gk	3	rime-fast-xhup	legacy-compatible
髀	bi	gu	3	rime-fast-xhup	legacy-compatible
髁	ke	gg	7	rime-fast-xhup	legacy-compatible
髂	qx	gk	7	rime-fast-xhup	legacy-compatible
髃	yu	gy	0	rime-fast-xhup	legacy-compatible
髅	lz	gn	2	rime-fast-xhup	legacy-compatible
髋	kr	ge	7	rime-fast-xhup	legacy-compatible
髌	bb	gb	3	rime-fast-xhup	legacy-compatible
髎	ln	gp	0	rime-fast-xhup	legacy-compatible
髑	du	gi	1	rime-fast-xhup	legacy-compatible
髓	sv	gz	14	rime-fast-xhup	legacy-compatible
高	gc	wk	49	rime-fast-xhup	legacy-compatible
髡	ky	aw	3	rime-fast-xhup	legacy-compatible
髢	di	ay	0	rime-fast-xhup	legacy-compatible
髦	mc	am	4	rime-fast-xhup	legacy-compatible
髫	tn	ak	1	rime-fast-xhup	legacy-compatible
髭	zi	ab	3	rime-fast-xhup	legacy-compatible
髯	rj	ar	8	rime-fast-xhup	legacy-compatible
髹	xq	am	2	rime-fast-xhup	legacy-compatible
髻	ji	ak	10	rime-fast-xhup	legacy-compatible
髽	vx	at	0	rime-fast-xhup	legacy-compatible
鬃	zs	ax	8	rime-fast-xhup	legacy-compatible
鬈	qr	av	2	rime-fast-xhup	legacy-compatible
鬏	jq	ah	1	rime-fast-xhup	legacy-compatible
鬒	vf	ab	1	rime-fast-xhup	legacy-compatible
鬓	bb	ab	12	rime-fast-xhup	legacy-compatible
鬘	mj	ay	3	rime-fast-xhup	legacy-compatible
鬟	hr	ay	6	rime-fast-xhup	legacy-compatible
鬣	lp	av	4	rime-fast-xhup	legacy-compatible
鬯	ih	xb	2	rime-fast-xhup	legacy-compatible
鬲	ge	al	3	rime-fast-xhup	legacy-compatible
鬲	li	al	3	rime-fast-xhup	legacy-compatible
鬶	gv	fl	0	rime-fast-xhup	legacy-compatible
鬷	zs	aw	1	rime-fast-xhup	legacy-compatible
鬻	yu	gl	5	rime-fast-xhup	legacy-compatible
鬼	gv	ps	33	rime-fast-xhup	legacy-compatible
魁	kv	gu	15	rime-fast-xhup	legacy-compatible
魂	hy	eg	23	rime-fast-xhup	legacy-compatible
魂	hy	yg	23	rime-fast-xhup	legacy-compatible
魃	ba	gd	4	rime-fast-xhup	legacy-compatible
魄	bo	bg	3	rime-fast-xhup	legacy-compatible
魄	po	bg	13	rime-fast-xhup	legacy-compatible
魄	to	bg	3	rime-fast-xhup	legacy-compatible
魅	mw	gw	14	rime-fast-xhup	legacy-compatible
魆	xu	gv	1	rime-fast-xhup	legacy-compatible
魇	yj	ig	6	rime-fast-xhup	legacy-compatible
魈	xn	go	3	rime-fast-xhup	legacy-compatible
魉	ll	gl	4	rime-fast-xhup	legacy-compatible
魋	tv	gf	1	rime-fast-xhup	legacy-compatible
魍	wh	gw	3	rime-fast-xhup	legacy-compatible
魏	ww	hg	26	rime-fast-xhup	legacy-compatible
魑	ii	gd	3	rime-fast-xhup	legacy-compatible
魔	mo	gg	27	rime-fast-xhup	legacy-compatible
鱼	yu	da	36	rime-fast-xhup	legacy-compatible
鱽	dc	ad	0	rime-fast-xhup	legacy-compatible
鱽	dc	yd	0	rime-fast-xhup	legacy-compatible
鱾	ji	aj	0	rime-fast-xhup	legacy-compatible
鱾	ji	yj	0	rime-fast-xhup	legacy-compatible
鱿	yz	ay	4	rime-fast-xhup	legacy-compatible
鱿	yz	yy	4	rime-fast-xhup	legacy-compatible
鲀	ty	at	0	rime-fast-xhup	legacy-compatible
鲀	ty	yt	0	rime-fast-xhup	legacy-compatible
鲁	lu	ao	26	rime-fast-xhup	legacy-compatible
鲁	lu	do	26	rime-fast-xhup	legacy-compatible
鲂	fh	af	3	rime-fast-xhup	legacy-compatible
鲂	fh	yf	3	rime-fast-xhup	legacy-compatible
鲃	ba	ab	0	rime-fast-xhup	legacy-compatible
鲃	ba	yb	0	rime-fast-xhup	legacy-compatible
鲅	ba	ad	2	rime-fast-xhup	legacy-compatible
鲅	ba	yd	2	rime-fast-xhup	legacy-compatible
鲆	pk	ap	4	rime-fast-xhup	legacy-compatible
鲆	pk	yp	4	rime-fast-xhup	legacy-compatible
鲇	nm	ak	4	rime-fast-xhup	legacy-compatible
鲇	nm	yk	4	rime-fast-xhup	legacy-compatible
鲈	lu	au	5	rime-fast-xhup	legacy-compatible
鲈	lu	yu	5	rime-fast-xhup	legacy-compatible
鲉	yz	ay	0	rime-fast-xhup	legacy-compatible
鲉	yz	yy	0	rime-fast-xhup	legacy-compatible
鲊	va	av	0	rime-fast-xhup	legacy-compatible
鲊	va	yv	0	rime-fast-xhup	legacy-compatible
鲋	fu	ac	3	rime-fast-xhup	legacy-compatible
鲋	fu	yc	3	rime-fast-xhup	legacy-compatible
鲌	ba	ab	0	rime-fast-xhup	legacy-compatible
鲌	ba	yb	0	rime-fast-xhup	legacy-compatible
鲌	bo	ab	0	rime-fast-xhup	legacy-compatible
鲌	bo	yb	0	rime-fast-xhup	legacy-compatible
鲍	bc	as	18	rime-fast-xhup	legacy-compatible
鲍	bc	ys	18	rime-fast-xhup	legacy-compatible
鲎	hz	xa	4	rime-fast-xhup	legacy-compatible
鲏	pi	ay	0	rime-fast-xhup	legacy-compatible
鲏	pi	yy	0	rime-fast-xhup	legacy-compatible
鲐	td	ak	2	rime-fast-xhup	legacy-compatible
鲐	td	yk	2	rime-fast-xhup	legacy-compatible
鲑	gv	at	5	rime-fast-xhup	legacy-compatible
鲑	gv	yt	5	rime-fast-xhup	legacy-compatible
鲑	xp	at	0	rime-fast-xhup	legacy-compatible
鲑	xp	yt	0	rime-fast-xhup	legacy-compatible
鲒	jp	ak	1	rime-fast-xhup	legacy-compatible
鲒	jp	yk	1	rime-fast-xhup	legacy-compatible
鲔	ww	ao	1	rime-fast-xhup	legacy-compatible
鲔	ww	yo	1	rime-fast-xhup	legacy-compatible
鲕	er	ae	1	rime-fast-xhup	legacy-compatible
鲕	er	ye	1	rime-fast-xhup	legacy-compatible
鲖	ts	ak	0	rime-fast-xhup	legacy-compatible
鲖	ts	yk	0	rime-fast-xhup	legacy-compatible
鲗	zw	ad	0	rime-fast-xhup	legacy-compatible
鲗	zw	yd	0	rime-fast-xhup	legacy-compatible
鲘	hz	ak	0	rime-fast-xhup	legacy-compatible
鲘	hz	yk	0	rime-fast-xhup	legacy-compatible
鲙	kk	as	0	rime-fast-xhup	legacy-compatible
鲙	kk	ys	0	rime-fast-xhup	legacy-compatible
鲚	ji	al	1	rime-fast-xhup	legacy-compatible
鲚	ji	yl	1	rime-fast-xhup	legacy-compatible
鲛	jn	ax	6	rime-fast-xhup	legacy-compatible
鲛	jn	yx	6	rime-fast-xhup	legacy-compatible
鲜	xm	ay	23	rime-fast-xhup	legacy-compatible
鲜	xm	yy	23	rime-fast-xhup	legacy-compatible
鲝	va	ya	0	rime-fast-xhup	legacy-compatible
鲞	xl	ja	3	rime-fast-xhup	legacy-compatible
鲟	xy	ac	5	rime-fast-xhup	legacy-compatible
鲟	xy	yc	5	rime-fast-xhup	legacy-compatible
鲠	gg	ag	5	rime-fast-xhup	legacy-compatible
鲠	gg	yg	5	rime-fast-xhup	legacy-compatible
鲡	li	al	0	rime-fast-xhup	legacy-compatible
鲡	li	yl	0	rime-fast-xhup	legacy-compatible
鲢	lm	az	4	rime-fast-xhup	legacy-compatible
鲢	lm	yz	4	rime-fast-xhup	legacy-compatible
鲣	jm	at	1	rime-fast-xhup	legacy-compatible
鲣	jm	yt	1	rime-fast-xhup	legacy-compatible
鲤	li	al	10	rime-fast-xhup	legacy-compatible
鲤	li	yl	10	rime-fast-xhup	legacy-compatible
鲥	ui	ac	2	rime-fast-xhup	legacy-compatible
鲥	ui	yc	2	rime-fast-xhup	legacy-compatible
鲦	tn	am	1	rime-fast-xhup	legacy-compatible
鲦	tn	ym	1	rime-fast-xhup	legacy-compatible
鲧	gy	ax	5	rime-fast-xhup	legacy-compatible
鲧	gy	yx	5	rime-fast-xhup	legacy-compatible
鲨	ua	da	11	rime-fast-xhup	legacy-compatible
鲩	hr	ae	2	rime-fast-xhup	legacy-compatible
鲩	hr	yw	2	rime-fast-xhup	legacy-compatible
鲪	jy	ak	0	rime-fast-xhup	legacy-compatible
鲪	jy	yk	0	rime-fast-xhup	legacy-compatible
鲫	ji	ae	6	rime-fast-xhup	legacy-compatible
鲫	ji	ye	6	rime-fast-xhup	legacy-compatible
鲬	ys	ay	0	rime-fast-xhup	legacy-compatible
鲬	ys	yy	0	rime-fast-xhup	legacy-compatible
鲭	qk	ao	2	rime-fast-xhup	legacy-compatible
鲭	qk	yo	2	rime-fast-xhup	legacy-compatible
鲭	vg	ao	0	rime-fast-xhup	legacy-compatible
鲭	vg	yo	0	rime-fast-xhup	legacy-compatible
鲮	lk	aw	2	rime-fast-xhup	legacy-compatible
鲮	lk	yw	2	rime-fast-xhup	legacy-compatible
鲯	qi	ab	0	rime-fast-xhup	legacy-compatible
鲯	qi	yb	0	rime-fast-xhup	legacy-compatible
鲰	zz	ay	1	rime-fast-xhup	legacy-compatible
鲰	zz	yy	1	rime-fast-xhup	legacy-compatible
鲱	fw	af	1	rime-fast-xhup	legacy-compatible
鲱	fw	yf	1	rime-fast-xhup	legacy-compatible
鲲	ky	ab	9	rime-fast-xhup	legacy-compatible
鲲	ky	yb	9	rime-fast-xhup	legacy-compatible
鲳	ih	ao	3	rime-fast-xhup	legacy-compatible
鲳	ih	yo	3	rime-fast-xhup	legacy-compatible
鲴	gu	ak	2	rime-fast-xhup	legacy-compatible
鲴	gu	yk	2	rime-fast-xhup	legacy-compatible
鲵	ni	ae	4	rime-fast-xhup	legacy-compatible
鲵	ni	ye	4	rime-fast-xhup	legacy-compatible
鲶	nm	ax	4	rime-fast-xhup	legacy-compatible
鲶	nm	yx	4	rime-fast-xhup	legacy-compatible
鲷	dn	ak	6	rime-fast-xhup	legacy-compatible
鲷	dn	yk	6	rime-fast-xhup	legacy-compatible
鲸	jk	ax	12	rime-fast-xhup	legacy-compatible
鲸	jk	yx	12	rime-fast-xhup	legacy-compatible
鲹	uf	ap	0	rime-fast-xhup	legacy-compatible
鲹	uf	yp	0	rime-fast-xhup	legacy-compatible
鲺	ui	ai	2	rime-fast-xhup	legacy-compatible
鲺	ui	yi	2	rime-fast-xhup	legacy-compatible
鲻	zi	at	5	rime-fast-xhup	legacy-compatible
鲻	zi	yt	5	rime-fast-xhup	legacy-compatible
鲼	ff	ar	3	rime-fast-xhup	legacy-compatible
鲼	ff	yr	3	rime-fast-xhup	legacy-compatible
鲽	dp	am	3	rime-fast-xhup	legacy-compatible
鲽	dp	ym	3	rime-fast-xhup	legacy-compatible
鲾	bi	at	0	rime-fast-xhup	legacy-compatible
鲾	bi	yt	0	rime-fast-xhup	legacy-compatible
鲿	ih	as	0	rime-fast-xhup	legacy-compatible
鲿	ih	ys	0	rime-fast-xhup	legacy-compatible
鳀	ti	ar	0	rime-fast-xhup	legacy-compatible
鳀	ti	yr	0	rime-fast-xhup	legacy-compatible
鳁	wf	am	0	rime-fast-xhup	legacy-compatible
鳁	wf	ym	0	rime-fast-xhup	legacy-compatible
鳂	ww	an	0	rime-fast-xhup	legacy-compatible
鳂	ww	yn	0	rime-fast-xhup	legacy-compatible
鳃	sd	ax	9	rime-fast-xhup	legacy-compatible
鳃	sd	yx	9	rime-fast-xhup	legacy-compatible
鳃	xi	ax	0	rime-fast-xhup	legacy-compatible
鳃	xi	yx	0	rime-fast-xhup	legacy-compatible
鳄	ee	ak	9	rime-fast-xhup	legacy-compatible
鳄	ee	yk	9	rime-fast-xhup	legacy-compatible
鳅	qq	ah	4	rime-fast-xhup	legacy-compatible
鳅	qq	yh	4	rime-fast-xhup	legacy-compatible
鳆	fu	aw	0	rime-fast-xhup	legacy-compatible
鳇	hl	aw	1	rime-fast-xhup	legacy-compatible
鳇	hl	yw	1	rime-fast-xhup	legacy-compatible
鳈	qr	au	0	rime-fast-xhup	legacy-compatible
鳈	qr	yu	0	rime-fast-xhup	legacy-compatible
鳉	jl	ac	0	rime-fast-xhup	legacy-compatible
鳉	jl	yc	0	rime-fast-xhup	legacy-compatible
鳊	bm	ac	1	rime-fast-xhup	legacy-compatible
鳊	bm	bc	1	rime-fast-xhup	legacy-compatible
鳌	ao	fa	9	rime-fast-xhup	legacy-compatible
鳍	qi	ao	11	rime-fast-xhup	legacy-compatible
鳍	qi	yo	11	rime-fast-xhup	legacy-compatible
鳎	ta	ax	3	rime-fast-xhup	legacy-compatible
鳎	ta	yx	3	rime-fast-xhup	legacy-compatible
鳏	gr	ad	3	rime-fast-xhup	legacy-compatible
鳏	gr	yd	3	rime-fast-xhup	legacy-compatible
鳐	yc	af	4	rime-fast-xhup	legacy-compatible
鳐	yc	yf	4	rime-fast-xhup	legacy-compatible
鳑	ph	af	0	rime-fast-xhup	legacy-compatible
鳑	ph	yf	0	rime-fast-xhup	legacy-compatible
鳒	jm	an	0	rime-fast-xhup	legacy-compatible
鳒	jm	yn	0	rime-fast-xhup	legacy-compatible
鳓	le	al	4	rime-fast-xhup	legacy-compatible
鳓	le	yl	4	rime-fast-xhup	legacy-compatible
鳔	bn	ax	2	rime-fast-xhup	legacy-compatible
鳔	bn	yx	2	rime-fast-xhup	legacy-compatible
鳕	xt	ae	3	rime-fast-xhup	legacy-compatible
鳕	xt	ye	3	rime-fast-xhup	legacy-compatible
鳖	bp	da	13	rime-fast-xhup	legacy-compatible
鳖	bp	xa	13	rime-fast-xhup	legacy-compatible
鳗	mj	ay	8	rime-fast-xhup	legacy-compatible
鳗	mj	yy	8	rime-fast-xhup	legacy-compatible
鳘	mb	pa	1	rime-fast-xhup	legacy-compatible
鳘	mb	ra	1	rime-fast-xhup	legacy-compatible
鳙	ys	al	4	rime-fast-xhup	legacy-compatible
鳙	ys	yl	4	rime-fast-xhup	legacy-compatible
鳚	ww	ac	0	rime-fast-xhup	legacy-compatible
鳚	ww	yc	0	rime-fast-xhup	legacy-compatible
鳛	xi	ab	0	rime-fast-xhup	legacy-compatible
鳛	xi	yb	0	rime-fast-xhup	legacy-compatible
鳜	gv	ar	2	rime-fast-xhup	legacy-compatible
鳜	gv	yr	2	rime-fast-xhup	legacy-compatible
鳜	jt	ar	0	rime-fast-xhup	legacy-compatible
鳜	jt	yr	0	rime-fast-xhup	legacy-compatible
鳝	uj	ak	8	rime-fast-xhup	legacy-compatible
鳝	uj	yk	8	rime-fast-xhup	legacy-compatible
鳞	lb	al	13	rime-fast-xhup	legacy-compatible
鳞	lb	yl	13	rime-fast-xhup	legacy-compatible
鳟	zy	ac	2	rime-fast-xhup	legacy-compatible
鳟	zy	yc	2	rime-fast-xhup	legacy-compatible
鳠	hu	ay	0	rime-fast-xhup	legacy-compatible
鳠	hu	yy	0	rime-fast-xhup	legacy-compatible
鳡	gj	ax	0	rime-fast-xhup	legacy-compatible
鳡	gj	yx	0	rime-fast-xhup	legacy-compatible
鳢	li	aa	3	rime-fast-xhup	legacy-compatible
鳢	li	ya	3	rime-fast-xhup	legacy-compatible
鳣	uj	aa	0	rime-fast-xhup	legacy-compatible
鳣	uj	ya	0	rime-fast-xhup	legacy-compatible
鳣	vj	aa	0	rime-fast-xhup	legacy-compatible
鳣	vj	ya	0	rime-fast-xhup	legacy-compatible
鳤	gr	ak	0	rime-fast-xhup	legacy-compatible
鳤	gr	yk	0	rime-fast-xhup	legacy-compatible
鸟	dn	wa	3	rime-fast-xhup	legacy-compatible
鸟	dn	wd	3	rime-fast-xhup	legacy-compatible
鸟	nn	wa	36	rime-fast-xhup	legacy-compatible
鸟	nn	wd	36	rime-fast-xhup	legacy-compatible
鸠	jq	jn	11	rime-fast-xhup	legacy-compatible
鸡	ji	yn	30	rime-fast-xhup	legacy-compatible
鸢	yr	yn	10	rime-fast-xhup	legacy-compatible
鸣	mk	kn	22	rime-fast-xhup	legacy-compatible
鸤	ui	un	0	rime-fast-xhup	legacy-compatible
鸥	ou	kn	13	rime-fast-xhup	legacy-compatible
鸥	ou	qn	13	rime-fast-xhup	legacy-compatible
鸦	ya	yn	13	rime-fast-xhup	legacy-compatible
鸧	ch	cn	0	rime-fast-xhup	legacy-compatible
鸧	ch	rn	0	rime-fast-xhup	legacy-compatible
鸨	bc	bn	3	rime-fast-xhup	legacy-compatible
鸩	vf	dn	5	rime-fast-xhup	legacy-compatible
鸪	gu	gn	2	rime-fast-xhup	legacy-compatible
鸪	gu	un	2	rime-fast-xhup	legacy-compatible
鸫	ds	dn	3	rime-fast-xhup	legacy-compatible
鸬	lu	ln	5	rime-fast-xhup	legacy-compatible
鸭	ya	jn	22	rime-fast-xhup	legacy-compatible
鸮	xn	kn	0	rime-fast-xhup	legacy-compatible
鸯	yh	yn	4	rime-fast-xhup	legacy-compatible
鸰	lk	rn	0	rime-fast-xhup	legacy-compatible
鸱	ii	dn	0	rime-fast-xhup	legacy-compatible
鸲	qu	bn	2	rime-fast-xhup	legacy-compatible
鸲	qu	jn	2	rime-fast-xhup	legacy-compatible
鸳	yr	xn	8	rime-fast-xhup	legacy-compatible
鸵	to	nb	4	rime-fast-xhup	legacy-compatible
鸶	si	sn	2	rime-fast-xhup	legacy-compatible
鸶	si	vn	2	rime-fast-xhup	legacy-compatible
鸷	vi	fn	3	rime-fast-xhup	legacy-compatible
鸸	er	en	5	rime-fast-xhup	legacy-compatible
鸹	gx	qn	2	rime-fast-xhup	legacy-compatible
鸹	gx	un	2	rime-fast-xhup	legacy-compatible
鸺	xq	rn	1	rime-fast-xhup	legacy-compatible
鸻	hg	in	0	rime-fast-xhup	legacy-compatible
鸼	vz	vn	0	rime-fast-xhup	legacy-compatible
鸽	ge	rn	13	rime-fast-xhup	legacy-compatible
鸾	lr	wn	12	rime-fast-xhup	legacy-compatible
鸿	hs	dn	22	rime-fast-xhup	legacy-compatible
鹀	wu	gn	0	rime-fast-xhup	legacy-compatible
鹁	bo	un	1	rime-fast-xhup	legacy-compatible
鹂	li	ln	5	rime-fast-xhup	legacy-compatible
鹃	jr	kn	10	rime-fast-xhup	legacy-compatible
鹄	gu	nn	4	rime-fast-xhup	legacy-compatible
鹄	hu	nn	4	rime-fast-xhup	legacy-compatible
鹅	ee	wn	20	rime-fast-xhup	legacy-compatible
鹆	yu	bn	7	rime-fast-xhup	legacy-compatible
鹇	xm	mn	2	rime-fast-xhup	legacy-compatible
鹈	ti	bn	3	rime-fast-xhup	legacy-compatible
鹉	wu	an	1	rime-fast-xhup	legacy-compatible
鹊	qt	cn	9	rime-fast-xhup	legacy-compatible
鹋	mn	cn	5	rime-fast-xhup	legacy-compatible
鹌	an	dn	1	rime-fast-xhup	legacy-compatible
鹍	ky	on	0	rime-fast-xhup	legacy-compatible
鹎	bw	pn	1	rime-fast-xhup	legacy-compatible
鹏	pg	on	23	rime-fast-xhup	legacy-compatible
鹐	qm	dn	0	rime-fast-xhup	legacy-compatible
鹑	iy	wn	4	rime-fast-xhup	legacy-compatible
鹒	gg	gn	0	rime-fast-xhup	legacy-compatible
鹔	su	sn	0	rime-fast-xhup	legacy-compatible
鹕	hu	gn	2	rime-fast-xhup	legacy-compatible
鹕	hu	un	2	rime-fast-xhup	legacy-compatible
鹖	he	on	0	rime-fast-xhup	legacy-compatible
鹗	ee	kn	4	rime-fast-xhup	legacy-compatible
鹘	gu	gn	2	rime-fast-xhup	legacy-compatible
鹘	hu	gn	2	rime-fast-xhup	legacy-compatible
鹙	qq	hn	0	rime-fast-xhup	legacy-compatible
鹚	ci	bn	4	rime-fast-xhup	legacy-compatible
鹛	mw	vn	2	rime-fast-xhup	legacy-compatible
鹜	wu	mn	5	rime-fast-xhup	legacy-compatible
鹜	wu	sn	5	rime-fast-xhup	legacy-compatible
鹝	yi	an	0	rime-fast-xhup	legacy-compatible
鹞	yc	pn	5	rime-fast-xhup	legacy-compatible
鹞	yc	vn	5	rime-fast-xhup	legacy-compatible
鹟	wg	bn	0	rime-fast-xhup	legacy-compatible
鹟	wg	gn	0	rime-fast-xhup	legacy-compatible
鹠	lq	pn	0	rime-fast-xhup	legacy-compatible
鹡	ji	dn	0	rime-fast-xhup	legacy-compatible
鹢	yi	bn	0	rime-fast-xhup	legacy-compatible
鹣	jm	bn	2	rime-fast-xhup	legacy-compatible
鹤	he	dn	20	rime-fast-xhup	legacy-compatible
鹤	he	hn	20	rime-fast-xhup	legacy-compatible
鹦	yk	bn	4	rime-fast-xhup	legacy-compatible
鹦	yk	kn	4	rime-fast-xhup	legacy-compatible
鹧	ve	gn	1	rime-fast-xhup	legacy-compatible
鹨	lq	xn	2	rime-fast-xhup	legacy-compatible
鹩	ln	dn	2	rime-fast-xhup	legacy-compatible
鹪	jn	rn	3	rime-fast-xhup	legacy-compatible
鹫	jq	wn	8	rime-fast-xhup	legacy-compatible
鹬	yu	mn	4	rime-fast-xhup	legacy-compatible
鹬	yu	sn	4	rime-fast-xhup	legacy-compatible
鹭	lu	zn	12	rime-fast-xhup	legacy-compatible
鹮	hr	sn	0	rime-fast-xhup	legacy-compatible
鹯	vj	wn	0	rime-fast-xhup	legacy-compatible
鹰	yk	gn	21	rime-fast-xhup	legacy-compatible
鹱	hu	ny	1	rime-fast-xhup	legacy-compatible
鹲	mg	cn	0	rime-fast-xhup	legacy-compatible
鹳	gr	cn	4	rime-fast-xhup	legacy-compatible
鹴	ul	yn	0	rime-fast-xhup	legacy-compatible
鹾	co	lg	4	rime-fast-xhup	legacy-compatible
鹿	lu	gb	20	rime-fast-xhup	legacy-compatible
麀	yz	gb	1	rime-fast-xhup	legacy-compatible
麂	ji	gj	5	rime-fast-xhup	legacy-compatible
麇	jy	gh	1	rime-fast-xhup	legacy-compatible
麇	qy	gh	1	rime-fast-xhup	legacy-compatible
麈	vu	gv	3	rime-fast-xhup	legacy-compatible
麋	mi	gm	3	rime-fast-xhup	legacy-compatible
麑	ni	ge	1	rime-fast-xhup	legacy-compatible
麒	qi	gb	12	rime-fast-xhup	legacy-compatible
麓	lu	mb	12	rime-fast-xhup	legacy-compatible
麖	jk	gx	0	rime-fast-xhup	legacy-compatible
麝	ue	gc	6	rime-fast-xhup	legacy-compatible
麟	lb	gl	17	rime-fast-xhup	legacy-compatible
麦	md	fw	26	rime-fast-xhup	legacy-compatible
麸	fu	ff	5	rime-fast-xhup	legacy-compatible
麹	qu	fm	2	rime-fast-xhup	legacy-compatible
麻	ma	gm	27	rime-fast-xhup	legacy-compatible
麽	ma	gm	1	rime-fast-xhup	legacy-compatible
麽	me	gm	24	rime-fast-xhup	legacy-compatible
麽	mo	gm	2	rime-fast-xhup	legacy-compatible
麾	hv	gm	5	rime-fast-xhup	legacy-compatible
黄	hl	cb	40	rime-fast-xhup	legacy-compatible
黇	tm	ck	0	rime-fast-xhup	legacy-compatible
黉	hs	xb	2	rime-fast-xhup	legacy-compatible
黍	uu	hu	7	rime-fast-xhup	legacy-compatible
黎	li	hu	26	rime-fast-xhup	legacy-compatible
黏	nm	hk	13	rime-fast-xhup	legacy-compatible
黑	hw	lh	39	rime-fast-xhup	legacy-compatible
黔	qm	hv	15	rime-fast-xhup	legacy-compatible
默	mo	hq	20	rime-fast-xhup	legacy-compatible
黛	dd	rh	16	rime-fast-xhup	legacy-compatible
黜	iu	hi	5	rime-fast-xhup	legacy-compatible
黝	yz	hl	4	rime-fast-xhup	legacy-compatible
黟	yi	hx	3	rime-fast-xhup	legacy-compatible
黠	xx	hk	4	rime-fast-xhup	legacy-compatible
黡	yj	ih	0	rime-fast-xhup	legacy-compatible
黢	qu	hw	5	rime-fast-xhup	legacy-compatible
黥	qk	hx	4	rime-fast-xhup	legacy-compatible
黧	li	hh	2	rime-fast-xhup	legacy-compatible
黩	du	hd	2	rime-fast-xhup	legacy-compatible
黪	cj	hp	2	rime-fast-xhup	legacy-compatible
黯	an	ho	12	rime-fast-xhup	legacy-compatible
黹	vi	yd	2	rime-fast-xhup	legacy-compatible
黻	fu	yd	5	rime-fast-xhup	legacy-compatible
黼	fu	yf	4	rime-fast-xhup	legacy-compatible
黾	mb	kd	4	rime-fast-xhup	legacy-compatible
黾	mg	kd	0	rime-fast-xhup	legacy-compatible
黾	mm	kd	0	rime-fast-xhup	legacy-compatible
鼋	yr	ed	4	rime-fast-xhup	legacy-compatible
鼋	yr	yd	4	rime-fast-xhup	legacy-compatible
鼍	to	kd	3	rime-fast-xhup	legacy-compatible
鼎	dk	ov	20	rime-fast-xhup	legacy-compatible
鼐	nd	nv	5	rime-fast-xhup	legacy-compatible
鼒	zi	cv	1	rime-fast-xhup	legacy-compatible
鼓	gu	uv	22	rime-fast-xhup	legacy-compatible
鼓	gu	uy	22	rime-fast-xhup	legacy-compatible
鼗	tc	ey	2	rime-fast-xhup	legacy-compatible
鼗	tc	vy	2	rime-fast-xhup	legacy-compatible
鼙	pi	uu	0	rime-fast-xhup	legacy-compatible
鼠	uu	jv	23	rime-fast-xhup	legacy-compatible
鼢	ff	jd	5	rime-fast-xhup	legacy-compatible
鼩	qu	jk	2	rime-fast-xhup	legacy-compatible
鼫	ui	ju	0	rime-fast-xhup	legacy-compatible
鼬	yz	jy	9	rime-fast-xhup	legacy-compatible
鼯	wu	jk	0	rime-fast-xhup	legacy-compatible
鼱	jk	jo	1	rime-fast-xhup	legacy-compatible
鼷	xi	jd	1	rime-fast-xhup	legacy-compatible
鼹	yj	jn	2	rime-fast-xhup	legacy-compatible
鼻	bi	zl	20	rime-fast-xhup	legacy-compatible
鼽	qq	zj	1	rime-fast-xhup	legacy-compatible
鼾	hj	zg	5	rime-fast-xhup	legacy-compatible
齁	hz	zk	1	rime-fast-xhup	legacy-compatible
齇	va	zq	0	rime-fast-xhup	legacy-compatible
齉	nh	zy	1	rime-fast-xhup	legacy-compatible
齐	ji	wl	0	rime-fast-xhup	legacy-compatible
齐	qi	wl	30	rime-fast-xhup	legacy-compatible
齐	vd	wl	0	rime-fast-xhup	legacy-compatible
齐	zi	wl	0	rime-fast-xhup	legacy-compatible
齑	ji	wl	3	rime-fast-xhup	legacy-compatible
齿	ii	vk	19	rime-fast-xhup	legacy-compatible
龀	if	vb	2	rime-fast-xhup	legacy-compatible
龁	he	vq	0	rime-fast-xhup	legacy-compatible
龁	he	vy	0	rime-fast-xhup	legacy-compatible
龂	kf	vj	0	rime-fast-xhup	legacy-compatible
龂	yb	vj	0	rime-fast-xhup	legacy-compatible
龃	ju	vq	2	rime-fast-xhup	legacy-compatible
龄	lk	vs	18	rime-fast-xhup	legacy-compatible
龅	bc	vs	3	rime-fast-xhup	legacy-compatible
龆	tn	vk	2	rime-fast-xhup	legacy-compatible
龇	zi	vb	4	rime-fast-xhup	legacy-compatible
龈	kf	vg	1	rime-fast-xhup	legacy-compatible
龈	yb	vg	6	rime-fast-xhup	legacy-compatible
龉	yu	vk	2	rime-fast-xhup	legacy-compatible
龊	io	vr	4	rime-fast-xhup	legacy-compatible
龋	qu	vy	9	rime-fast-xhup	legacy-compatible
龌	wo	vt	4	rime-fast-xhup	legacy-compatible
龙	ls	ud	36	rime-fast-xhup	legacy-compatible
龚	gs	lb	20	rime-fast-xhup	legacy-compatible
龛	kj	rl	7	rime-fast-xhup	legacy-compatible
龟	gv	dv	21	rime-fast-xhup	legacy-compatible
龟	jy	dv	1	rime-fast-xhup	legacy-compatible
龟	qq	dv	1	rime-fast-xhup	legacy-compatible
龠	yt	rc	4	rime-fast-xhup	legacy-compatible
龢	he	rh	1	rime-fast-xhup	legacy-compatible
鿍	gh	tl	0	rime-fast-xhup	legacy-compatible
鿎	da	ud	0	rime-fast-xhup	legacy-compatible
鿎	da	uz	0	rime-fast-xhup	legacy-compatible
鿎	ta	ud	0	rime-fast-xhup	legacy-compatible
鿎	ta	uz	0	rime-fast-xhup	legacy-compatible
鿏	md	jw	0	rime-fast-xhup	legacy-compatible
鿔	ge	jk	0	rime-fast-xhup	legacy-compatible
鿕	dj	ad	0	rime-fast-xhup	legacy-compatible
鿫	ao	qd	0	rime-fast-xhup	legacy-compatible
鿬	tm	ut	0	rime-fast-xhup	legacy-compatible
鿭	ni	jx	0	rime-fast-xhup	legacy-compatible
𠅤	xi	wx	0	rime-fast-xhup	legacy-compatible
𠙶	ou	lk	0	rime-fast-xhup	legacy-compatible
𠳐	bh	ke	0	rime-fast-xhup	legacy-compatible
𡎚	pm	tc	0	rime-fast-xhup	legacy-compatible
𡐓	kh	tn	0	rime-fast-xhup	legacy-compatible
𣗋	dh	me	0	rime-fast-xhup	legacy-compatible
𣲗	ww	dw	0	rime-fast-xhup	legacy-compatible
𣲘	wu	dw	0	rime-fast-xhup	legacy-compatible
𣸣	ff	dr	0	rime-fast-xhup	legacy-compatible
𤆵	pa	hb	0	rime-fast-xhup	legacy-compatible
𤧛	di	wj	0	rime-fast-xhup	legacy-compatible
𤩽	hr	wq	0	rime-fast-xhup	legacy-compatible
𤫉	xp	wy	0	rime-fast-xhup	legacy-compatible
𥔲	ee	uk	0	rime-fast-xhup	legacy-compatible
𥕢	cc	uo	0	rime-fast-xhup	legacy-compatible
𥖨	zc	um	0	rime-fast-xhup	legacy-compatible
𥻗	ia	ma	0	rime-fast-xhup	legacy-compatible
𦈡	xu	se	0	rime-fast-xhup	legacy-compatible
𦒍	ts	lx	0	rime-fast-xhup	legacy-compatible
𦙶	gu	ok	0	rime-fast-xhup	legacy-compatible
𦝼	lv	on	0	rime-fast-xhup	legacy-compatible
𦝼	lz	on	0	rime-fast-xhup	legacy-compatible
𦭜	vi	cb	0	rime-fast-xhup	legacy-compatible
𦰡	na	ce	0	rime-fast-xhup	legacy-compatible
𦰡	no	ce	0	rime-fast-xhup	legacy-compatible
𧿹	mu	zm	0	rime-fast-xhup	legacy-compatible
𨐈	gl	ie	0	rime-fast-xhup	legacy-compatible
𨐈	gl	iw	0	rime-fast-xhup	legacy-compatible
𨙸	qi	ue	0	rime-fast-xhup	legacy-compatible
𨙸	qi	ve	0	rime-fast-xhup	legacy-compatible
𨚕	bm	se	0	rime-fast-xhup	legacy-compatible
𨟠	jt	oe	0	rime-fast-xhup	legacy-compatible
𨟠	qr	oe	0	rime-fast-xhup	legacy-compatible
𨭉	bj	wj	0	rime-fast-xhup	legacy-compatible
𨱇	qq	jq	0	rime-fast-xhup	legacy-compatible
𨱏	da	jk	0	rime-fast-xhup	legacy-compatible
𨱑	hl	jb	0	rime-fast-xhup	legacy-compatible
𨱔	zy	jc	0	rime-fast-xhup	legacy-compatible
𨺙	ni	ee	0	rime-fast-xhup	legacy-compatible
𩽾	an	an	0	rime-fast-xhup	legacy-compatible
𩽾	an	dn	0	rime-fast-xhup	legacy-compatible
𩾃	mm	av	0	rime-fast-xhup	legacy-compatible
𩾃	mm	yv	0	rime-fast-xhup	legacy-compatible
𩾌	kh	an	0	rime-fast-xhup	legacy-compatible
𩾌	kh	yn	0	rime-fast-xhup	legacy-compatible
𪟝	ji	fl	0	rime-fast-xhup	legacy-compatible
𪣻	lz	tn	0	rime-fast-xhup	legacy-compatible
𪤗	ln	tp	0	rime-fast-xhup	legacy-compatible
𪨊	ss	ur	0	rime-fast-xhup	legacy-compatible
𪨰	qu	eq	0	rime-fast-xhup	legacy-compatible
𪨶	ue	ei	0	rime-fast-xhup	legacy-compatible
𪩘	yj	eq	0	rime-fast-xhup	legacy-compatible
𪾢	xm	oe	0	rime-fast-xhup	legacy-compatible
𫄧	xm	sz	0	rime-fast-xhup	legacy-compatible
𫄨	ii	sj	0	rime-fast-xhup	legacy-compatible
𫄷	yi	sx	0	rime-fast-xhup	legacy-compatible
𫄸	xy	sh	0	rime-fast-xhup	legacy-compatible
𫇭	ww	cw	0	rime-fast-xhup	legacy-compatible
𫌀	ji	pb	0	rime-fast-xhup	legacy-compatible
𫌀	ji	pr	0	rime-fast-xhup	legacy-compatible
𫍣	ts	yk	0	rime-fast-xhup	legacy-compatible
𫍯	xm	yk	0	rime-fast-xhup	legacy-compatible
𫍲	xn	yy	0	rime-fast-xhup	legacy-compatible
𫍽	xr	yy	0	rime-fast-xhup	legacy-compatible
𫐄	yt	iw	0	rime-fast-xhup	legacy-compatible
𫐐	ni	ie	0	rime-fast-xhup	legacy-compatible
𫐓	rz	im	0	rime-fast-xhup	legacy-compatible
𫑡	mg	ke	0	rime-fast-xhup	legacy-compatible
𫓧	fu	jf	0	rime-fast-xhup	legacy-compatible
𫓯	ji	jt	0	rime-fast-xhup	legacy-compatible
𫓶	xr	jo	0	rime-fast-xhup	legacy-compatible
𫓹	ji	jb	0	rime-fast-xhup	legacy-compatible
𫓹	ji	jq	0	rime-fast-xhup	legacy-compatible
𫔍	fj	jt	0	rime-fast-xhup	legacy-compatible
𫔎	jt	jk	0	rime-fast-xhup	legacy-compatible
𫔶	np	mm	0	rime-fast-xhup	legacy-compatible
𫖮	yi	er	0	rime-fast-xhup	legacy-compatible
𫖯	fu	er	0	rime-fast-xhup	legacy-compatible
𫖯	fu	vr	0	rime-fast-xhup	legacy-compatible
𫖳	yy	yr	0	rime-fast-xhup	legacy-compatible
𫗧	su	uu	0	rime-fast-xhup	legacy-compatible
𫗴	vj	ua	0	rime-fast-xhup	legacy-compatible
𫘜	wf	mw	0	rime-fast-xhup	legacy-compatible
𫘝	kk	mg	0	rime-fast-xhup	legacy-compatible
𫘝	kk	mn	0	rime-fast-xhup	legacy-compatible
𫘦	tc	mf	0	rime-fast-xhup	legacy-compatible
𫘧	lu	mu	0	rime-fast-xhup	legacy-compatible
𫘨	ti	mr	0	rime-fast-xhup	legacy-compatible
𫘪	yr	mx	0	rime-fast-xhup	legacy-compatible
𫘬	xi	md	0	rime-fast-xhup	legacy-compatible
𫚕	ui	aj	0	rime-fast-xhup	legacy-compatible
𫚕	ui	yj	0	rime-fast-xhup	legacy-compatible
𫚖	ci	va	0	rime-fast-xhup	legacy-compatible
𫚖	ji	va	0	rime-fast-xhup	legacy-compatible
𫚭	lp	av	0	rime-fast-xhup	legacy-compatible
𫚭	lp	yv	0	rime-fast-xhup	legacy-compatible
𫛭	kl	qn	0	rime-fast-xhup	legacy-compatible
𫞩	mf	wl	0	rime-fast-xhup	legacy-compatible
𫟅	ll	sx	0	rime-fast-xhup	legacy-compatible
𫟦	sv	iz	0	rime-fast-xhup	legacy-compatible
𫟷	li	jl	1	rime-fast-xhup	legacy-compatible
𫟹	hs	jb	0	rime-fast-xhup	legacy-compatible
𫟼	da	jz	0	rime-fast-xhup	legacy-compatible
𫠆	kv	ur	0	rime-fast-xhup	legacy-compatible
𫠆	kv	vr	0	rime-fast-xhup	legacy-compatible
𫠊	xr	my	0	rime-fast-xhup	legacy-compatible
𫠜	ni	ve	0	rime-fast-xhup	legacy-compatible
𫢸	dj	rl	0	rime-fast-xhup	legacy-compatible
𫫇	ee	kx	0	rime-fast-xhup	legacy-compatible
𫭟	ou	tx	0	rime-fast-xhup	legacy-compatible
𫭢	ly	tb	0	rime-fast-xhup	legacy-compatible
𫭼	lc	tl	0	rime-fast-xhup	legacy-compatible
𫮃	uj	tl	0	rime-fast-xhup	legacy-compatible
𫰛	xk	ng	0	rime-fast-xhup	legacy-compatible
𫵷	li	el	0	rime-fast-xhup	legacy-compatible
𫶇	dp	ej	0	rime-fast-xhup	legacy-compatible
𫷷	qb	gr	0	rime-fast-xhup	legacy-compatible
𫷷	qm	gr	0	rime-fast-xhup	legacy-compatible
𫷷	xb	gr	0	rime-fast-xhup	legacy-compatible
𫸩	kz	gx	0	rime-fast-xhup	legacy-compatible
𬀩	ww	ow	0	rime-fast-xhup	legacy-compatible
𬀪	xm	oe	0	rime-fast-xhup	legacy-compatible
𬂩	jx	mj	0	rime-fast-xhup	legacy-compatible
𬃊	vi	mr	0	rime-fast-xhup	legacy-compatible
𬇕	mj	dw	0	rime-fast-xhup	legacy-compatible
𬇕	wj	dw	0	rime-fast-xhup	legacy-compatible
𬇙	pw	dr	0	rime-fast-xhup	legacy-compatible
𬇹	go	dy	0	rime-fast-xhup	legacy-compatible
𬉼	ou	hx	0	rime-fast-xhup	legacy-compatible
𬊈	xy	hc	0	rime-fast-xhup	legacy-compatible
𬊤	ij	hd	0	rime-fast-xhup	legacy-compatible
𬊤	ij	hl	0	rime-fast-xhup	legacy-compatible
𬌗	he	yk	0	rime-fast-xhup	legacy-compatible
𬍛	li	wl	0	rime-fast-xhup	legacy-compatible
𬍡	dh	dy	0	rime-fast-xhup	legacy-compatible
𬍤	xy	wc	0	rime-fast-xhup	legacy-compatible
𬒈	qt	xu	0	rime-fast-xhup	legacy-compatible
𬒔	gg	uo	0	rime-fast-xhup	legacy-compatible
𬒗	lj	ue	0	rime-fast-xhup	legacy-compatible
𬕂	gj	vb	0	rime-fast-xhup	legacy-compatible
𬕂	gj	vr	0	rime-fast-xhup	legacy-compatible
𬕂	gs	vb	0	rime-fast-xhup	legacy-compatible
𬕂	gs	vr	0	rime-fast-xhup	legacy-compatible
𬕂	ls	vr	0	rime-fast-xhup	legacy-compatible
𬘓	xy	si	0	rime-fast-xhup	legacy-compatible
𬘘	dj	sv	0	rime-fast-xhup	legacy-compatible
𬘡	yb	sd	0	rime-fast-xhup	legacy-compatible
𬘩	tk	sz	0	rime-fast-xhup	legacy-compatible
𬘫	hr	se	0	rime-fast-xhup	legacy-compatible
𬘫	hr	sw	0	rime-fast-xhup	legacy-compatible
𬘫	wj	se	0	rime-fast-xhup	legacy-compatible
𬘬	qk	so	0	rime-fast-xhup	legacy-compatible
𬘬	qm	so	0	rime-fast-xhup	legacy-compatible
𬘬	vg	so	0	rime-fast-xhup	legacy-compatible
𬘭	if	sm	0	rime-fast-xhup	legacy-compatible
𬘯	vy	sz	0	rime-fast-xhup	legacy-compatible
𬙂	yb	sb	0	rime-fast-xhup	legacy-compatible
𬙊	mo	st	0	rime-fast-xhup	legacy-compatible
𬙋	rh	sy	0	rime-fast-xhup	legacy-compatible
𬙋	sh	sy	0	rime-fast-xhup	legacy-compatible
𬙋	xl	sy	0	rime-fast-xhup	legacy-compatible
𬜬	mj	ck	0	rime-fast-xhup	legacy-compatible
𬜯	ll	cl	0	rime-fast-xhup	legacy-compatible
𬞟	pb	cr	0	rime-fast-xhup	legacy-compatible
𬞟	pk	cr	0	rime-fast-xhup	legacy-compatible
𬟁	yi	cn	0	rime-fast-xhup	legacy-compatible
𬟽	ds	id	0	rime-fast-xhup	legacy-compatible
𬣙	xu	yy	0	rime-fast-xhup	legacy-compatible
𬣞	vu	ya	0	rime-fast-xhup	legacy-compatible
𬣡	jm	yj	0	rime-fast-xhup	legacy-compatible
𬣳	hf	yg	0	rime-fast-xhup	legacy-compatible
𬤇	yb	yt	0	rime-fast-xhup	legacy-compatible
𬤊	ui	yr	0	rime-fast-xhup	legacy-compatible
𬤝	hv	yx	0	rime-fast-xhup	legacy-compatible
𬨂	qi	iu	0	rime-fast-xhup	legacy-compatible
𬨎	yz	iy	0	rime-fast-xhup	legacy-compatible
𬩽	xy	ee	0	rime-fast-xhup	legacy-compatible
𬪩	ns	yn	0	rime-fast-xhup	legacy-compatible
𬬩	yi	jy	0	rime-fast-xhup	legacy-compatible
𬬭	ly	jb	0	rime-fast-xhup	legacy-compatible
𬬮	ih	ji	0	rime-fast-xhup	legacy-compatible
𬬱	jb	jj	0	rime-fast-xhup	legacy-compatible
𬬸	uu	ju	0	rime-fast-xhup	legacy-compatible
𬬹	uf	ju	0	rime-fast-xhup	legacy-compatible
𬬻	lu	ju	0	rime-fast-xhup	legacy-compatible
𬬿	vc	jk	0	rime-fast-xhup	legacy-compatible
𬭁	mu	jm	0	rime-fast-xhup	legacy-compatible
𬭊	du	jt	0	rime-fast-xhup	legacy-compatible
𬭎	hs	js	0	rime-fast-xhup	legacy-compatible
𬭚	do	jz	0	rime-fast-xhup	legacy-compatible
𬭚	dv	jz	0	rime-fast-xhup	legacy-compatible
𬭚	iy	jz	0	rime-fast-xhup	legacy-compatible
𬭛	bo	jy	0	rime-fast-xhup	legacy-compatible
𬭤	hz	ju	0	rime-fast-xhup	legacy-compatible
𬭩	wg	jx	0	rime-fast-xhup	legacy-compatible
𬭬	ww	je	0	rime-fast-xhup	legacy-compatible
𬭯	pp	jw	0	rime-fast-xhup	legacy-compatible
𬭳	xi	jk	0	rime-fast-xhup	legacy-compatible
𬭶	hw	jh	0	rime-fast-xhup	legacy-compatible
𬭸	lb	jl	0	rime-fast-xhup	legacy-compatible
𬭼	sv	jz	0	rime-fast-xhup	legacy-compatible
𬮱	yb	mt	0	rime-fast-xhup	legacy-compatible
𬮿	ai	ej	0	rime-fast-xhup	legacy-compatible
𬮿	gd	ej	0	rime-fast-xhup	legacy-compatible
𬯀	ji	el	0	rime-fast-xhup	legacy-compatible
𬯎	dv	er	0	rime-fast-xhup	legacy-compatible
𬯎	tv	er	0	rime-fast-xhup	legacy-compatible
𬱖	di	yr	0	rime-fast-xhup	legacy-compatible
𬱟	ww	dr	0	rime-fast-xhup	legacy-compatible
𬳵	pi	ma	0	rime-fast-xhup	legacy-compatible
𬳵	pi	mp	0	rime-fast-xhup	legacy-compatible
𬳶	js	mk	0	rime-fast-xhup	legacy-compatible
𬳽	uf	me	0	rime-fast-xhup	legacy-compatible
𬳿	tu	md	0	rime-fast-xhup	legacy-compatible
𬳿	tu	mh	0	rime-fast-xhup	legacy-compatible
𬴂	fw	mf	0	rime-fast-xhup	legacy-compatible
𬴃	ho	mu	0	rime-fast-xhup	legacy-compatible
𬴊	lb	ml	0	rime-fast-xhup	legacy-compatible
𬶋	ju	ak	0	rime-fast-xhup	legacy-compatible
𬶋	ju	yk	0	rime-fast-xhup	legacy-compatible
𬶍	to	ab	0	rime-fast-xhup	legacy-compatible
𬶍	to	yb	0	rime-fast-xhup	legacy-compatible
𬶏	ww	av	0	rime-fast-xhup	legacy-compatible
𬶏	ww	yv	0	rime-fast-xhup	legacy-compatible
𬶐	vc	av	0	rime-fast-xhup	legacy-compatible
𬶐	vc	yv	0	rime-fast-xhup	legacy-compatible
𬶟	la	ad	0	rime-fast-xhup	legacy-compatible
𬶟	la	yd	0	rime-fast-xhup	legacy-compatible
𬶠	lm	aj	0	rime-fast-xhup	legacy-compatible
𬶠	lm	yj	0	rime-fast-xhup	legacy-compatible
𬶨	ji	ga	0	rime-fast-xhup	legacy-compatible
𬶭	ji	ax	0	rime-fast-xhup	legacy-compatible
𬶭	ji	yx	0	rime-fast-xhup	legacy-compatible
𬶮	xi	ak	0	rime-fast-xhup	legacy-compatible
𬶮	xi	yk	0	rime-fast-xhup	legacy-compatible
𬷕	bu	fn	0	rime-fast-xhup	legacy-compatible
𬸘	yj	kn	0	rime-fast-xhup	legacy-compatible
𬸚	yt	qn	0	rime-fast-xhup	legacy-compatible
𬸣	xm	bn	0	rime-fast-xhup	legacy-compatible
𬸦	vo	fn	0	rime-fast-xhup	legacy-compatible
𬸪	fj	bn	0	rime-fast-xhup	legacy-compatible
𬸪	fj	pn	0	rime-fast-xhup	legacy-compatible
𬹼	xp	vl	0	rime-fast-xhup	legacy-compatible
𬺈	yi	vk	0	rime-fast-xhup	legacy-compatible
𬺓	iu	vr	0	rime-fast-xhup	legacy-compatible
𰻝	bl	zx	0	rime-fast-xhup	legacy-compatible
