〇	乛 乛	乛	líng
㑇	亻 彐	亻 ⺈ 彐	zhòu
㑊	亻 丶	亻 亠 丿 丨 丿 丶	yì
㑎	亻 山	亻 乛 乛 乛 山	nǎo
㒼	廿 入	廿 巾 入 入	mán
㓥	⺌ 刂	⺌ 彐 刂	tāng
㕮	口 乂	口 八 乂	fǔ
㗎	囗 木	口 力 口 木	gá gǎ gà
㘎	口 攵	口 门 乛 耳 攵	hǎn
㙍	土 又	土 又 又 又 又	duō
㙘	土 女	土 西 女	yāo
㙦	人 土	人 余下 丶 丶 十 土	xié
㛃	丰 女	丰 刀 女	jié
㛚	女 用	女 龴 用	tǒng
㛹	女 更	女 亻 更	pián
㝵	日 寸	日 一 寸	dé
㞎	尸 巴	尸 巴	bǎ
㞗	尸 求	尸 求	qiú
㞞	尸 人	尸 人 人 彳 丨 一 人	sóng
㟃	山 口	山 乛 一 口	sī
㠇	山 尤	山 亠 口 小 尤	jiù
㠓	山 ㄟ	山 艹 冖 二 丿 乛 丿 丿 丿 ㄟ	méng
㤘	忄 彐	忄 ⺈ 彐	zhòu
㥄	忄 夂	忄 土 八 夂	líng
㧐	扌 又	扌 又 又	sǒng
㧑	扌 为	扌 为	wéi
㧟	扌 匚	扌 氵 匚	kuǎi
㧾	扌 心	扌 勿 心	hū
㨃	扌 子	扌 亠 口 子	duǐ
㨄	扌 口	扌 冂 土 口	zhōu
㨤	扌 龶	扌 匚 亻 亠 龶	kuǎi
㫰	日 良	日 良	lǎng
㬊	日 又	日 丿 ⺍ 一 𠂇 又	huǎn
㬎	日 灬	日 幺 幺 灬	xiǎn
㬚	日 攵	日 亠 厶 月 攵	chè
㭎	木 乂	木 冂 乂	gāng
㭕	木 厶	木 土 厶	qū
㮟	木 木	木 石 木	kā
㮾	丶 木	丶 即左 月 木	lǎng
㰀	木 氺	木 禾 勹 丿 人 氺	lí
㱔	止 夕	止 匕 夕	suò
㳇	氵 乂	氵 八 乂	fù
㳘	氵 儿	氵 亠 厶 儿	chōng
㳚	氵 戍	氵 戍	xù
㴔	氵 心	氵 ⺈ 彐 心	jí
㵐	氵 人	氵 厂 丷 一 乛 丨 丿 ⺈ 人	jué
㶲	火 用	火 用	yòng
㸆	火 非	火 ⺧ 口 非	kào
㸌	火 龶	火 雨 亻 亠 龶	huò
㺄	犭 刂	犭 人 一 月 刂	yǔ
㻬	王 亏	王 雨 亏	tú
㽏	氵 甘	氵 人 一 口 甘	gàn
㿠	白 兀	白 ⺌ 兀	huàng
䁖	目 女	目 米 女	lōu
䂮	丰 石	丰 刀 石	lüe
䃅	石 丨	石 丷 丨 乛 一 一 一 丨	dī
䃎	石 夕	石 大 夕 夕	zhǎ
䅟	禾 丿	禾 厶 大 丿 丿 丿	cǎn
䌷	纟 由	纟 由	chōu chóu
䌹	纟 口	纟 冂 口	jiōng jiǒng
䍃	丿 缶	丿 ⺍ 缶	yáo
䎃	冉 习	冉 习 习	rǎn
䎖	丷 习	丷 囗 ⺌ 日 习 习	zēng
䏝	月 专	月 专	zhuǎn
䏡	月 小	月 二 小	shì
䏲	月 丿	月 丷 乛 一 乛 丨 丿	dié
䐃	月 禾	月 囗 禾	jiǒng
䒤	艹 日	艹 日	rì
䓖	艹 力	艹 宀 八 力	qióng
䓛	艹 出	艹 尸 出	qū
䓨	艹 缶	艹 冖 缶	yīng
䓫	艹 口	艹 大 丁 口	qí
䓬	艹 十	艹 丨 一 日 十	zhuó
䖝	丿 虫	丿 虫	chóng
䗉	虫 日	虫 日 日	chāng
䗖	虫 巾	虫 带上 冖 巾	dì
䗛	虫 月	虫 亻 丨 夂 月	xiū
䗪	广 虫	广 廿 灬 虫	zhè
䗴	虫 廴	虫 ⺮ 壬 廴	tíng
䜣	讠 斤	讠 斤	xīn
䝙	豸 乂	豸 匚 乂	chū
䠍	⻊ 又	⻊ 乛 一 丨 一 一 乛 一 又	qiá
䢺	出 阝	出 阝	chū
䢼	艹 阝	艹 一 八 阝	gōng
䣘	⺌ 阝	⺌ 冖 口 土 阝	táng
䥽	钅 丶	钅 乛 丿 又 丶	pō
䦃	钅 日	钅 艹 耂 日	zhuō
䲟	鱼 卩	鱼 丿 乛 一 卩	yìn
䲠	鱼 日	鱼 寿上 ㄟ 日	chūn
䲢	月 鱼	月 龹 鱼	téng
䴓	一 鸟	一 巾 鸟	shī
䴔	亠 鸟	亠 八 乂 鸟	jiāo
䴕	歹 鸟	歹 刂 鸟	liè
䴖	龶 鸟	龶 月 鸟	jīng
䴗	目 鸟	目 犬 鸟	jú
䴘	丿 鸟	丿 丿 虍 几 鸟	tī
䴙	尸 鸟	尸 口 立 十 鸟	pì
䶮	龙 天	龙 天	yǎn
一	一 一	一	yī
丁	一 丨	一 丨	dīng dìng zhēng
七	一 乛	一 乛	qī
万	一 丿	一 乛 丿	wàn mò
丈	一 ㄟ	一 丿 ㄟ	zhàng
三	一 二	一 二	sān
上	丨 一	丨 一 一	shàng shǎng
下	一 卜	一 卜	xià
丌	一 丨	一 丿 丨	qí
不	一 丶	一 丿 丨 丶	bù fǒu
与	一 一	一 乛 一	yǔ yù yú
丏	一 乛	一 丨 乛 乛	miǎn
丐	一 乛	一 丨 一 乛	gài
丑	乛 一	乛 丨 一 一	chǒu
专	一 丶	一 一 乛 丶	zhuān
且	丨 一	丨 乛 一 一 一	qiě jū
丕	不 一	不 一	pī
世	一 乛	一 丨 丨 一 乛	shì
丘	丿 一	丿 丨 一 丨 一	qiū
丙	一 内	一 内	bǐng
业	丨 一	丨 丨 丶 丿 一	yè
丛	人 一	人 人 一	cóng
东	一 丶	一 乛 丨 丿 丶	dōng
丝	乛 一	乛 乛 乛 乛 一	sī
丞	了 一	了 乛 丿 ㄟ 一	chéng
丢	丿 厶	丿 土 厶	diū
两	一 丶	一 丨 乛 丿 丶 丿 丶	liǎng
严	亚 丿	亚 丿	yán
丧	十 ㄟ	十 丶 丿 一 乛 丿 ㄟ	sāng sàng sang
个	人 丨	人 丨	gè gě
丫	丷 丨	丷 丨	yā
中	丨 丨	丨 乛 一 丨	zhōng zhòng
丰	一 丨	一 一 一 丨	fēng
串	丨 丨	丨 乛 一 丨 乛 一 丨	chuàn
临	丨 一	丨 丨 丿 一 丶 丨 乛 丨 一	lín
丸	丿 丶	丿 乛 丶	wán
丹	丿 一	丿 乛 丶 一	dān
为	丶 丶	丶 丿 乛 丶	wéi wèi
主	丶 王	丶 王	zhǔ
丼	井 丶	井 丶	jǐng dăn
丽	一 丶	一 丨 乛 丶 丨 乛 丶	lì lí
举	⺍ 丨	⺍ 一 八 一 一 丨	jǔ
乂	丿 ㄟ	丿 ㄟ	yì
乃	乛 丿	乛 丿	nǎi
久	丿 ㄟ	丿 乛 ㄟ	jiǔ
乇	丿 七	丿 七	tuō
么	丿 厶	丿 厶	me yāo ma
义	丶 乂	丶 乂	yì
之	丶 ㄟ	丶 乛 ㄟ	zhī
乌	丿 一	丿 乛 乛 一	wū wù
乍	丿 一	丿 一 丨 一 一	zhà
乎	丿 丨	丿 丶 丿 一 丨	hū
乏	丿 之	丿 之	fá
乐	丿 丶	丿 乛 丨 丿 丶	lè yuè lào
乒	丘 丿	丘 丿	pīng
乓	丘 丶	丘 丶	pāng
乔	夭 丨	夭 丿 丨	qiáo
乖	千 匕	千 丨 一 一 匕	guāi
乘	千 ㄟ	千 丨 一 一 匕 丿 ㄟ	chéng shèng
乙	乛 乛	乛	yǐ
乜	乛 乛	乛 乛	miē niè
九	丿 乛	丿 乛	jiǔ
乞	丿 乛	丿 一 乛	qǐ
也	乛 乛	乛 丨 乛	yě
习	乛 冫	乛 冫	xí
乡	乛 丿	乛 乛 丿	xiāng
书	乛 丶	乛 乛 丨 丶	shū
乩	丨 乛	丨 一 口 乛	jī
买	乛 大	乛 丶 丶 大	mǎi
乱	千 乛	千 口 乛	luàn
乳	丿 乛	丿 ⺍ 子 乛	rǔ
乸	也 母	也 母	nǎ
乾	十 乞	十 日 十 乞	qián gān
了	乛 丨	乛 丨	liǎo liào le
予	龴 丨	龴 乛 丨	yú yǔ
争	⺈ 丨	⺈ 乛 一 一 丨	zhēng
事	一 丨	一 丨 乛 一 乛 一 一 丨	shì
二	一 一	一 一	èr
亍	一 丁	一 丁	chù
于	一 丨	一 一 丨	yú
亏	二 乛	二 乛	kuī
云	二 厶	二 厶	yún
互	一 一	一 乛 乛 一	hù
亓	二 丨	二 丿 丨	qí
五	一 一	一 丨 乛 一	wǔ
井	一 丨	一 一 丿 丨	jǐng
亖	二 二	二 二	sì
亘	一 一	一 日 一	gèn
亚	一 业	一 业	yà
些	止 二	止 匕 二	xiē
亟	了 一	了 口 又 一	jí qì
亡	亠 乛	亠 乛	wáng wú
亢	亠 几	亠 几	kàng
交	亠 乂	亠 八 乂	jiāo
亥	亠 人	亠 乛 丿 人	hài
亦	亠 丶	亠 丿 丨 丿 丶	yì
产	立 丿	立 丿	chǎn
亨	亠 了	亠 口 了	hēng pēng
亩	亠 田	亠 田	mǔ
享	亠 子	亠 口 子	xiǎng
京	亠 小	亠 口 小	jīng
亭	亠 丁	亠 口 冖 丁	tíng
亮	亠 几	亠 口 冖 几	liàng
亲	立 朩	立 朩	qīn qìng
亳	亠 七	亠 口 冖 丿 七	bó
亵	亠 𧘇	亠 扌 丸 𧘇	xiè
亶	亠 一	亠 囗 口 日 一	dǎn dàn
亸	亠 丨	亠 口 子 丷 丨 乛 一 一 一 丨	duǒ
亹	亠 且	亠 丿 丨 一 一 冂 一 口 乛 一 一 冖 且	wěi mén
人	丿 ㄟ	丿 ㄟ	rén
亽	人 丶	人 丶	jí
亿	亻 乛	亻 乛	yì
什	亻 十	亻 十	shí shén
仁	亻 二	亻 二	rén
仂	亻 力	亻 力	lè
仃	亻 丁	亻 丁	dīng
仄	厂 人	厂 人	zè
仅	亻 又	亻 又	jǐn jìn
仆	亻 卜	亻 卜	pū pú
仇	亻 九	亻 九	chóu qiú
仉	亻 几	亻 几	zhǎng
今	人 乛	人 丶 乛	jīn
介	人 丨	人 丿 丨	jiè
仌	人 人	人 人	bīng
仍	亻 乃	亻 乃	réng
从	人 人	人 人	cóng zòng
仑	人 匕	人 匕	lún
仓	人 乛	人 乛 乛	cāng
仔	亻 子	亻 子	zī zǐ zǎi
仕	亻 士	亻 士	shì
他	亻 也	亻 也	tā
仗	亻 丈	亻 丈	zhàng
付	亻 寸	亻 寸	fù
仙	亻 山	亻 山	xiān
仝	人 工	人 工	tóng
仞	亻 刃	亻 刃	rèn
仟	亻 千	亻 千	qiān
仡	亻 乞	亻 乞	yì gē
代	亻 弋	亻 弋	dài
令	人 龴	人 丶 龴	líng lǐng lìng
以	乛 人	乛 丶 人	yǐ
仨	亻 三	亻 三	sā
仪	亻 义	亻 义	yí
仫	亻 么	亻 么	mù
们	亻 门	亻 门	mén
仰	亻 卩	亻 丿 乛 卩	yǎng áng
仲	亻 中	亻 中	zhòng
仳	亻 匕	亻 比左 匕	pǐ pí
仵	亻 午	亻 午	wǔ
件	亻 牛	亻 牛	jiàn
价	亻 丨	亻 人 丿 丨	jià jiè jie
任	亻 壬	亻 壬	rèn rén
份	亻 刀	亻 八 刀	fèn bīn
仿	亻 方	亻 方	fǎng
企	人 止	人 止	qǐ
伈	亻 心	亻 心	xǐn
伉	亻 几	亻 亠 几	kàng
伊	亻 尹	亻 尹	yī
伋	亻 及	亻 及	jí
伍	亻 五	亻 五	wǔ
伎	亻 又	亻 十 又	jì
伏	亻 犬	亻 犬	fú
伐	亻 戈	亻 戈	fá
休	亻 木	亻 木	xiū xù
众	人 人	人 人 人	zhòng
优	亻 尤	亻 尤	yōu
伙	亻 火	亻 火	huǒ
会	人 厶	人 二 厶	huì kuài
伛	亻 乂	亻 匚 乂	yǔ
伝	亻 厶	亻 二 厶	yún
伞	人 十	人 丶 丿 十	sǎn
伟	亻 韦	亻 韦	wěi
传	亻 专	亻 专	chuán zhuàn
伢	亻 牙	亻 牙	yá
伣	亻 见下	亻 冂 见下	qiàn xiàn
伤	亻 力	亻 丿 一 力	shāng
伥	亻 长	亻 长	chāng
伦	亻 匕	亻 人 匕	lún
伧	亻 乛	亻 人 乛 乛	cāng chen
伪	亻 为	亻 为	wěi
伫	亻 一	亻 宀 一	zhù
伭	亻 幺	亻 亠 幺	xián xuán
伯	亻 白	亻 白	bó bǎi bà
估	亻 口	亻 十 口	gū gù
伲	亻 匕	亻 尸 匕	nǐ nì
伴	亻 半	亻 半	bàn
伶	亻 龴	亻 人 丶 龴	líng
伸	亻 申	亻 申	shēn
伺	亻 口	亻 乛 一 口	sì cì
似	亻 人	亻 乛 丶 人	sì shì
伽	亻 口	亻 力 口	qié jiā gā
伾	亻 丕	亻 丕	pī
佁	亻 口	亻 厶 口	yǐ chì
佃	亻 田	亻 田	diàn tián
但	亻 一	亻 日 一	dàn
位	亻 立	亻 立	wèi
低	亻 氐	亻 氐	dī
住	亻 主	亻 主	zhù
佐	亻 工	亻 𠂇 工	zuǒ
佑	亻 口	亻 𠂇 口	yòu
体	亻 本	亻 本	tǐ tī bèn
何	亻 口	亻 丁 口	hé hē hè
佖	亻 必	亻 必	bì
佗	亻 匕	亻 宀 匕	tuó
佘	人 小	人 二 小	shé
余	人 余下	人 余下	yú
佚	亻 失	亻 失	yì
佛	亻 弗	亻 弗	fó fú bì bó
作	亻 乍	亻 乍	zuò zuō
佝	亻 口	亻 勹 口	gōu kòu
佞	亻 女	亻 二 女	nìng
佟	亻 丶	亻 夂 丶 丶	tóng
你	亻 小	亻 ⺈ 小	nǐ
佢	亻 巨	亻 巨	qú
佣	亻 用	亻 用	yōng yòng
佤	亻 瓦	亻 瓦	wǎ
佥	人 一	人 一 ⺍ 一	qiān
佧	亻 卜	亻 上 卜	kǎ
佩	亻 巾	亻 几 一 巾	pèi
佬	亻 匕	亻 耂 匕	lǎo
佯	亻 羊	亻 羊	yáng
佰	亻 百	亻 百	bǎi
佳	亻 土	亻 土 土	jiā
佴	亻 耳	亻 耳	ěr nài
佶	亻 口	亻 士 口	jí
佸	亻 口	亻 千 口	huó
佺	亻 王	亻 人 王	quán
佻	亻 丶	亻 儿 冫 丿 丶	tiāo
佼	亻 乂	亻 亠 八 乂	jiǎo
佽	亻 人	亻 冫 ⺈ 人	cì
佾	亻 月	亻 八 月	yì
使	亻 吏	亻 吏	shǐ
侁	亻 儿	亻 ⺧ 儿	shēn
侂	亻 七	亻 广 丿 七	tuō
侃	亻 乛	亻 口 丿 丨 乛	kǎn
侄	亻 土	亻 一 厶 土	zhí
侈	亻 夕	亻 夕 夕	chǐ
侉	亻 亏	亻 大 亏	kuǎ
例	亻 刂	亻 歹 刂	lì
侍	亻 寸	亻 土 寸	shì
侏	亻 朱	亻 朱	zhū
侑	亻 月	亻 𠂇 月	yòu
侔	亻 牛	亻 厶 牛	móu
侗	亻 口	亻 冂 一 口	dòng tóng tǒng
侘	亻 七	亻 宀 丿 七	chà
供	亻 八	亻 艹 一 八	gōng gòng
依	亻 𧘇	亻 亠 𧘇	yī
侠	亻 夹	亻 夹	xiá
価	亻 西	亻 西	jià
侣	亻 口	亻 口 口	lǚ
侥	亻 兀	亻 一 乛 丿 兀	jiǎo yáo
侦	亻 人	亻 丨 一 冂 人	zhēn
侧	亻 刂	亻 冂 人 刂	cè zè zhāi
侨	亻 丨	亻 夭 丿 丨	qiáo
侩	亻 厶	亻 人 二 厶	kuài
侪	亻 丨	亻 文 丿 丨	chái
侬	亻 农	亻 农	nóng
侮	亻 母	亻 丿 一 母	wǔ
侯	亻 矢	亻 乛 一 矢	hóu hòu
侴	人 刂	人 一 丑 刂	hào chǒu
侵	亻 又	亻 彐 冖 又	qīn
侹	亻 廴	亻 壬 廴	tǐng
便	亻 更	亻 更	biàn pián
係	亻 小	亻 丿 幺 小	xì
促	亻 人	亻 口 丨 一 人	cù
俄	亻 我	亻 我	é
俅	亻 求	亻 求	qiú
俊	亻 夂	亻 厶 八 夂	jùn
俍	亻 良	亻 良	liáng
俎	人 且	人 人 且	zǔ
俏	亻 月	亻 ⺌ 月	qiào xiào
俐	亻 刂	亻 禾 刂	lì
俑	亻 用	亻 龴 用	yǒng
俗	亻 口	亻 八 人 口	sú
俘	亻 子	亻 丿 ⺍ 子	fú
俙	亻 巾	亻 乂 𠂇 巾	xī
俚	亻 里	亻 里	lǐ
俜	亻 乛	亻 由 一 乛	pīng
保	亻 木	亻 口 木	bǎo
俞	人 刂	人 一 月 刂	yú yù shù
俟	亻 矢	亻 厶 矢	sì qí
信	亻 口	亻 亠 一 一 口	xìn shēn
俣	亻 天	亻 口 天	yǔ
俤	亻 丿	亻 丷 乛 一 乛 丨 丿	dì
俦	亻 寸	亻 寿上 寸	chóu
俨	亻 严	亻 严	yǎn
俩	亻 两	亻 两	liǎng liǎ
俪	亻 丽	亻 丽	lì
俫	亻 来	亻 来	lái
俭	亻 一	亻 人 一 ⺍ 一	jiǎn
修	亻 丿	亻 丨 夂 丿 丿 丿	xiū
俯	亻 寸	亻 广 亻 寸	fǔ
俱	亻 八	亻 具上 八	jù
俳	亻 非	亻 非	pái
俵	亻 𧘇	亻 龶 𧘇	biào
俶	亻 又	亻 上 小 又	chù tì
俸	亻 丨	亻 寿上 ㄟ 一 一 丨	fèng
俺	亻 电	亻 大 电	ǎn
俾	亻 十	亻 丿 丨 乛 一 一 丿 十	bǐ
倌	亻 㠯	亻 宀 㠯	guān
倍	亻 口	亻 立 口	bèi
倏	亻 犬	亻 丨 夂 犬	shū
倒	亻 刂	亻 一 厶 土 刂	dǎo dào
倓	亻 火	亻 火 火	tán tǎn
倔	亻 出	亻 尸 出	jué juè
倕	亻 垂	亻 垂	chuí
倘	亻 口	亻 ⺌ 冂 口	tǎng cháng
候	亻 矢	亻 丨 乛 一 矢	hòu
倚	亻 口	亻 大 丁 口	yǐ
倜	亻 口	亻 冂 土 口	tì
倞	亻 小	亻 亠 口 小	liàng jìng
借	亻 日	亻 艹 一 日	jiè
倡	亻 日	亻 日 日	chàng chāng
倥	亻 工	亻 宀 八 工	kōng kǒng
倦	亻 乛	亻 龹 乛 乛	juàn
倧	亻 小	亻 宀 二 小	zōng
倨	亻 口	亻 尸 十 口	jù
倩	亻 月	亻 龶 月	qiàn qìng
倪	亻 儿	亻 臼 儿	ní
倬	亻 十	亻 丨 一 日 十	zhuō
倭	亻 女	亻 禾 女	wō wēi
倮	亻 果	亻 果	luǒ
倴	亻 廾	亻 大 十 廾	bèn
债	亻 人	亻 龶 冂 人	zhài
倻	亻 阝	亻 耳 阝	yē
值	亻 具上	亻 十 具上	zhí
倾	亻 人	亻 比左 一 丿 冂 人	qīng
偁	亻 冉	亻 丿 ⺍ 冉	chēng
偃	亻 女	亻 匚 日 女	yǎn
假	亻 又	亻 乛 一 丨 一 一 乛 一 又	jiǎ jià
偈	亻 乛	亻 日 勹 人 乛	jì jié
偌	亻 口	亻 艹 𠂇 口	ruò
偎	亻 ㄟ	亻 田 一 乛 丿 ㄟ	wēi
偏	亻 艹	亻 户 冂 艹	piān
偓	亻 土	亻 尸 一 厶 土	wò
偕	亻 白	亻 比左 匕 白	xié
做	亻 攵	亻 十 口 攵	zuò
停	亻 丁	亻 亠 口 冖 丁	tíng
偡	亻 乛	亻 其上 八 乛	zhàn
健	亻 廴	亻 聿 廴	jiàn
偬	亻 心	亻 匆 心	zǒng
偭	亻 面	亻 面	miǎn
偰	亻 大	亻 丰 刀 大	xiè
偲	亻 心	亻 田 心	cāi sī
偶	亻 禺	亻 禺	ǒu
偷	亻 刂	亻 人 一 月 刂	tōu
偻	亻 女	亻 米 女	lǚ lóu
偾	亻 人	亻 十 艹 冂 人	fèn
偿	亻 厶	亻 ⺌ 冖 二 厶	cháng
傀	亻 鬼	亻 鬼	kuǐ
傃	亻 小	亻 龶 幺 小	sù
傅	亻 寸	亻 甫 寸	fù
傈	亻 木	亻 西 木	lì
傉	亻 寸	亻 厂 二 乛 丿 ㄟ 寸	nù
傍	亻 方	亻 亠 丷 冖 方	bàng
傒	亻 大	亻 丿 ⺍ 幺 大	xī xì
傕	亻 龶	亻 丶 乛 丿 丨 亠 龶	jué
傣	亻 氺	亻 寿上 ㄟ 氺	dǎi
傥	亻 儿	亻 ⺌ 冖 口 儿	tǎng
傧	亻 八	亻 宀 丘 八	bīn
储	亻 日	亻 讠 耂 日	chǔ
傩	亻 龶	亻 又 亻 亠 龶	nuó
催	亻 龶	亻 山 亻 亠 龶	cuī
傲	亻 攵	亻 龶 乛 丿 攵	ào
傺	亻 小	亻 丿 乛 丶 丶 二 小	chì
傻	亻 夂	亻 丿 囗 乂 八 夂	shǎ
僇	亻 丿	亻 习 习 人 丿 丿 丿	lù
僎	亻 八	亻 巳 巳 艹 一 八	zhuàn
像	亻 ㄟ	亻 ⺈ 丨 乛 一 丿 乛 丿 丿 丿 ㄟ	xiàng
僔	亻 寸	亻 丷 酉 寸	zǔn
僖	亻 口	亻 士 口 丷 一 口	xī
僚	亻 小	亻 大 丶 丿 日 小	liáo
僦	亻 尤	亻 亠 口 小 尤	jiù
僧	亻 日	亻 丷 囗 ⺌ 日	sēng
僬	亻 灬	亻 亻 亠 龶 灬	jiāo
僭	亻 日	亻 一 乛 丿 乛 一 乛 丿 乛 日	jiàn
僮	亻 里	亻 立 里	tóng zhuàng
僰	一 人	一 丨 乛 丨 丿 ㄟ 一 丨 乛 丨 丿 ㄟ 人	bó
僳	亻 米	亻 西 米	sù
僵	亻 一	亻 一 田 一 田 一	jiāng
僻	亻 十	亻 尸 口 立 十	pì
儆	亻 攵	亻 艹 勹 口 攵	jǐng
儇	亻 𧘇	亻 罒 一 口 𧘇	xuān
儋	亻 口	亻 ⺈ 厂 八 亠 一 一 口	dān dàn
儒	亻 而	亻 雨 而	rú
儡	亻 田	亻 田 田 田	léi lěi
儦	亻 灬	亻 广 乛 丨 丨 一 比左 匕 灬	biāo
儳	亻 丶	亻 ⺈ 口 比左 匕 ⺈ 丨 乛 一 丿 乛 丶	chán chàn
儴	亻 𧘇	亻 亠 口 口 一 一 丨 丨 一 𧘇	ráng
儿	丿 乛	丿 乛	ér er
兀	一 儿	一 儿	wù
允	厶 儿	厶 儿	yǔn
元	二 儿	二 儿	yuán
兄	口 儿	口 儿	xiōng
充	亠 儿	亠 厶 儿	chōng
兆	儿 丶	儿 冫 丿 丶	zhào
先	⺧ 儿	⺧ 儿	xiān
光	⺌ 兀	⺌ 兀	guāng
克	十 儿	十 口 儿	kè kēi
免	⺈ 乛	⺈ 丨 乛 一 丿 乛	miǎn
兑	丷 儿	丷 口 儿	duì ruì yuè
兔	⺈ 丶	⺈ 丨 乛 一 丿 乛 丶	tù
兕	凹 儿	凹 儿	sì
兖	亠 儿	亠 八 厶 儿	yǎn
党	⺌ 儿	⺌ 冖 口 儿	dǎng
兜	丿 儿	丿 乛 白 乛 一 儿	dōu
兢	十 儿	十 口 儿 十 口 儿	jīng
入	丿 ㄟ	丿 ㄟ	rù
全	人 王	人 王	quán
八	丿 ㄟ	丿 ㄟ	bā
公	八 厶	八 厶	gōng
六	亠 八	亠 八	liù
兮	八 乛	八 一 乛	xī
兰	丷 三	丷 三	lán
共	艹 八	艹 一 八	gòng gōng
兲	王 八	王 八	tiān
关	丷 天	丷 天	guān
兴	⺍ 八	⺍ 一 八	xīng xìng
兵	丘 八	丘 八	bīng
其	其上 八	其上 八	qí jī
具	具上 八	具上 八	jù
典	丨 八	丨 乛 一 丨 丨 一 八	diǎn
兹	丷 幺	丷 一 幺 幺	zī
养	⺶ 丨	⺶ ㄟ 丿 丨	yǎng
兼	丷 ㄟ	丷 一 乛 一 一 丨 丨 丿 ㄟ	jiān
兽	丷 口	丷 田 一 口	shòu
冀	丨 八	丨 一 一 匕 田 艹 一 八	jì
冁	丷 ㄟ	丷 丨 乛 一 一 一 丨 尸 艹 一 乛 丿 ㄟ	chǎn
内	丨 丶	丨 乛 丿 丶	nèi nà
円	冂 一	冂 丨 一	yuán
冇	𠂇 冂	𠂇 冂	mǎo
冈	冂 乂	冂 乂	gāng
冉	丨 一	丨 乛 丨 一 一	rǎn
册	丿 一	丿 乛 丿 乛 一	cè
再	一 冉	一 冉	zài
冏	冂 口	冂 八 口	jiǒng
冒	冂 目	冂 一 一 目	mào mò
冓	一 冉	一 一 丨 丨 一 冉	gòu
冔	冂 于	冂 一 一 口 于	xú
冕	冂 乛	冂 一 一 ⺈ 丨 乛 一 丿 乛	miǎn
冗	冖 几	冖 几	rǒng
写	冖 与	冖 与	xiě
冚	冖 山	冖 山	kǎn
军	冖 车	冖 车	jūn
农	丶 ㄟ	丶 乛 丿 乛 丿 ㄟ	nóng
冠	冖 寸	冖 二 儿 寸	guān guàn
冢	冖 ㄟ	冖 一 丿 乛 丿 丿 丶 丿 ㄟ	zhǒng
冤	冖 丶	冖 ⺈ 丨 乛 一 丿 乛 丶	yuān
冥	冖 八	冖 日 亠 八	míng
冧	冖 木	冖 木 木	lín
冬	夂 丶	夂 丶 丶	dōng
冮	冫 工	冫 工	gāng
冯	冫 马	冫 马	féng píng
冰	冫 水	冫 水	bīng
冱	冫 互	冫 互	hù
冲	冫 中	冫 中	chōng chòng
决	冫 夬guài	冫 夬	jué
冴	冫 牙	冫 牙	yà
况	冫 儿	冫 口 儿	kuàng
冶	冫 口	冫 厶 口	yě
冷	冫 龴	冫 人 丶 龴	lěng
冻	冫 东	冫 东	dòng
冼	冫 儿	冫 ⺧ 儿	xiǎn
冽	冫 刂	冫 歹 刂	liè
净	冫 丨	冫 ⺈ 乛 一 一 丨	jìng
凄	冫 女	冫 一 乛 一 一 丨 女	qī
准	冫 龶	冫 亻 亠 龶	zhǔn
凇	冫 厶	冫 木 八 厶	sōng
凉	冫 小	冫 亠 口 小	liáng liàng
凊	冫 月	冫 龶 月	qìng
凋	冫 口	冫 冂 土 口	diāo
凌	冫 夂	冫 土 八 夂	líng
减	冫 口	冫 戌 口	jiǎn
凑	冫 天	冫 寿上 ㄟ 天	còu
凓	冫 木	冫 西 木	lì
凘	冫 斤	冫 其上 八 斤	sī
凛	冫 小	冫 亠 囗 口 二 小	lǐn
凝	冫 人	冫 匕 矢 龴 乛 丨 一 人	níng
几	丿 乛	丿 乛	jī jǐ
凡	几 丶	几 丶	fán
凤	几 又	几 又	fèng
凨	几 厶	几 二 厶	fēng
凪	几 止	几 止	zhǐ
凫	丿 几	丿 乛 丶 乛 几	fú
凬	几 日	几 一 日	fēng
凭	亻 几	亻 壬 几	píng
凯	山 几	山 己 几	kǎi
凰	几 王	几 白 王	huáng
凳	乛 几	乛 丶 丿 丿 ㄟ 一 口 丷 一 几	dèng
凶	乂 凵	乂 凵	xiōng
凸	丨 一	丨 一 丨 乛 一	tū
凹	丨 一	丨 乛 丨 乛 一	āo wā
出	乛 凵	乛 丨 丨 凵	chū
击	一 凵	一 一 丨 凵	jī
凼	水 凵	水 凵	dàng
函	了 凵	了 冫 丿 丶 凵	hán
凿	业 凵	业 丷 一 十 凵	záo
刀	乛 丿	乛 丿	dāo
刁	乛 一	乛 一	diāo
刃	刀 丶	刀 丶	rèn
分	八 刀	八 刀	fēn fèn
切	七 刀	七 刀	qiē qiè
刈	乂 刂	乂 刂	yì
刊	干 刂	干 刂	kān
刍	⺈ 彐	⺈ 彐	chú
刎	勿 刂	勿 刂	wěn
刑	开 刂	开 刂	xíng
划	戈 刂	戈 刂	huá huà
刖	月 刂	月 刂	yuè
列	歹 刂	歹 刂	liè
刘	文 刂	文 刂	liú
则	冂 刂	冂 人 刂	zé
刚	冂 刂	冂 乂 刂	gāng
创	人 刂	人 乛 乛 刂	chuàng chuāng
初	衤 刀	衤 刀	chū
删	册 刂	册 刂	shān
判	半 刂	半 刂	pàn
刨	勹 刂	勹 巳 刂	páo bào
利	禾 刂	禾 刂	lì
别	口 刂	口 力 刂	bié biè
刬	戋 刂	戋 刂	chǎn chàn
刭	乛 刂	乛 丶 工 刂	jǐng
刮	千 刂	千 口 刂	guā
到	一 刂	一 厶 土 刂	dào
刳	大 刂	大 亏 刂	kū
制	丿 刂	丿 一 一 丨 乛 丨 刂	zhì
刷	尸 刂	尸 巾 刂	shuā shuà
券	龹 刀	龹 刀	quàn xuàn quàn
刹	乂 刂	乂 朩 刂	chà shā
刺	一 刂	一 丨 乛 丨 丿 ㄟ 刂	cì cī
刻	亠 刂	亠 乛 丿 人 刂	kè
刽	人 刂	人 二 厶 刂	guì
刿	山 刂	山 夕 刂	guì
剀	山 刂	山 己 刂	kǎi
剁	几 刂	几 木 刂	duò
剂	文 刂	文 丿 丨 刂	jì
剃	丷 刂	丷 乛 一 乛 丨 丿 刂	tì
剅	一 刂	一 口 丷 一 刂	lóu
削	⺌ 刂	⺌ 月 刂	xiāo xuē
剋	十 刂	十 口 儿 刂	kēi kè
剌	束 刂	束 刂	là lá
前	丷 刂	丷 一 月 刂	qián
剐	口 刂	口 内 刂	guǎ
剑	人 刂	人 一 ⺍ 一 刂	jiàn
剔	日 刂	日 勿 刂	tī
剕	非 刂	非 刂	fèi
剖	立 刂	立 口 刂	pōu
剜	宀 刂	宀 夕 乛 乛 刂	wān
剞	大 刂	大 丁 口 刂	jī
剟	又 刂	又 又 又 又 刂	duō
剡	火 刂	火 火 刂	yǎn shàn
剥	彐 刂	彐 氺 刂	bāo bō
剧	尸 刂	尸 十 口 刂	jù
剩	千 刂	千 丨 一 一 匕 丿 ㄟ 刂	shèng
剪	丷 刀	丷 一 月 刂 刀	jiǎn
副	一 刂	一 口 田 刂	fù pì
割	宀 刂	宀 丰 口 刂	gē
剽	西 刂	西 二 小 刂	piāo
剿	乛 刂	乛 乛 乛 果 刂	jiǎo chāo
劁	亻 刂	亻 亠 龶 灬 刂	qiāo
劂	厂 刂	厂 丷 一 乛 丨 丿 ⺈ 人 刂	jué
劄	⺮ 刂	⺮ 人 一 口 刂	zhā zhá
劈	尸 刀	尸 口 立 十 刀	pī pǐ
劐	艹 刂	艹 亻 亠 龶 又 刂	huō
劓	自 刂	自 田 一 丿 丨 刂	yì
力	乛 丿	乛 丿	lì
劝	又 力	又 力	quàn
办	力 丶	力 丿 丶	bàn
功	工 力	工 力	gōng
加	力 口	力 口	jiā
务	夂 力	夂 力	wù
劢	万 力	万 力	mài
劣	少 力	少 力	liè
动	二 力	二 厶 力	dòng
助	且 力	且 力	zhù chú
努	女 力	女 又 力	nǔ
劫	土 力	土 厶 力	jié
劬	勹 力	勹 口 力	qú
劭	刀 力	刀 口 力	shào
励	厂 力	厂 万 力	lì
劲	乛 力	乛 丶 工 力	jìn jìng
劳	艹 力	艹 冖 力	láo
劵	龹 力	龹 力	juàn
劼	士 力	士 口 力	jié
劾	亠 力	亠 乛 丿 人 力	hé
势	扌 力	扌 丸 力	shì
勃	十 力	十 冖 子 力	bó
勇	龴 力	龴 用 力	yǒng
勉	⺈ 力	⺈ 丨 乛 一 丿 乛 力	miǎn
勋	口 力	口 冂 人 力	xūn
勍	亠 力	亠 口 小 力	qíng
勐	子 力	子 皿 力	měng
勒	革 力	革 力	lè lēi
勔	面 力	面 力	miǎn
勖	冂 力	冂 一 一 目 力	xù
勘	其上 力	其上 八 乛 力	kān
勚	世 力	世 冂 人 力	yì
募	艹 力	艹 日 大 力	mù
勠	习 力	习 习 人 丿 丿 丿 力	lù
勤	廿 力	廿 丨 乛 一 一 一 丨 一 力	qín
勰	力 心	力 力 力 田 心	xié
勹	丿 乛	丿 乛	bāo
勺	勹 丶	勹 丶	sháo
勾	勹 厶	勹 厶	gōu gòu
勿	勹 丿	勹 丿 丿	wù
匀	勹 冫	勹 冫	yún
匂	勹 匕	勹 匕	xiōng
包	勹 巳	勹 巳	bāo
匆	勹 丶	勹 丿 丿 丶	cōng
匈	勹 凵	勹 乂 凵	xiōng
匍	勹 甫	勹 甫	pú
匏	大 巳	大 亏 勹 巳	páo
匐	勹 田	勹 一 口 田	fú
匕	丿 乛	丿 乛	bǐ
化	亻 匕	亻 匕	huà huā
北	丨 匕	丨 一 一 匕	běi bèi
匙	日 匕	日 一 丨 一 人 匕	chí shi
匜	匚 也	匚 也	yí
匝	匚 巾	匚 巾	zā
匠	匚 斤	匚 斤	jiàng
匡	匚 王	匚 王	kuāng
匣	匚 甲	匚 甲	xiá
匦	匚 九	匚 车 九	guǐ
匪	匚 非	匚 非	fěi
匮	匚 人	匚 中 一 冂 人	kuì
匹	匚 儿	匚 儿	pǐ
区	匚 乂	匚 乂	qū ōu
医	匚 矢	匚 矢	yī
匼	匚 口	匚 人 一 口	kē
匾	匚 艹	匚 户 冂 艹	biǎn
匿	匚 口	匚 艹 𠂇 口	nì
十	一 丨	一 丨	shí
千	丿 十	丿 十	qiān
卅	一 丨	一 丿 丨 丨	sà
升	丿 廾	丿 廾	shēng
午	丿 干	丿 干	wǔ
卉	十 廾	十 廾	huì
半	丶 丨	丶 丿 一 一 丨	bàn
卌	一 丨	一 丨 丨 丨 丨	xì
卍	乛 丨	乛 丨 一 丨	wàn
华	亻 十	亻 匕 十	huá huà huā
协	十 办	十 办	xié
卐	乛 一	乛 一 丨 一	wàn
卑	丿 十	丿 丨 乛 一 一 丿 十	bēi
卒	亠 十	亠 人 人 十	zú cù
卓	丨 十	丨 一 日 十	zhuó
单	丷 丨	丷 丨 乛 一 一 一 丨	dān shàn chán
卖	十 大	十 乛 丶 丶 大	mài
南	十 干	十 冂 丷 干	nán nā
博	十 寸	十 甫 寸	bó
卜	丨 丶	丨 丶	bǔ bo
卞	丶 下	丶 下	biàn
卟	口 卜	口 卜	bǔ
占	丨 口	丨 一 口	zhān zhàn
卡	上 卜	上 卜	qiǎ kǎ
卢	丨 尸	丨 一 尸	lú
卣	丨 一	丨 一 囗 乛 一	yǒu
卤	丨 乂	丨 一 囗 乂	lǔ
卦	土 卜	土 土 卜	guà
卧	臣 卜	臣 卜	wò
卫	乛 一	乛 丨 一	wèi
卬	丿 卩	丿 乛 卩	áng
卮	丿 乛	丿 丿 一 乛 乛	zhī
卯	丿 卩	丿 乛 丿 卩	mǎo
印	丿 卩	丿 乛 一 卩	yìn
危	⺈ 乛	⺈ 厂 乛 乛	wēi
即	即左 卩	即左 卩	jí
却	土 卩	土 厶 卩	què
卵	丿 丶	丿 乛 丶 丿 乛 丨 丶	luǎn
卷	龹 乛	龹 乛 乛	juàn juǎn
卸	午 卩	午 一 丨 一 卩	xiè
卺	了 乛	了 乛 丿 ㄟ 一 乛 乛	jǐn
卿	丿 卩	丿 乛 丿 即左 卩	qīng
厂	一 丿	一 丿	chǎng ān hàn
厄	厂 乛	厂 乛 乛	è
厅	厂 丁	厂 丁	tīng
历	厂 力	厂 力	lì
厉	厂 万	厂 万	lì
压	厂 丶	厂 十 一 丶	yā yà
厌	厂 犬	厂 犬	yàn
厍	厂 车	厂 车	shè
厕	厂 刂	厂 冂 人 刂	cè
厖	厂 丶	厂 𠂇 乛 丿 丿 丿 丶	máng
厘	厂 里	厂 里	lí
厚	厂 子	厂 日 子	hòu
厝	厂 日	厂 艹 一 日	cuò
原	厂 小	厂 白 小	yuán
厢	厂 目	厂 木 目	xiāng
厣	厂 甲	厂 犬 甲	yǎn
厥	厂 人	厂 丷 一 乛 丨 丿 ⺈ 人	jué
厦	厂 夂	厂 一 自 夂	shà xià
厨	厂 寸	厂 一 口 丷 一 寸	chú
厩	厂 乛	厂 即左 一 乛 丿 乛	jiù
厮	厂 斤	厂 其上 八 斤	sī
厷	𠂇 厶	𠂇 厶	gōng
厹	九 厶	九 厶	róu
去	土 厶	土 厶	qù
厽	厶 厶	厶 厶 厶	lěi
厾	乛 厶	乛 土 厶	dū
县	且 厶	且 厶	xiàn xuán
叁	厶 三	厶 大 三	sān
参	厶 丿	厶 大 丿 丿 丿	cān shēn cēn
叆	二 又	二 厶 丿 ⺍ 冖 𠂇 又	ài yǐ
叇	二 辶	二 厶 乛 一 一 丨 冫 丿 ㄟ 辶	dài
又	乛 ㄟ	乛 ㄟ	yòu
叉	又 丶	又 丶	chā chá chǎ
及	丿 ㄟ	丿 乛 ㄟ	jí
友	𠂇 又	𠂇 又	yǒu
双	又 又	又 又	shuāng
反	丿 又	丿 丿 又	fǎn
发	乛 丶	乛 丿 又 丶	fā fà
叒	又 又	又 又 又	ruò
叔	上 又	上 小 又	shū
叕	又 又	又 又 又 又	zhuó
取	耳 又	耳 又	qǔ
受	丿 又	丿 ⺍ 冖 又	shòu
变	亠 又	亠 丨 丨 丿 丶 又	biàn
叙	人 又	人 余下 又	xù
叚	乛 又	乛 一 丨 一 一 乛 一 又	xiá
叛	半 又	半 丿 丿 又	pàn
叟	丿 又	丿 丨 一 乛 一 一 丨 又	sǒu
叠	又 且	又 又 又 冖 且	dié
口	丨 一	丨 乛 一	kǒu
古	十 口	十 口	gǔ
句	勹 口	勹 口	jù gōu
另	口 力	口 力	lìng
叨	口 刀	口 刀	tāo dāo
叩	口 卩	口 卩	kòu
只	口 八	口 八	zhī zhǐ
叫	口 丨	口 乛 丨	jiào
召	刀 口	刀 口	zhào shào
叭	口 八	口 八	bā
叮	口 丁	口 丁	dīng
可	丁 口	丁 口	kě kè
台	厶 口	厶 口	tái tāi
叱	口 匕	口 匕	chì
史	丨 ㄟ	丨 乛 一 丿 ㄟ	shǐ
右	𠂇 口	𠂇 口	yòu
叵	匚 口	匚 口	pǒ
叶	口 十	口 十	yè xié
号	口 乛	口 一 乛	hào háo
司	乛 口	乛 一 口	sī
叹	口 又	口 又	tàn
叻	口 力	口 力	lè
叼	口 刁	口 刁	diāo
叽	口 几	口 几	jī
吁	口 于	口 于	xū yù yū
吂	亡 口	亡 口	máng
吃	口 乞	口 乞	chī
各	夂 口	夂 口	gè gě
吆	口 幺	口 幺	yāo
合	人 口	人 一 口	hé gě
吉	士 口	士 口	jí
吊	口 巾	口 巾	diào
吋	口 寸	口 寸	cùn
同	冂 口	冂 一 口	tóng tòng
名	夕 口	夕 口	míng
后	丿 口	丿 丿 一 口	hòu
吏	一 ㄟ	一 丨 乛 一 丿 ㄟ	lì
吐	口 土	口 土	tǔ tù
向	丿 口	丿 冂 口	xiàng
吒	口 七	口 丿 七	zhà zhā
吓	口 下	口 下	xià hè
吔	口 也	口 也	yē
吕	口 口	口 口	lǚ
吖	口 丫	口 丫	ā
吗	口 马	口 马	má mǎ ma
君	尹 口	尹 口	jūn
吝	文 口	文 口	lìn
吞	天 口	天 口	tūn
吟	口 乛	口 人 丶 乛	yín
吠	口 犬	口 犬	fèi
吡	口 匕	口 比左 匕	pǐ bǐ
吣	口 心	口 心	qìn
否	不 口	不 口	fǒu pǐ
吧	口 巴	口 巴	bā ba
吨	口 屯	口 屯	dūn
吩	口 刀	口 八 刀	fēn
含	人 口	人 丶 乛 口	hán
听	口 斤	口 斤	tīng
吭	口 几	口 亠 几	háng kēng
吮	口 儿	口 厶 儿	shǔn
启	户 口	户 口	qǐ
吱	口 又	口 十 又	zhī zī
吲	口 丨	口 弓 丨	yǐn shěn
吴	口 天	口 天	wú
吵	口 少	口 少	chǎo chāo
吸	口 及	口 及	xī
吹	口 人	口 ⺈ 人	chuī
吻	口 勿	口 勿	wěn
吼	口 乛	口 子 乛	hǒu
吽	口 牛	口 牛	hǒu hōng ōu
吾	五 口	五 口	wú yù
呀	口 牙	口 牙	yā ya
呃	口 乛	口 厂 乛 乛	è
呆	口 木	口 木	dāi
呇	水 口	水 口	qǐ
呈	口 王	口 王	chéng
告	⺧ 口	⺧ 口	gào
呋	口 夫	口 夫	fū
呎	口 尺	口 尺	chǐ
呐	口 内	口 内	nà nè
呒	口 无	口 无	fǔ 
呓	口 乛	口 艹 乛	yì
呔	口 太	口 太	dāi
呕	口 乂	口 匚 乂	ǒu ōu òu
呖	口 力	口 厂 力	lì
呗	口 人	口 冂 人	bei bài
员	口 人	口 冂 人	yuán yún yùn
呙	口 内	口 内	guō
呛	口 乛	口 人 乛 乛	qiāng qiàng
呜	口 乌	口 乌	wū
呢	口 匕	口 尸 匕	ní ne
呣	口 母	口 母	móu ḿ m̀
呤	口 龴	口 人 丶 龴	líng
呦	口 力	口 幺 力	yōu
周	冂 口	冂 土 口	zhōu
呯	口 平	口 平	píng
呱	口 瓜	口 瓜	guā gū guǎ
呲	口 匕	口 止 匕	zī cī
味	口 未	口 未	wèi
呵	口 口	口 丁 口	hē a kē
呶	口 又	口 女 又	náo
呷	口 甲	口 甲	xiā gā
呸	口 丕	口 丕	pēi
呻	口 申	口 申	shēn
呼	口 乎	口 乎	hū
命	人 卩	人 一 口 卩	mìng
咀	口 且	口 且	jǔ zuǐ
咁	口 甘	口 甘	xián gān
咂	口 巾	口 匚 巾	zā
咄	口 出	口 出	duō
咅	立 口	立 口	pǒu
咆	口 巳	口 勹 巳	páo
咇	口 必	口 必	bì
咉	口 央	口 央	yǎng
咋	口 乍	口 乍	zhà zǎ zhā
和	禾 口	禾 口	hé hè huó huò hú huo
咍	口 口	口 厶 口	hāi
咎	夂 口	夂 卜 口	jiù
咏	口 永	口 永	yǒng
咐	口 寸	口 亻 寸	fù
咒	口 几	口 口 几	zhòu
咔	口 卜	口 上 卜	kǎ
咕	口 口	口 十 口	gū
咖	口 口	口 力 口	kā gā
咗	口 工	口 𠂇 工	zuo
咙	口 龙	口 龙	lóng
咚	口 丶	口 夂 丶 丶	dōng
咛	口 丁	口 宀 丁	níng
咝	口 丝	口 丝	sī
咡	口 耳	口 耳	èr
咣	口 兀	口 ⺌ 兀	guāng
咤	口 七	口 宀 丿 七	zhà
咥	口 土	口 一 厶 土	xī
咦	口 夷	口 夷	yí
咧	口 刂	口 歹 刂	liě liē lié lie
咨	冫 口	冫 ⺈ 人 口	zī
咩	口 羊	口 羊	miē
咪	口 米	口 米	mī
咫	尺 八	尺 口 八	zhǐ
咬	口 乂	口 亠 八 乂	yǎo
咯	口 口	口 夂 口	kǎ luò lo gē
咱	口 自	口 自	zán zá zan
咲	口 天	口 丷 天	xiào
咳	口 人	口 亠 乛 丿 人	ké hāi
咴	口 火	口 𠂇 火	huī
咸	戌 口	戌 口	xián
咹	口 女	口 宀 女	àn
咺	口 一	口 一 日 一	xuǎn xuān
咻	口 木	口 亻 木	xiū
咼	丨 口	丨 乛 乛 冂 口	guō
咽	口 大	口 囗 大	yān yàn yè
咾	口 匕	口 耂 匕	lǎo
咿	口 尹	口 亻 尹	yī
哀	亠 𧘇	亠 口 𧘇	āi
品	口 口	口 口 口	pǐn
哂	口 西	口 西	shēn
哃	口 口	口 冂 一 口	tóng
哄	口 八	口 艹 一 八	hōng hǒng hòng
哆	口 夕	口 夕 夕	duō
哇	口 土	口 土 土	wā wa
哈	口 口	口 人 一 口	hā hǎ hà
哉	十 口	十 戈 口	zāi
哋	口 也	口 土 也	diè dì
哌	口 ㄟ	口 丿 丿 丿 乛 丿 ㄟ	pài
响	口 口	口 丿 冂 口	xiǎng
哎	口 乂	口 艹 乂	āi
哏	口 艮	口 艮	gén
哐	口 王	口 匚 王	kuāng
哑	口 亚	口 亚	yǎ yā
哒	口 辶	口 大 辶	dā
哓	口 兀	口 一 乛 丿 兀	xiāo
哔	口 十	口 比左 匕 十	bì
哕	口 夕	口 山 夕	yuě huì
哗	口 十	口 亻 匕 十	huá huā
哙	口 厶	口 人 二 厶	kuài
哚	口 木	口 几 木	duǒ
哝	口 农	口 农	nóng
哞	口 牛	口 厶 牛	mōu
哟	口 勺	口 纟 勺	yō yo
哢	口 廾	口 王 廾	lòng
哥	丁 口	丁 口 丁 口	gē
哦	口 我	口 我	ó ò é
哧	口 丶	口 土 丿 丨 丿 丶	chī
哨	口 月	口 ⺌ 月	shào
哩	口 里	口 里	li lǐ lī
哪	口 阝	口 乛 一 一 丿 阝	nǎ něi na né
哭	口 犬	口 口 犬	kū
哮	口 子	口 耂 子	xiào
哱	口 子	口 十 冖 子	bō
哲	扌 口	扌 斤 口	zhé
哳	口 斤	口 扌 斤	zhā
哺	口 甫	口 甫	bǔ
哼	口 了	口 亠 口 了	hēng hng
哽	口 更	口 更	gěng
哿	力 口	力 口 丁 口	gě jiā
唁	口 口	口 亠 一 一 口	yàn
唆	口 夂	口 厶 八 夂	suō
唇	厂 口	厂 二 乛 丿 ㄟ 口	chún
唉	口 矢	口 厶 矢	āi ài
唏	口 巾	口 乂 𠂇 巾	xī
唐	广 口	广 乛 一 一 丨 口	táng
唑	口 土	口 人 人 土	zuò
唓	口 车	口 车	chē
唔	口 口	口 五 口	wú ń ńg
唛	口 夂	口 龶 夂	mài
唝	口 人	口 工 冂 人	gòng
唞	口 十	口 扌 丶 丶 十	dóu
唠	口 力	口 艹 冖 力	lào láo
唢	口 人	口 ⺌ 冂 人	suǒ
唣	口 七	口 白 七	zào
唤	口 大	口 ⺈ 丨 乛 大	huàn
唧	口 卩	口 即左 卩	jī
唪	口 丨	口 寿上 ㄟ 一 一 丨	fěng
唬	口 几	口 虍 几	hǔ xià
售	亻 口	亻 亠 龶 口	shòu
唯	口 龶	口 亻 亠 龶	wéi
唰	口 刂	口 尸 巾 刂	shuā
唱	口 日	口 日 日	chàng
唳	口 犬	口 户 犬	lì
唵	口 电	口 大 电	ǎn
唷	口 月	口 亠 厶 月	yō
唸	口 心	口 人 丶 乛 心	niàn
唼	口 女	口 立 女	shà
唾	口 垂	口 垂	tuò
唿	口 心	口 勿 心	hū
啁	口 口	口 冂 土 口	zhōu zhāo
啃	口 月	口 止 月	kěn
啄	口 ㄟ	口 一 丿 乛 丿 丿 丶 丿 ㄟ	zhuó
商	亠 口	亠 丷 冂 八 口	shāng
啇	亠 口	亠 丷 冂 十 口	dí
啉	口 木	口 木 木	lán lín
啊	口 口	口 阝 丁 口	ā á ǎ à a
啋	口 木	口 丿 ⺍ 木	cǎi
啐	口 十	口 亠 人 人 十	cuì
啕	口 缶	口 勹 缶	táo
啖	口 火	口 火 火	dàn
啜	口 又	口 又 又 又 又	chuò chuài
啡	口 非	口 非	fēi
啤	口 十	口 丿 丨 乛 一 一 丿 十	pí
啥	口 口	口 人 干 口	shá
啦	口 立	口 扌 立	la lá
啧	口 人	口 龶 冂 人	zé
啩	口 卜	口 土 土 卜	guà
啪	口 白	口 扌 白	pā
啫	口 日	口 耂 日	zhě shì
啬	十 口	十 丶 丿 一 囗 口	sè
啭	口 专	口 车 专	zhuàn
啮	口 凵	口 止 人 凵	niè
啰	口 夕	口 罒 夕	luō luó luo
啱	口 石	口 山 石	ān
啲	口 勺	口 白 勺	dī
啳	口 乛	口 龹 乛 乛	júe
啴	口 丨	口 丷 丨 乛 一 一 一 丨	tān chǎn
啵	口 又	口 氵 乛 丿 丨 又	bo bō
啶	口 人	口 宀 一 丨 一 人	dìng
啷	口 阝	口 丶 即左 阝	lāng
啸	口 肃	口 肃	xiào
啻	亠 口	亠 丷 冖 巾 口	chì
啼	口 巾	口 亠 丷 冖 巾	tí
啾	口 火	口 禾 火	jiū
喀	口 口	口 宀 夂 口	kā
喁	口 禺	口 禺	yóng
喂	口 ㄟ	口 田 一 乛 丿 ㄟ	wèi
喃	口 干	口 十 冂 丷 干	nán
善	羊 口	羊 丶 丿 一 口	shàn
喆	士 口	士 口 士 口	zhé
喇	口 刂	口 束 刂	lǎ
喈	口 白	口 比左 匕 白	jiē
喉	口 矢	口 亻 乛 一 矢	hóu
喊	口 口	口 戌 口	hǎn
喋	口 木	口 世 木	dié zhá
喎	口 口	口 丨 乛 乛 冂 口	wǒ
喏	口 口	口 艹 𠂇 口	nuò rě
喑	口 日	口 立 日	yīn
喔	口 土	口 尸 一 厶 土	ō wō
喘	口 而	口 山 而	chuǎn
喙	口 豕	口 乛 乛 豕	huì
喜	士 口	士 口 丷 一 口	xǐ
喝	口 乛	口 日 勹 人 乛	hē hè
喟	口 月	口 田 月	kuì
喤	口 王	口 白 王	huáng
喥	口 又	口 广 廿 又	duó zhà
喧	口 一	口 宀 一 日 一	xuān
喰	口 良	口 人 良	cān
喱	口 里	口 厂 里	lí
喳	口 一	口 木 日 一	zhā chā
喵	口 田	口 艹 田	miāo
喷	口 人	口 十 艹 冂 人	pēn pèn pen
喹	口 土	口 大 土 土	kuí
喺	口 小	口 亻 丿 幺 小	xí
喻	口 刂	口 人 一 月 刂	yù
喽	口 女	口 米 女	lóu lou
喾	⺍ 口	⺍ 冖 ⺧ 口	kù
喿	口 木	口 口 口 木	zào
嗄	口 夂	口 一 自 夂	shà á
嗅	口 犬	口 自 犬	xiù
嗉	口 小	口 龶 幺 小	sù
嗌	口 皿	口 丷 一 八 皿	yì ài
嗍	口 月	口 丷 一 乛 丨 丿 月	suō
嗐	口 口	口 宀 丰 口	hài
嗑	口 皿	口 土 厶 皿	kē kè
嗒	口 口	口 艹 人 一 口	tà dā
嗓	口 木	口 又 又 又 木	sǎng
嗔	口 八	口 十 具上 八	chēn
嗖	口 又	口 丿 丨 一 乛 一 一 丨 又	sōu
嗜	口 日	口 耂 匕 日	shì
嗝	口 丨	口 一 口 冂 丷 一 丨	gé
嗞	口 幺	口 丷 一 幺 幺	zī
嗟	口 工	口 ⺶ 工	jiē
嗡	口 习	口 八 厶 习 习	wēng
嗣	口 口	口 冂 艹 乛 一 口	sì
嗤	口 虫	口 乛 丨 丨 一 虫	chī
嗥	口 十	口 白 大 十	háo
嗦	口 小	口 十 冖 幺 小	suō
嗨	口 母	口 氵 丿 一 母	hāi hēi
嗪	口 禾	口 寿上 ㄟ 禾	qín
嗫	口 又	口 耳 又 又	niè
嗬	口 口	口 艹 亻 丁 口	hē
嗮	口 西	口 日 西	sai
嗯	口 心	口 囗 大 心	ń ň ǹ ńg ňg ǹg
嗰	口 口	口 亻 囗 十 口	gó gǒ
嗱	口 手	口 人 一 口 手	ná
嗲	口 夕	口 八 乂 夕 夕	diǎ
嗳	口 又	口 丿 ⺍ 冖 𠂇 又	ǎi ài āi
嗵	口 辶	口 龴 用 辶	tōng
嗷	口 攵	口 龶 乛 丿 攵	áo
嗻	口 灬	口 广 廿 灬	zhē zhè zhù zhe
嗽	口 人	口 束 ⺈ 人	sòu
嗾	口 矢	口 方 丿 一 矢	sǒu
嘀	口 口	口 亠 丷 冂 十 口	dí
嘁	口 小	口 戊 上 小	qī
嘅	口 乛	口 即左 一 乛 丿 乛	kǎi gě
嘈	口 日	口 一 丨 乛 一 丨 丨 一 日	cáo
嘉	士 口	士 口 丷 一 力 口	jiā
嘌	口 小	口 西 二 小	piāo
嘎	口 戈	口 一 自 戈	gā gá gǎ
嘏	十 又	十 口 乛 一 丨 一 一 乛 一 又	gǔ
嘘	口 业	口 虍 业	xū shī
嘚	口 寸	口 彳 日 一 寸	dē dēi
嘛	口 木	口 广 木 木	ma
嘞	口 力	口 革 力	lei
嘟	口 阝	口 耂 日 阝	dū
嘡	口 土	口 ⺌ 冖 口 土	tāng
嘢	口 丨	口 里 龴 乛 丨	yě
嘣	口 月	口 山 月 月	bēng
嘤	口 女	口 冂 人 冂 人 女	yīng
嘥	口 人	口 彳 止 丨 一 人	sāi
嘦	口 女	口 八 西 女	jiào
嘧	口 山	口 宀 必 山	mì
嘬	口 又	口 日 耳 又	zuō
嘭	口 丿	口 士 口 丷 一 丿 丿 丿	pēng
嘱	口 禹	口 尸 禹	zhǔ
嘲	口 月	口 十 日 十 月	cháo zhāo
嘴	口 用	口 止 匕 ⺈ 用	zuǐ
嘶	口 斤	口 其上 八 斤	sī
嘹	口 小	口 大 丶 丿 日 小	liáo
嘻	口 口	口 士 口 丷 一 口	xī
嘿	口 黑	口 黑	hēi mò
噀	口 八	口 巳 巳 艹 一 八	xùn
噂	口 寸	口 丷 酉 寸	zūn
噃	口 田	口 丿 米 田	fān bo
噇	口 里	口 立 里	chuáng
噌	口 日	口 丷 囗 ⺌ 日	cēng
噍	口 灬	口 亻 亠 龶 灬	jiào
噎	口 一	口 士 冖 一 口 丷 一	yē
噔	口 一	口 乛 丶 丿 丿 ㄟ 一 口 丷 一	dēng
噗	口 ㄟ	口 业 ⺶ ㄟ	pū
噘	口 人	口 厂 丷 一 乛 丨 丿 ⺈ 人	juē
噙	口 丶	口 人 亠 乂 凵 丨 乛 乛 丶	qín
噜	口 日	口 鱼 日	lū
噢	口 大	口 丿 冂 米 大	ō
噤	口 小	口 木 木 二 小	jìn
器	口 口	口 口 犬 口 口	qì
噩	王 口	王 口 口 口 口	è
噪	口 木	口 口 口 口 木	zào
噫	口 心	口 立 日 心	yī
噬	口 人	口 ⺮ 工 人 人	shì
噱	口 豕	口 虍 豕	jué xué
噶	口 乛	口 艹 日 勹 人 乛	gá
噷	口 人	口 立 日 ⺈ 人	hěn hèn
噻	口 土	口 宀 一 一 丨 丨 一 八 丶 丶 土	sāi
噼	口 十	口 尸 口 立 十	pī
嚄	口 又	口 艹 亻 亠 龶 又	huò ǒ
嚅	口 而	口 雨 而	rú
嚆	口 口	口 艹 亠 口 冂 口	hāo
嚎	口 豕	口 亠 口 冖 豕	háo
嚏	口 人	口 十 冖 田 乛 丨 一 人	tì
嚓	口 小	口 宀 丿 乛 丶 丶 二 小	cā chā
嚚	口 口	口 口 臣 口 口	yín
嚟	口 氺	口 禾 丿 刀 人 氺	lí
嚡	口 土	口 革 土 土	xié hái
嚣	口 口	口 口 一 丿 冂 人 口 口	xiāo
嚭	士 口	士 口 丷 一 口 不 口	pǐ
嚯	口 龶	口 雨 亻 亠 龶	huò
嚱	口 戈	口 虍 一 口 丷 一 戈	xī
嚷	口 𧘇	口 亠 口 口 一 一 丨 丨 一 𧘇	rǎng rāng
嚼	口 寸	口 丿 ⺍ 罒 即左 寸	jiáo jué jiào
囊	一 𧘇	一 丨 乛 一 丨 冖 口 口 一 一 丨 丨 一 𧘇	náng nāng
囔	口 𧘇	口 一 丨 乛 一 丨 冖 口 口 一 一 丨 丨 一 𧘇	nāng
囚	囗 人	囗 人	qiú
四	囗 儿	囗 儿	sì
囝	囗 子	囗 子	nān
回	囗 口	囗 口	huí
囟	丿 乂	丿 囗 乂	xìn
因	囗 大	囗 大	yīn
囡	囗 女	囗 女	nān
团	囗 才	囗 才	tuán
囤	囗 屯	囗 屯	dùn tún
囧	囗 乛	囗 八 丨 乛	jiǒng
囪	丿 丶	丿 囗 丿 丿 丶	cōng
囫	囗 勿	囗 勿	hú
园	囗 儿	囗 二 儿	yuán
困	囗 木	囗 木	kùn
囱	丿 夂	丿 囗 夂	cōng
围	囗 韦	囗 韦	wéi
囵	囗 匕	囗 人 匕	lún
囷	囗 禾	囗 禾	qūn
囹	囗 龴	囗 人 丶 龴	líng
固	囗 口	囗 十 口	gù
国	囗 玉	囗 玉	guó
图	囗 丶	囗 夂 丶 丶	tú
囿	囗 月	囗 𠂇 月	yòu
圃	囗 甫	囗 甫	pǔ
圄	囗 口	囗 五 口	yǔ
圆	囗 人	囗 口 冂 人	yuán
圈	囗 乛	囗 龹 乛 乛	quān juàn juān
圉	囗 干	囗 土 丷 干	yǔ
圊	囗 月	囗 龶 月	qīng
圌	囗 而	囗 山 而	chuán chuí
圐	囗 方	囗 罒 方	kū
圙	囗 面	囗 八 面	lüè
圜	囗 𧘇	囗 罒 一 口 𧘇	huán yuán
土	十 一	十 一	tǔ
圢	土 丁	土 丁	tǐng
圣	又 土	又 土	shèng
在	𠂇 土	𠂇 丨 土	zài
圩	土 于	土 于	wéi xū
圪	土 乞	土 乞	gē
圫	土 七	土 丿 七	tuō
圬	土 亏	土 亏	wū
圭	土 土	土 土	guī
圮	土 己	土 己	pǐ
圯	土 巳	土 巳	yí
地	土 也	土 也	dì de
圲	土 千	土 千	qiān
圳	土 川	土 川	zhèn
圹	土 广	土 广	kuàng
场	土 丿	土 乛 丿 丿	cháng chǎng
圻	土 斤	土 斤	qí yín
圾	土 及	土 及	jī
址	土 止	土 止	zhǐ
坂	土 又	土 丿 丿 又	bǎn
均	土 冫	土 勹 冫	jūn
坉	土 屯	土 屯	tún
坊	土 方	土 方	fāng fáng
坋	土 刀	土 八 刀	bèn fèn
坌	八 土	八 刀 土	bèn
坍	土 丹	土 丹	tān
坎	土 人	土 ⺈ 人	kǎn
坏	土 不	土 不	huài pēi pī péi
坐	人 土	人 人 土	zuò
坑	土 几	土 亠 几	kēng
坒	比左 土	比左 匕 土	bì
块	土 夬guài	土 夬	kuài
坚	丨 土	丨 丨 又 土	jiān
坛	土 厶	土 二 厶	tán
坜	土 力	土 厂 力	lì
坝	土 人	土 冂 人	bà
坞	土 乌	土 乌	wù
坟	土 文	土 文	fén
坠	阝 土	阝 人 土	zhuì
坡	土 又	土 乛 丿 丨 又	pō
坤	土 申	土 申	kūn
坥	土 且	土 且	qū
坦	土 一	土 日 一	tǎn
坨	土 匕	土 宀 匕	tuó
坩	土 甘	土 甘	gān
坪	土 平	土 平	píng
坫	土 口	土 丨 一 口	diàn
坬	土 瓜	土 瓜	wā
坭	土 匕	土 尸 匕	ní
坯	土 丕	土 丕	pī
坰	土 口	土 冂 口	jiōng
坳	土 力	土 幺 力	ào
坴	土 土	土 八 土	lù
坷	土 口	土 丁 口	kē kě
坻	土 氐	土 氐	dǐ chí
坼	土 斥	土 斥	chè
坽	土 龴	土 人 丶 龴	líng
垂	丿 一	丿 一 丨 一 丨 丨 一 一	chuí
垃	土 立	土 立	lā
垄	龙 土	龙 土	lǒng
垅	土 龙	土 龙	lǒng
垆	土 尸	土 丨 一 尸	lú
垇	土 凹	土 凹	ào
垈	亻 土	亻 弋 土	dài
型	开 土	开 刂 土	xíng
垌	土 口	土 冂 一 口	dòng tóng
垍	土 自	土 自	jì
垎	土 口	土 夂 口	hè
垏	土 聿	土 聿	lǜ
垒	厶 土	厶 厶 厶 土	lěi
垓	土 人	土 亠 乛 丿 人	gāi
垕	丿 土	丿 丿 一 口 土	hòu
垙	土 兀	土 ⺌ 兀	guāng
垚	土 土	土 土 土	yáo
垛	土 木	土 几 木	duǒ duò
垞	土 七	土 宀 丿 七	chá
垟	土 羊	土 羊	yáng
垠	土 艮	土 艮	yín
垡	亻 土	亻 戈 土	fá
垢	土 口	土 丿 丿 一 口	gòu
垣	土 一	土 一 日 一	yuán
垤	土 土	土 一 厶 土	dié
垦	艮 土	艮 土	kěn
垧	土 口	土 丿 冂 口	shǎng
垩	亚 土	亚 土	è
垫	扌 土	扌 丸 土	diàn
垭	土 亚	土 亚	yà
垮	土 亏	土 大 亏	kuǎ
垯	土 辶	土 大 辶	dá
垰	土 下	土 上 下	kǎ
垱	土 彐	土 ⺌ 彐	dàng
垲	土 己	土 山 己	kǎi
垴	土 凵	土 亠 乂 凵	nǎo
垵	土 女	土 宀 女	ǎn
垸	土 儿	土 宀 二 儿	yuàn
垺	土 子	土 丿 ⺍ 子	fú
垾	土 干	土 日 干	hàn
垿	土 丨	土 广 龴 乛 丨	xù
埂	土 更	土 更	gěng
埃	土 矢	土 厶 矢	āi
埆	土 用	土 ⺈ 用	què
埇	土 用	土 龴 用	yǒng
埋	土 里	土 里	mái mán
埌	土 良	土 良	làng
城	土 成	土 成	chéng
埏	土 廴	土 丿 丨 一 乛 廴	shān
埒	土 寸	土 丿 ⺍ 寸	liè
埔	土 甫	土 甫	pǔ bù
埕	土 王	土 口 王	chéng
埗	土 丿	土 止 丨 丿 丿	bù
埘	土 寸	土 日 寸	shí
埙	土 人	土 口 冂 人	xūn
埚	土 内	土 口 内	guō
埜	木 土	木 木 土	yě
埝	土 心	土 人 丶 乛 心	niàn
域	土 一	土 戈 口 一	yù
埠	土 十	土 丿 㠯 十	bù
埤	土 十	土 丿 丨 乛 一 一 丿 十	pí pì
埪	土 工	土 宀 八 工	kōng
埫	土 口	土 ⺌ 冂 口	tǎng shǎng
埭	土 ㄟ	土 乛 一 一 丨 冫 丿 ㄟ	dài
埯	土 电	土 大 电	ǎn
埴	土 具上	土 十 具上	zhí
埵	土 垂	土 垂	duǒ
埸	土 勿	土 日 勿	yì
培	土 口	土 立 口	péi
基	其上 土	其上 八 土	jī
埼	土 口	土 大 丁 口	qí
埽	土 巾	土 彐 冖 巾	sào sǎo
堀	土 出	土 尸 出	kū
堂	⺌ 土	⺌ 冖 口 土	táng
堃	方 土	方 方 土	kūn
堆	土 龶	土 亻 亠 龶	duī
堇	廿 一	廿 丨 乛 一 一 一 丨 一	jīn
堉	土 月	土 亠 厶 月	yù
堋	土 月	土 月 月	péng
堌	土 口	土 囗 十 口	gù
堍	土 丶	土 ⺈ 丨 乛 一 丿 乛 丶	tù
堎	土 夂	土 土 八 夂	lèng
堐	土 土	土 厂 土 土	yá
堑	车 土	车 斤 土	qiàn
堕	阝 土	阝 𠂇 月 土	huī
堙	土 土	土 西 土	yīn
堞	土 木	土 世 木	dié
堠	土 矢	土 亻 乛 一 矢	hòu
堡	亻 土	亻 口 木 土	bǎo bǔ pù
堤	土 人	土 日 一 丨 一 人	dī
堧	土 大	土 而 大	ruán
堨	土 乛	土 日 勹 人 乛	è
堪	土 乛	土 其上 八 乛	kān
堰	土 女	土 匚 日 女	yàn
堲	即左 土	即左 卩 土	jí
堵	土 日	土 耂 日	dǔ
堼	土 土	土 土 寸 土	fēng
堽	土 正	土 罒 正	gāng
堾	土 日	土 寿上 ㄟ 日	chuǎn
塄	土 方	土 罒 方	léng
塅	土 又	土 丿 丨 一 一 一 几 又	duàn
塆	土 弓	土 亠 丨 丨 丿 丶 弓	wān
塌	土 习	土 日 习 习	tā
塍	月 土	月 龹 土	chéng
塑	丷 土	丷 一 乛 丨 丿 月 土	sù
塔	土 口	土 艹 人 一 口	tǎ
塘	土 口	土 广 乛 一 一 丨 口	táng
塝	土 方	土 亠 丷 冖 方	bàng
塞	宀 土	宀 一 一 丨 丨 一 八 土	sāi sài sè
塥	土 丨	土 一 口 冂 丷 一 丨	gé
填	土 八	土 十 具上 八	tián zhèn
塬	土 小	土 厂 白 小	yuán
塱	丶 土	丶 即左 月 土	lǎng
塾	亠 土	亠 口 子 丸 土	shú
墀	土 牛	土 尸 氺 牛	chí
墁	土 又	土 日 罒 又	màn
境	土 儿	土 立 日 儿	jìng
墅	里 土	里 龴 乛 丨 土	shù
墈	土 力	土 其上 八 乛 力	kàn
墉	土 丨	土 广 乛 一 一 丨 乛 一 一 丨	yōng
墐	土 一	土 廿 丨 乛 一 一 一 丨 一	jìn
墒	土 口	土 亠 丷 冂 八 口	shāng
墓	艹 土	艹 日 大 土	mù
墕	土 灬	土 正 一 乛 灬	yàn
墘	土 乞	土 十 日 十 乞	qián
墙	土 口	土 十 丶 丿 一 囗 口	qiáng
墚	土 木	土 氵 刀 丿 丶 木	liáng
增	土 日	土 丷 囗 ⺌ 日	zēng
墟	土 业	土 虍 业	xū
墡	土 口	土 羊 丶 丿 一 口	shàn
墣	土 ㄟ	土 业 ⺶ ㄟ	pú
墦	土 田	土 丿 米 田	fán
墨	黑 土	黑 土	mò
墩	土 攵	土 亠 口 子 攵	dūn
墼	车 土	车 凵 几 又 土	jī
壁	尸 土	尸 口 立 十 土	bì
壅	亠 土	亠 乡 亻 亠 龶 土	yōng
壑	丨 土	丨 一 冖 一 八 人 口 又 土	hè
壕	土 豕	土 亠 口 冖 豕	háo
壤	土 𧘇	土 亠 口 口 一 一 丨 丨 一 𧘇	rǎng
士	十 一	十 一	shì
壬	丿 士	丿 士	rén
壮	冫 士	冫 丨 士	zhuàng
声	士 丿	士 乛 丨 一 丿	shēng
壳	士 几	士 冖 几	ké qiào
壶	士 业	士 冖 业	hú
壸	士 亚	士 冖 亚	kǔn
壹	士 一	士 冖 一 口 丷 一	yī
处	夂 卜	夂 卜	chǔ chù
备	夂 田	夂 田	bèi
夋	厶 夂	厶 八 夂	qūn
夌	土 夂	土 八 夂	líng
复	丿 夂	丿 一 日 夂	fù
夏	一 夂	一 自 夂	xià
夐	⺈ 夂	⺈ 冂 人 目 夂	xiòng xuàn
夔	丷 夂	丷 一 自 止 巳 八 夂	kuí
夕	丿 丶	丿 乛 丶	xī
外	夕 卜	夕 卜	wài
夗	夕 乛	夕 乛 乛	wǎn wān yuàn yuān
夙	几 歹	几 歹	sù
多	夕 夕	夕 夕	duō
夜	亠 ㄟ	亠 亻 丿 乛 丶 ㄟ	yè
够	勹 夕	勹 口 夕 夕	gòu
夤	夕 八	夕 宀 一 由 八	yín
夥	果 夕	果 夕 夕	huǒ
大	𠂇 ㄟ	𠂇 ㄟ	dà dài
天	一 大	一 大	tiān
太	大 丶	大 丶	tài
夫	一 ㄟ	一 一 丿 ㄟ	fū fú
夬	乛 ㄟ	乛 一 丿 ㄟ	guài
夭	丿 大	丿 大	yāo
央	丨 夬guài	丨 夬	yāng
夯	大 力	大 力	hāng bèn
夰	大 丨	大 丿 丨	gǎo
失	丿 夫	丿 夫	shī
夲	大 十	大 十	běn
头	丶 大	丶 丶 大	tóu tou
夷	一 ㄟ	一 乛 一 乛 丿 ㄟ	yí
夸	大 亏	大 亏	kuā kuà
夹	一 ㄟ	一 丶 丿 一 丿 ㄟ	jiā jiá gā xiá
夺	大 寸	大 寸	duó
夼	大 川	大 川	kuǎng
奀	不 大	不 大	ēn
奁	大 乂	大 匚 乂	lián
奂	⺈ 大	⺈ 丨 乛 大	huàn
奄	大 电	大 电	yǎn yān
奇	大 口	大 丁 口	qí jī
奈	大 小	大 二 小	nài
奉	寿上 丨	寿上 ㄟ 一 一 丨	fèng
奋	大 田	大 田	fèn
奎	大 土	大 土 土	kuí
奏	寿上 天	寿上 ㄟ 天	zòu
契	丰 大	丰 刀 大	qì qiè xiè
奓	大 夕	大 夕 夕	zhà
奔	大 廾	大 十 廾	bēn bèn
奕	亠 大	亠 丿 丨 丿 丶 大	yì
奖	冫 大	冫 丨 夕 大	jiǎng
套	大 厶	大 一 丨 一 二 厶	tào
奘	爿 大	爿 士 大	zàng zhuǎng
奚	丿 大	丿 ⺍ 幺 大	xī
奠	丷 大	丷 酉 大	diàn
奡	一 丨	一 自 大 丿 丨	ào
奢	大 日	大 耂 日	shē
奥	丿 大	丿 冂 米 大	ào yù
奭	大 百	大 百 百	shì
女	乛 一	乛 丿 一	nǚ rǔ
奴	女 又	女 又	nú
奶	女 乃	女 乃	nǎi
奸	女 干	女 干	jiān
她	女 也	女 也	tā jiě
好	女 子	女 子	hǎo hào
妁	女 勺	女 勺	shuò
如	女 口	女 口	rú
妃	女 己	女 己	fēi pèi
妄	亡 女	亡 女	wàng
妆	冫 女	冫 丨 女	zhuāng
妇	女 彐	女 彐	fù
妈	女 马	女 马	mā
妉	女 乛	女 丶 乛 丿 乛	dān
妊	女 壬	女 壬	rèn
妍	女 开	女 开	yán
妒	女 户	女 户	dù
妓	女 又	女 十 又	jì
妖	女 夭	女 夭	yāo
妗	女 乛	女 人 丶 乛	jìn
妘	女 厶	女 二 厶	yún
妙	女 少	女 少	miào
妜	女 夬guài	女 夬	yuè jué
妞	女 丑	女 丑	niū
妡	女 斤	女 斤	xīn
妣	女 匕	女 比左 匕	bǐ
妤	女 丨	女 龴 乛 丨	yú
妥	丿 女	丿 ⺍ 女	tuǒ
妧	女 儿	女 二 儿	wàn yuán
妨	女 方	女 方	fáng
妩	女 无	女 无	wǔ
妪	女 乂	女 匚 乂	yù
妫	女 为	女 为	guī
妭	女 丶	女 𠂇 又 丶	bá
妮	女 匕	女 尸 匕	nī
妯	女 由	女 由	zhóu
妲	女 一	女 日 一	dá
妳	女 小	女 ⺈ 小	nǐ
妹	女 未	女 未	mèi
妻	一 女	一 乛 一 一 丨 女	qī qì
妾	立 女	立 女	qiè
姀	女 禾	女 禾	hé
姆	女 母	女 母	mǔ
姈	女 龴	女 人 丶 龴	líng
姊	女 丿	女 丿 乛 丨 丿	zǐ
始	女 口	女 厶 口	shǐ
姐	女 且	女 且	jiě
姑	女 口	女 十 口	gū
姒	女 人	女 乛 丶 人	sì
姓	女 生	女 生	xìng
委	禾 女	禾 女	wěi wēi
姕	止 女	止 匕 女	zī
姗	女 册	女 册	shān shàn
姘	女 开	女 丷 开	pīn
姚	女 丶	女 儿 冫 丿 丶	yáo
姜	⺷ 女	⺷ 女	jiāng
姝	女 朱	女 朱	shū
姞	女 口	女 士 口	jí
姣	女 乂	女 亠 八 乂	jiāo
姤	女 口	女 丿 丿 一 口	gòu
姥	女 匕	女 耂 匕	mǔ lǎo
姨	女 夷	女 夷	yí
姬	女 丨	女 匚 丨 口 丨	jī
姮	女 一	女 一 日 一	héng
姱	女 亏	女 大 亏	kuā
姶	女 口	女 人 一 口	è
姹	女 七	女 宀 丿 七	chà
姻	女 大	女 囗 大	yīn
姽	女 乛	女 ⺈ 厂 乛 乛	guǐ
姿	冫 女	冫 ⺈ 人 女	zī
娀	女 𠂇	女 戈 𠂇	sōng
威	戌 女	戌 女	wēi
娃	女 土	女 土 土	wá
娄	米 女	米 女	lóu
娅	女 亚	女 亚	yà
娆	女 兀	女 一 乛 丿 兀	ráo rǎo
娇	女 丨	女 夭 丿 丨	jiāo
娈	亠 女	亠 丨 丨 丿 丶 女	luán
娉	女 乛	女 由 一 乛	pīng
娌	女 里	女 里	lǐ
娑	氵 女	氵 少 女	suō
娓	女 毛	女 尸 毛	wěi
娘	女 良	女 良	niáng
娜	女 阝	女 乛 一 一 丿 阝	nà nuó
娟	女 月	女 口 月	juān
娠	女 ㄟ	女 厂 二 乛 丿 ㄟ	shēn
娣	女 丿	女 丷 乛 一 乛 丨 丿	dì
娥	女 我	女 我	é
娩	女 乛	女 ⺈ 丨 乛 一 丿 乛	miǎn
娭	女 矢	女 厶 矢	āi
娱	女 天	女 口 天	yú
娲	女 内	女 口 内	wā
娴	女 木	女 门 木	xián
娵	女 又	女 耳 又	jū
娶	耳 女	耳 又 女	qǔ
娸	女 八	女 其上 八	qī
娼	女 日	女 日 日	chāng
婀	女 口	女 阝 丁 口	ē
婆	氵 女	氵 乛 丿 丨 又 女	pó
婉	女 乛	女 宀 夕 乛 乛	wǎn
婊	女 𧘇	女 龶 𧘇	biǎo
婋	女 几	女 虍 几	xiāo
婌	女 又	女 上 小 又	shū
婍	女 口	女 大 丁 口	qǐ
婕	女 人	女 一 乛 一 一 丨 一 人	jié
婘	女 乛	女 龹 乛 乛	quán
婚	女 日	女 氏 日	hūn
婞	女 干	女 土 丷 干	xìng
婠	女 㠯	女 宀 㠯	wān
婢	女 十	女 丿 丨 乛 一 一 丿 十	bì
婤	女 口	女 冂 土 口	zhōu
婧	女 月	女 龶 月	jìng
婪	木 女	木 木 女	lán
婫	女 匕	女 日 比左 匕	kūn
婳	女 凵	女 一 田 凵	huà
婴	冂 女	冂 人 冂 人 女	yīng
婵	女 丨	女 丷 丨 乛 一 一 一 丨	chán
婶	女 申	女 宀 申	shěn
婷	女 丁	女 亠 口 冖 丁	tíng
婺	龴 女	龴 乛 丨 丿 攵 女	wù
婻	女 干	女 十 冂 丷 干	nàn
婼	女 口	女 艹 𠂇 口	ruò chuò
婿	女 月	女 乛 丨 一 人 月	xù
媂	女 巾	女 亠 丷 冖 巾	dì
媄	女 大	女 ⺷ 大	měi
媆	女 大	女 而 大	ruǎn nèn
媒	女 木	女 甘 木	méi
媓	女 王	女 白 王	huáng
媖	女 央	女 艹 央	yīng
媚	女 目	女 乛 丨 一 丿 目	mèi
媛	女 又	女 丿 ⺍ 一 𠂇 又	yuàn yuán
媞	女 人	女 日 一 丨 一 人	tí
媪	女 皿	女 日 皿	ǎo yùn wò
媭	丿 女	丿 丿 丿 一 丿 冂 人 女	xū
媱	女 缶	女 丿 ⺍ 缶	yáo
媲	女 匕	女 丿 囗 乂 比左 匕	pì
媳	女 心	女 自 心	xí
媵	月 女	月 龹 女	yìng
媸	女 虫	女 乛 丨 丨 一 虫	chī
媾	女 冉	女 一 一 丨 丨 一 冉	gòu
嫁	女 豕	女 宀 豕	jià
嫂	女 又	女 丿 丨 一 乛 一 一 丨 又	sǎo
嫄	女 小	女 厂 白 小	yuán
嫉	女 矢	女 疒 矢	jī
嫌	女 ㄟ	女 丷 一 乛 一 一 丨 丨 丿 ㄟ	xián
嫐	女 女	女 田 力 女	nǎo
嫒	女 又	女 丿 ⺍ 冖 𠂇 又	ài
嫔	女 八	女 宀 丘 八	pín
嫕	女 心	女 匚 矢 心	yì
嫖	女 小	女 西 二 小	piáo piāo
嫘	女 小	女 田 幺 小	léi
嫚	女 又	女 日 罒 又	màn mān
嫛	匚 女	匚 矢 几 又 女	yī
嫜	女 十	女 立 日 十	zhāng
嫠	未 女	未 攵 厂 女	lí
嫡	女 口	女 亠 丷 冂 十 口	dí
嫣	女 灬	女 正 一 乛 灬	yān
嫦	女 巾	女 ⺌ 冖 口 巾	cháng
嫩	女 攵	女 束 攵	nèn
嫪	女 丿	女 习 习 人 丿 丿 丿	lào
嫫	女 大	女 艹 日 大	mó
嫭	女 乎	女 虍 乎	hù
嫮	女 亏	女雨 亏	hù
嫱	女 口	女 十 丶 丿 一 囗 口	qiáng
嫲	女 木	女 广 木 木	mā má
嫽	女 小	女 大 丶 丿 日 小	liáo
嬅	女 丨	女 艹 一 一 丨 丨 一 一 丨	huà
嬉	女 口	女 士 口 丷 一 口	xī
嬎	女 生	女 ⺈ 丨 乛 一 丿 乛 生	fàn
嬖	尸 女	尸 口 立 十 女	bì
嬗	女 一	女 亠 囗 口 日 一	shàn
嬛	女 𧘇	女 罒 一 口 𧘇	huán
嬢	女 𧘇	女 亠 八 一 一 丨 丨 一 𧘇	niáng
嬥	女 龶	女 习 习 亻 亠 龶	tiǎo
嬬	女 而	女 雨 而	rú
嬲	田 力	田 力 女 田 力	niǎo
嬴	亡 凡	亡 口 月 女 凡	yíng
嬷	女 么	女 广 木 木 么	mó
嬿	女 灬	女 廿 口 丨 一 一 匕 灬	yàn
孀	女 目	女 雨 木 目	shuāng
孅	女 韭	女 人 人 戈 韭	xiān
子	乛 一	乛 丨 一	zǐ
孑	乛 一	乛 丨 一	jié
孓	乛 ㄟ	乛 丨 ㄟ	jué
孔	子 乛	子 乛	kǒng
孕	乃 子	乃 子	yùn
孖	子 子	子 子	zī mā
字	宀 子	宀 子	zì
存	𠂇 子	𠂇 丨 子	cún
孙	子 小	子 小	sūn xùn
孚	丿 子	丿 ⺍ 子	fú
孛	十 子	十 冖 子	bèi
孜	子 攵	子 攵	zī
孝	耂 子	耂 子	xiào
孟	子 皿	子 皿	mèng
孢	子 巳	子 勹 巳	bāo
季	禾 子	禾 子	jì
孤	子 瓜	子 瓜	gū
孥	女 子	女 又 子	nú
学	⺍ 子	⺍ 冖 子	xué
孩	子 人	子 亠 乛 丿 人	hái
孪	亠 子	亠 丨 丨 丿 丶 子	luán
孬	不 子	不 女 子	nāo
孰	亠 丸	亠 口 子 丸	shú
孱	尸 子	尸 子 子 子	chán càn
孳	丷 子	丷 一 幺 幺 子	zī
孵	卵 子	卵 丿 ⺍ 子	fū
孺	子 而	子 雨 而	rú
孽	艹 子	艹 丿 㠯 立 十 子	niè
宁	宀 丁	宀 丁	níng nìng
它	宀 匕	宀 匕	tā
宄	宀 九	宀 九	guǐ
宅	宀 七	宀 丿 七	zhái
宇	宀 于	宀 于	yǔ
守	宀 寸	宀 寸	shǒu
安	宀 女	宀 女	ān
宋	宀 木	宀 木	sòng
完	宀 儿	宀 二 儿	wán
宏	宀 厶	宀 𠂇 厶	hóng
宓	宀 必	宀 必	mì fú
宕	宀 石	宀 石	dàng
宗	宀 小	宀 二 小	zōng
官	宀 㠯	宀 㠯	guān
宙	宀 由	宀 由	zhòu
定	宀 人	宀 一 丨 一 人	dìng
宛	宀 乛	宀 夕 乛 乛	wǎn
宜	宀 且	宀 且	yí
宝	宀 玉	宀 玉	bǎo
实	宀 大	宀 丶 丶 大	shí
実	宀 乀	宀 寿上 乀	shí
宠	宀 龙	宀 龙	chǒng
审	宀 申	宀 申	shěn
客	宀 口	宀 夂 口	kè
宣	宀 一	宀 一 日 一	xuān
室	宀 土	宀 一 厶 土	shì
宥	宀 月	宀 𠂇 月	yòu
宦	宀 臣	宀 臣	huàn
宧	宀 丨	宀 匚 丨 口 丨	yí
宪	宀 儿	宀 ⺧ 儿	xiàn
宫	宀 口	宀 口 口	gōng
宬	宀 成	宀 成	chéng
宰	宀 十	宀 立 十	zǎi
害	宀 口	宀 丰 口	hài
宴	宀 女	宀 日 女	yàn
宵	宀 月	宀 ⺌ 月	xiāo
家	宀 豕	宀 豕	jiā jie
宸	宀 ㄟ	宀 厂 二 乛 丿 ㄟ	chén
容	宀 口	宀 八 人 口	róng
宽	宀 见下	宀 艹 冂 见下	kuān
宾	宀 八	宀 丘 八	bīn
宿	宀 百	宀 亻 百	sù xiǔ xiù
寁	宀 人	宀 一 乛 一 一 丨 一 人	zǎn
寂	宀 又	宀 上 小 又	jì
寄	宀 口	宀 大 丁 口	jì
寅	宀 八	宀 一 由 八	yín
密	宀 山	宀 必 山	mì
寇	宀 又	宀 二 儿 丨 一 又	kòu
富	宀 田	宀 一 口 田	fù
寐	宀 未	宀 爿 未	mèi
寒	宀 丶	宀 一 一 丨 丨 一 八 丶 丶	hán
寓	宀 禺	宀 禺	yù
寝	宀 又	宀 冫 丨 彐 冖 又	qǐn
寞	宀 大	宀 艹 日 大	mò
察	宀 小	宀 丿 乛 丶 丶 二 小	chá
寡	宀 刀	宀 一 丿 且 八 刀	guǎ
寤	宀 口	宀 爿 五 口	wù
寥	宀 丿	宀 习 习 人 丿 丿 丿	liáo
寨	宀 朩	宀 一 一 丨 丨 一 八 朩	zhài
寮	宀 小	宀 大 丶 丿 日 小	liáo
寰	宀 𧘇	宀 罒 一 口 𧘇	huán
寸	一 丶	一 丨 丶	cùn
对	又 寸	又 寸	duì
寺	土 寸	土 寸	sì
寻	彐 寸	彐 寸	xún xín
导	巳 寸	巳 寸	dǎo
寿	寿上 寸	寿上 寸	shòu
封	土 寸	土 土 寸	fēng
射	身 寸	身 寸	shè
将	冫 寸	冫 丨 夕 寸	jiāng jiàng qiāng
尉	尸 寸	尸 二 小 寸	wèi yù
尊	丷 寸	丷 酉 寸	zūn
小	丨 丶	丨 丿 丶	xiǎo
少	小 丿	小 丿	shǎo shào
尔	⺈ 小	⺈ 小	ěr
尕	乃 小	乃 小	gǎ
尖	小 大	小 大	jiān
尘	小 土	小 土	chén
尚	⺌ 口	⺌ 冂 口	shàng
尛	小 小	小 小 小	mó
尜	小 小	小 大 小	gá
尝	⺌ 厶	⺌ 冖 二 厶	cháng
尞	大 小	大 丶 丿 日 小	liáo
尢	𠂇 乛	𠂇 乛	yóu
尤	尢 丶	尢 丶	yóu
尥	尢 勺	尢 勺	liào
尧	一 兀	一 乛 丿 兀	yáo
尨	𠂇 丶	𠂇 乛 丿 丿 丿 丶	máng méng
尪	尢 王	尢 王	wāng
尬	尢 丨	尢 人 丿 丨	gà
就	亠 尤	亠 口 小 尤	jiù
尴	尢 皿	尢 丨 丨 丿 一 丶 皿	gān
尸	乛 丿	乛 一 丿	shī
尹	乛 丿	乛 一 一 丿	yǐn
尺	尸 ㄟ	尸 ㄟ	chǐ chě
尻	尸 九	尸 九	kāo
尼	尸 匕	尸 匕	ní
尽	尺 丶	尺 丶 丶	jìn jǐn
尾	尸 毛	尸 毛	wěi yǐ
尿	尸 水	尸 水	niào suī
局	尸 口	尸 乛 口	jú
屁	尸 匕	尸 比左 匕	pì
层	尸 厶	尸 二 厶	céng
屃	尸 人	尸 冂 人	xì
屄	尸 八	尸 宀 八	bī
居	尸 口	尸 十 口	jū
屈	尸 出	尸 出	qū
屉	尸 世	尸 世	tì
届	尸 由	尸 由	jiè
屋	尸 土	尸 一 厶 土	wū
屌	尸 巾	尸 口 巾	diǎo
屎	尸 米	尸 米	shǐ
屏	尸 开	尸 丷 开	píng bǐng
屐	尸 又	尸 彳 十 又	jī
屑	尸 月	尸 ⺌ 月	xiè
展	尸 ㄟ	尸 艹 一 乛 丿 ㄟ	zhǎn
屙	尸 口	尸 阝 丁 口	ē
属	尸 禹	尸 禹	shǔ zhǔ
屠	尸 日	尸 耂 日	tú
屡	尸 女	尸 米 女	lǚ
屣	尸 人	尸 彳 止 丨 一 人	xǐ
履	尸 夂	尸 彳 丿 一 日 夂	lǚ
屦	尸 女	尸 彳 米 女	jù
屯	一 乛	一 乛 丨 乛	tún zhūn
山	丨 凵	丨 凵	shān
屹	山 乞	山 乞	yì
屺	山 己	山 己	qǐ
屼	山 兀	山 兀	wù
屾	山 山	山 山	shēn
屿	山 与	山 与	yǔ
岁	山 夕	山 夕	suì
岂	山 己	山 己	qǐ kǎi
岈	山 牙	山 牙	yá
岊	巴 山	巴 山	jié
岌	山 及	山 及	jí
岍	山 开	山 开	qiān
岐	山 又	山 十 又	qí
岑	山 乛	山 人 丶 乛	cén
岔	八 山	八 刀 山	chà
岖	山 乂	山 匚 乂	qū
岗	山 乂	山 冂 乂	gǎng
岘	山 见下	山 冂 见下	xiàn
岙	夭 山	夭 山	ào
岚	山 乂	山 几 乂	lán
岛	丿 山	丿 乛 丶 乛 山	dǎo
岜	山 巴	山 巴	bā
岞	山 乍	山 乍	zuò
岠	山 巨	山 巨	jù
岢	山 口	山 丁 口	kě
岣	山 口	山 勹 口	gǒu
岨	山 且	山 且	jū jǔ
岩	山 石	山 石	yán
岫	山 由	山 由	xiù
岬	山 甲	山 甲	jiǎ
岭	山 龴	山 人 丶 龴	lǐng líng
岱	亻 山	亻 弋 山	dài
岳	丘 山	丘 山	yuè
岵	山 口	山 十 口	hù
岷	山 民	山 民	mín
岸	山 干	山 厂 干	àn
岽	山 东	山 东	dōng
岿	山 彐	山 丨 丿 彐	kuī
峁	山 卩	山 丿 乛 丿 卩	mǎo
峂	山 丶	山 夂 丶 丶	tóng
峃	⺍ 山	⺍ 冖 山	xué
峄	山 丨	山 又 一 一 丨	yì
峇	山 口	山 人 一 口	bā
峋	山 日	山 勹 日	xún
峒	山 口	山 冂 一 口	tóng dòng
峗	山 乛	山 ⺈ 厂 乛 乛	wéi
峘	山 一	山 一 日 一	huán
峙	山 寸	山 土 寸	zhì shì
峛	山 刂	山 歹 刂	liè
峡	山 夹	山 夹	xiá
峣	山 兀	山 一 乛 丿 兀	yáo
峤	山 丨	山 夭 丿 丨	jiào qiáo
峥	山 丨	山 ⺈ 乛 一 一 丨	zhēng
峦	亠 山	亠 丨 丨 丿 丶 山	luán
峧	山 乂	山 亠 八 乂	jiāo
峨	山 我	山 我	é
峪	山 口	山 八 人 口	yù
峭	山 月	山 ⺌ 月	qiào
峰	山 丰	山 夂 丰	fēng
峱	犭 山	犭 丑 山	náo
峻	山 夂	山 厶 八 夂	jùn
峿	山 口	山 五 口	wú
崀	山 良	山 良	lǎng
崁	山 人	山 土 ⺈ 人	kàn
崂	山 力	山 艹 冖 力	láo
崃	山 来	山 来	lái
崄	山 一	山 人 一 ⺍ 一	xiǎn
崆	山 工	山 宀 八 工	kōng
崇	山 小	山 宀 二 小	chóng
崌	山 口	山 尸 十 口	jū
崎	山 口	山 大 丁 口	qí
崑	山 匕	山 日 比左 匕	kūn
崒	山 十	山 亠 人 人 十	zú
崔	山 龶	山 亻 亠 龶	cuī
崖	山 土	山 厂 土 土	yá
崚	山 夂	山 土 八 夂	léng
崛	山 出	山 尸 出	jué
崞	山 子	山 亠 口 子	guō
崟	山 金	山 金	yín
崡	山 凵	山 了 冫 丿 丶 凵	hán
崤	山 月	山 乂 𠂇 月	xiáo
崦	山 电	山 大 电	yān
崧	山 厶	山 木 八 厶	sōng
崩	山 月	山 月 月	bēng
崭	山 斤	山 车 斤	zhǎn chán
崮	山 口	山 囗 十 口	gù
崴	山 女	山 戌 女	wǎi wēi
崶	山 寸	山 土 土 寸	fēng
崽	山 心	山 田 心	zǎi
崾	山 女	山 西 女	yǎo
崿	山 亏	山 口 口 亏	è
嵁	山 乛	山 其上 八 乛	kān
嵅	山 口	山 戌 口	hán
嵇	禾 山	禾 尤 山	jí
嵊	山 ㄟ	山 千 丨 一 一 匕 丿 ㄟ	shèng
嵋	山 目	山 乛 丨 一 丿 目	méi
嵌	山 人	山 甘 ⺈ 人	qiàn kàn
嵎	山 禺	山 禺	yú
嵖	山 一	山 木 日 一	chá
嵘	山 木	山 艹 冖 木	róng
嵚	山 人	山 钅 ⺈ 人	qīn
嵛	山 刂	山 人 一 月 刂	yú
嵝	山 女	山 米 女	lǒu
嵩	山 口	山 亠 口 冂 口	sōng
嵫	山 幺	山 丷 一 幺 幺	zī
嵬	山 鬼	山 鬼	wéi
嵯	山 工	山 ⺶ 工	cuó
嵲	山 木	山 自 木	niè
嵴	山 月	山 冫 丿 丶 人 月	jǐ
嶂	山 十	山 立 日 十	zhàng
嶅	龶 山	龶 乛 丿 攵 山	áo ào
嶍	山 白	山 习 习 白	xí
嶒	山 日	山 丷 囗 ⺌ 日	céng
嶓	山 田	山 丿 米 田	bō
嶙	山 丨	山 米 夕 一 乛 丨	lín
嶝	山 一	山 乛 丶 丿 丿 ㄟ 一 口 丷 一	dèng
嶟	山 寸	山 丷 酉 寸	zūn
嶦	山 口	山 ⺈ 厂 八 亠 一 一 口	shàn
嶲	山 乛	山 亻 亠 龶 丨 乛 丨 乛	xī
嶷	山 人	山 匕 矢 龴 乛 丨 一 人	yí
巅	山 人	山 十 具上 八 一 丿 冂 人	diān
巇	山 戈	山 虍 一 口 丷 一 戈	xī
巉	山 丶	山 ⺈ 口 比左 匕 ⺈ 丨 乛 一 丿 乛 丶	chán
巍	山 鬼	山 禾 女 鬼	wēi
川	丿 丨	丿 丨 丨	chuān
州	丶 丨	丶 丿 丶 丨 丶 丨	zhōu
巡	辶 乛	辶 乛 乛 乛	xún
巢	乛 果	乛 乛 乛 果	cháo
工	一 一	一 丨 一	gōng
左	𠂇 工	𠂇 工	zuǒ
巧	工 乛	工 一 乛	qiǎo
巨	匚 一	匚 乛 一	jù
巩	工 凡	工 凡	gǒng
巫	工 人	工 人 人	wū
巭	工 夫	工 力 夫	gū
差	⺶ 工	⺶ 工	chà chā chāi cī
巯	乛 乛	乛 丶 工 亠 厶 丿 丨 乛	qiú
己	乛 乛	乛 一 乛	jǐ
已	乛 乛	乛 一 乛	yǐ
巳	乛 乛	乛 一 乛	sì
巴	巳 丨	巳 丨	bā
巷	艹 巳	艹 一 八 巳	xiàng hàng
巽	巳 八	巳 巳 艹 一 八	xùn
巾	丨 丨	丨 乛 丨	jīn
巿	一 丨	一 丨 乛 丨	fú
币	丿 巾	丿 巾	bì
市	亠 巾	亠 巾	shì
布	𠂇 巾	𠂇 巾	bù
帅	丨 巾	丨 丿 巾	shuài
帆	巾 凡	巾 凡	fān
师	丨 巾	丨 丿 一 巾	shī
希	乂 巾	乂 𠂇 巾	xī
帏	巾 韦	巾 韦	wéi
帐	巾 长	巾 长	zhàng
帑	女 巾	女 又 巾	tǎng
帔	巾 又	巾 乛 丿 丨 又	pèi
帕	巾 白	巾 白	pà
帖	巾 口	巾 丨 一 口	tiè tiě tiē
帘	宀 巾	宀 八 巾	lián
帙	巾 失	巾 失	zhì
帚	彐 巾	彐 冖 巾	zhǒu
帛	白 巾	白 巾	bó
帜	巾 八	巾 口 八	zhì
帝	亠 巾	亠 丷 冖 巾	dì
帡	巾 开	巾 丷 开	píng
带	带上 巾	带上 冖 巾	dài
帧	巾 人	巾 丨 一 冂 人	zhēn
帨	巾 儿	巾 丷 口 儿	shuì
席	广 巾	广 廿 巾	xí
帮	寿上 巾	寿上 阝 巾	bāng
帱	巾 寸	巾 寿上 寸	chóu dào
帷	巾 龶	巾 亻 亠 龶	wéi
常	⺌ 巾	⺌ 冖 口 巾	cháng
帻	巾 人	巾 龶 冂 人	zé
帼	巾 玉	巾 囗 玉	guó
帽	巾 目	巾 冂 一 一 目	mào
幂	冖 巾	冖 日 大 巾	mì
幄	巾 土	巾 尸 一 厶 土	wò
幅	巾 田	巾 一 口 田	fú
幌	巾 兀	巾 日 ⺌ 兀	huǎng
幔	巾 又	巾 日 罒 又	màn
幕	艹 巾	艹 日 大 巾	mù
幖	巾 小	巾 西 二 小	biāo
幛	巾 十	巾 立 日 十	zhàng
幞	巾 ㄟ	巾 业 ⺶ ㄟ	fú
幡	巾 田	巾 丿 米 田	fān
幢	巾 里	巾 立 里	chuáng zhuàng
幪	巾 ㄟ	巾 艹 冖 二 丿 乛 丿 丿 丿 ㄟ	méng
干	一 十	一 十	gān gàn
平	一 十	一 丶 丿 十	píng
年	丿 丨	丿 一 一 丨 一 丨	nián
并	丷 开	丷 开	bìng bìng bīng
幸	土 干	土 丷 干	xìng
幺	乛 厶	乛 厶	yāo
幻	幺 乛	幺 乛	huàn
幼	幺 力	幺 力	yòu
幽	山 幺	山 幺 幺	yōu
广	丶 厂	丶 厂	guǎng
広	广 厶	广 厶	guǎng
庄	广 土	广 土	zhuāng
庆	广 大	广 大	qìng
庇	广 匕	广 比左 匕	bì
床	广 木	广 木	chuáng
庋	广 又	广 十 又	guǐ
序	广 丨	广 龴 乛 丨	xù
庐	广 户	广 户	lú
庑	广 无	广 无	wǔ
库	广 车	广 车	kù
应	广 一	广 ⺍ 一	yīng yìng
底	广 氐	广 氐	dǐ de
庖	广 巳	广 勹 巳	páo
店	广 口	广 丨 一 口	diàn
庙	广 由	广 由	miào
庚	广 ㄟ	广 乛 一 一 丿 ㄟ	gēng
府	广 寸	广 亻 寸	fǔ
庞	广 龙	广 龙	páng
废	广 丶	广 乛 丿 又 丶	fèi
庠	广 羊	广 羊	xiáng
庤	广 寸	广 土 寸	zhì
庥	广 木	广 亻 木	xiū
度	广 又	广 廿 又	dù duó
座	广 土	广 人 人 土	zuò
庭	广 廴	广 壬 廴	tíng
庱	广 夂	广 土 八 夂	chěng
庳	广 十	广 丿 丨 乛 一 一 丿 十	bēi
庵	广 电	广 大 电	ān
庶	广 灬	广 廿 灬	shù
康	广 ㄟ	广 乛 一 一 丨 冫 丿 ㄟ	kāng
庸	广 丨	广 乛 一 一 丨 乛 一 一 丨	yōng
庹	广 尺	广 廿 尺	tuǒ
庼	广 人	广 比左 一 丿 冂 人	qǐng
庾	广 臾	广 臾	yǔ
廆	广 鬼	广 鬼	guī wěi
廉	广 ㄟ	广 丷 一 乛 一 一 丨 丨 丿 ㄟ	lián
廊	广 阝	广 丶 即左 阝	láng
廋	广 又	广 丿 丨 一 乛 一 一 丨 又	sōu
廑	广 一	广 廿 丨 乛 一 一 一 丨 一	jǐn qín
廒	广 攵	广 龶 乛 丿 攵	áo
廓	广 阝	广 亠 口 子 阝	kuò
廖	广 丿	广 习 习 人 丿 丿 丿	liào
廙	广 八	广 田 艹 一 八	yì
廛	广 土	广 里 八 土	chán
廨	广 牛	广 ⺈ 用 刀 牛	xiè
廪	广 小	广 亠 囗 口 二 小	lǐn
延	廴 乛	廴 丿 丨 一 乛	yán
廷	廴 壬	廴 壬	tíng
建	廴 聿	廴 聿	jiàn
廿	艹 一	艹 一	niàn
开	一 廾	一 廾	kāi
弁	厶 廾	厶 廾	biàn
异	巳 廾	巳 廾	yì
弃	亠 廾	亠 厶 廾	qì
弄	王 廾	王 廾	nòng lòng
弆	土 廾	土 厶 廾	jǔ
弇	人 廾	人 一 口 廾	yǎn
弈	亠 廾	亠 丿 丨 丿 丶 廾	yì
弊	丶 廾	丶 丿 丨 乛 丨 丿 丶 攵 廾	bì
弋	一 丶	一 乛 丶	yì
式	弋 工	弋 工	shì
弑	乂 工	乂 朩 弋 工	shì
弓	乛 乛	乛 一 乛	gōng
引	弓 丨	弓 丨	yǐn
弗	乛 丨	乛 一 乛 丿 丨	fú
弘	弓 厶	弓 厶	hóng
弛	弓 也	弓 也	chí
弟	丷 丿	丷 乛 一 乛 丨 丿	dì tì tuí
张	弓 长	弓 长	zhāng
弢	弓 又	弓 乛 丨 丨 又	tāo
弥	弓 小	弓 ⺈ 小	mí mǐ
弦	弓 幺	弓 亠 幺	xián
弧	弓 瓜	弓 瓜	hú
弨	弓 口	弓 刀 口	chāo
弩	女 弓	女 又 弓	nǔ
弭	弓 耳	弓 耳	mǐ
弯	亠 弓	亠 丨 丨 丿 丶 弓	wān
弱	弓 冫	弓 冫 弓 冫	ruò
弶	弓 小	弓 亠 口 小	jiàng
弸	弓 月	弓 月 月	péng
弹	弓 丨	弓 丷 丨 乛 一 一 一 丨	dàn tán
强	弓 虫	弓 口 虫	qiáng qiǎng jiàng
弼	弓 弓	弓 百 弓	bì
彀	士 又	士 冖 一 弓 几 又	gòu
归	丨 彐	丨 丿 彐	guī
当	⺌ 彐	⺌ 彐	dāng dàng
录	彐 氺	彐 氺	lù
彖	乛 豕	乛 乛 豕	tuàn
彗	丰 彐	丰 丰 彐	huì
彘	乛 匕	乛 乛 一 矢 比左 匕	zhì
彝	乛 廾	乛 乛 一 米 幺 小 廾	yí
彟	彐 又	彐 寸 艹 亻 亠 龶 又	huò
形	开 丿	开 丿 丿 丿	xíng
彤	丹 丿	丹 丿 丿 丿	tóng
彦	产 丿	产 丿 丿 丿	yàn
彧	一 丶	一 口 一 乛 丿 丿 丿 丶	yù
彩	丿 丿	丿 ⺍ 木 丿 丿 丿	cǎi
彪	虍 丿	虍 几 丿 丿 丿	biāo
彬	木 丿	木 木 丿 丿 丿	bīn
彭	士 丿	士 口 丷 一 丿 丿 丿	péng
彰	立 丿	立 日 十 丿 丿 丿	zhāng
影	日 丿	日 亠 口 小 丿 丿 丿	yǐng
彳	丿 亻	丿 亻	chì
彷	彳 方	彳 方	páng fǎng
役	彳 又	彳 几 又	yì
彻	彳 刀	彳 七 刀	chè
彼	彳 又	彳 乛 丿 丨 又	bǐ
往	彳 主	彳 主	wǎng
征	彳 正	彳 正	zhēng
徂	彳 且	彳 且	cú
径	彳 工	彳 乛 丶 工	jìng
待	彳 寸	彳 土 寸	dài dāi
徇	彳 日	彳 勹 日	xùn
很	彳 艮	彳 艮	hěn
徉	彳 羊	彳 羊	yáng
徊	彳 口	彳 囗 口	huái
律	彳 聿	彳 聿	lǜ
徐	彳 余下	彳 人 余下	xú
徒	彳 人	彳 土 丨 一 人	tú
徕	彳 来	彳 来	lài lái
得	彳 寸	彳 日 一 寸	dé děi de
徘	彳 非	彳 非	pái
徙	彳 人	彳 止 丨 一 人	xǐ
徛	彳 口	彳 大 丁 口	jì
徜	彳 口	彳 ⺌ 冂 口	cháng
御	彳 卩	彳 午 一 丨 一 卩	yù
徨	彳 王	彳 白 王	huáng
循	彳 目	彳 丿 丿 十 目	xún
徭	彳 缶	彳 丿 ⺍ 缶	yáo
微	彳 攵	彳 山 一 几 攵	wēi
徵	彳 攵	彳 山 一 王 攵	zhǐ
德	彳 心	彳 十 罒 一 心	dé
徼	彳 攵	彳 白 方 攵	jiǎo jiào
徽	彳 攵	彳 山 一 幺 小 攵	huī
心	丶 丶	丶 乛 丶 丶	xīn
必	丶 丶	丶 乛 丶 丿 丶	bì
忆	忄 乛	忄 乛	yì
忈	二 心	二 心	rén
忉	忄 刀	忄 刀	dāo
忌	己 心	己 心	jì
忍	刃 心	刃 心	rěn
忏	忄 千	忄 千	chàn
忐	上 心	上 心	tǎn
忑	下 心	下 心	tè
忒	弋 心	弋 心	tè tēi tuī
忖	忄 寸	忄 寸	cǔn
志	士 心	士 心	zhì
忘	亡 心	亡 心	wàng
忙	忄 亡	忄 亡	máng
忝	天 ⺗	天 ⺗	tiǎn
忞	文 心	文 心	mín
忠	中 心	中 心	zhōng
忡	忄 中	忄 中	chōng
忤	忄 午	忄 午	wǔ
忧	忄 尤	忄 尤	yōu
忪	忄 厶	忄 八 厶	sōng zhōng
快	忄 夬guài	忄 夬	kuài
忭	忄 卞	忄 卞	biàn
忮	忄 又	忄 十 又	zhì
忱	忄 乛	忄 丶 乛 丿 乛	chén
忳	忄 屯	忄 屯	tún
念	人 心	人 丶 乛 心	niàn
忸	忄 丑	忄 丑	niǔ
忺	忄 人	忄 ⺈ 人	xiān
忻	忄 斤	忄 斤	xīn
忽	勿 心	勿 心	hū
忾	忄 气	忄 气	kài
忿	八 心	八 刀 心	fèn
怀	忄 不	忄 不	huái
态	太 心	太 心	tài
怂	人 心	人 人 心	sǒng
怃	忄 无	忄 无	wǔ
怄	忄 乂	忄 匚 乂	òu
怅	忄 长	忄 长	chàng
怆	忄 乛	忄 人 乛 乛	chuàng
怊	忄 口	忄 刀 口	chāo
怍	忄 乍	忄 乍	zuò
怎	乍 心	乍 心	zěn
怏	忄 央	忄 央	yàng
怒	女 心	女 又 心	nù
怔	忄 正	忄 正	zhēng
怕	忄 白	忄 白	pà
怖	忄 巾	忄 𠂇 巾	bù
怙	忄 口	忄 十 口	hù
怛	忄 一	忄 日 一	dá
怜	忄 龴	忄 人 丶 龴	lián
思	田 心	田 心	sī sāi
怠	厶 心	厶 口 心	dài
怡	忄 口	忄 厶 口	yí
急	⺈ 心	⺈ 彐 心	jí
怦	忄 平	忄 平	pēng
性	忄 生	忄 生	xìng
怨	夕 心	夕 乛 乛 心	yuàn
怩	忄 匕	忄 尸 匕	ní
怪	忄 土	忄 又 土	guài
怫	忄 弗	忄 弗	fú
怯	忄 厶	忄 土 厶	qiè
怵	忄 术	忄 术	chù
怹	亻 心	亻 也 心	tān
总	丷 心	丷 口 心	zǒng
怼	又 心	又 寸 心	duì
怿	忄 丨	忄 又 一 一 丨	yì
恁	亻 心	亻 壬 心	nèn nín
恂	忄 日	忄 勹 日	xún
恃	忄 寸	忄 土 寸	shì
恋	亠 心	亠 丨 丨 丿 丶 心	liàn
恍	忄 兀	忄 ⺌ 兀	huǎng
恏	女 心	女 子 心	hào
恐	工 心	工 凡 心	kǒng
恒	忄 一	忄 一 日 一	héng
恓	忄 西	忄 西	xī
恔	忄 乂	忄 亠 八 乂	xiào jiǎo
恕	女 心	女 口 心	shù
恙	⺷ 心	⺷ 心	yàng
恚	土 心	土 土 心	huì
恝	丰 心	丰 刀 心	jiá
恢	忄 火	忄 𠂇 火	huī
恣	冫 心	冫 ⺈ 人 心	zī
恤	忄 血	忄 血	xù
恧	而 心	而 心	nǜ
恨	忄 艮	忄 艮	hèn
恩	囗 心	囗 大 心	ēn
恪	忄 口	忄 夂 口	kè
恫	忄 口	忄 冂 一 口	dòng
恬	忄 口	忄 千 口	tián
恭	艹 ⺗	艹 一 八 ⺗	gōng
息	自 心	自 心	xī
恰	忄 口	忄 人 一 口	qià
恳	艮 心	艮 心	kěn
恶	亚 心	亚 心	è wù ě wū
恸	忄 力	忄 二 厶 力	tòng
恹	忄 犬	忄 厂 犬	yān
恺	忄 己	忄 山 己	kǎi
恻	忄 刂	忄 冂 人 刂	cè
恼	忄 凵	忄 亠 乂 凵	nǎo
恽	忄 车	忄 冖 车	yùn
恿	龴 心	龴 用 心	yǒng
悃	忄 木	忄 囗 木	kǔn
悄	忄 月	忄 ⺌ 月	qiǎo qiāo
悆	人 心	人 余下 心	yù
悈	忄 廾	忄 戈 廾	jiè
悉	丿 心	丿 米 心	xī
悌	忄 丿	忄 丷 乛 一 乛 丨 丿	tì
悍	忄 干	忄 日 干	hàn
悒	忄 巴	忄 口 巴	yì
悔	忄 母	忄 丿 一 母	huǐ
悖	忄 子	忄 十 冖 子	bèi
悚	忄 束	忄 束	sǒng
悛	忄 夂	忄 厶 八 夂	quān
悝	忄 里	忄 里	kuī lǐ
悟	忄 口	忄 五 口	wù
悠	亻 心	亻 丨 攵 心	yōu
悢	忄 良	忄 良	liàng
患	串 心	串 心	huàn
悦	忄 儿	忄 丷 口 儿	yuè
您	亻 心	亻 ⺈ 小 心	nín
悫	士 心	士 冖 几 心	què
悬	且 心	且 厶 心	xuán
悭	忄 土	忄 丨 丨 又 土	qiān
悯	忄 文	忄 门 文	mǐn
悰	忄 小	忄 宀 二 小	cóng
悱	忄 非	忄 非	fěi
悲	非 心	非 心	bēi
悴	忄 十	忄 亠 人 人 十	cuì
悸	忄 子	忄 禾 子	jì
悻	忄 干	忄 土 丷 干	xìng
悼	忄 十	忄 丨 一 日 十	dào
情	忄 月	忄 龶 月	qíng
惆	忄 口	忄 冂 土 口	chóu
惇	忄 子	忄 亠 口 子	dūn
惊	忄 小	忄 亠 口 小	jīng
惋	忄 乛	忄 宀 夕 乛 乛	wǎn
惎	其上 心	其上 八 心	jì
惑	戈 心	戈 口 一 心	huò
惔	忄 火	忄 火 火	tán
惕	忄 勿	忄 日 勿	tì
惗	忄 心	忄 人 丶 乛 心	niàn
惘	忄 亡	忄 冂 丷 一 亡	wǎng
惙	忄 又	忄 又 又 又 又	chuò
惚	忄 心	忄 勿 心	hū
惛	忄 日	忄 氏 日	hūn
惜	忄 日	忄 艹 一 日	xī
惝	忄 口	忄 ⺌ 冂 口	chǎng tǎng
惟	忄 龶	忄 亻 亠 龶	wéi
惠	一 心	一 丨 乛 一 一 丨 一 丶 心	huì
惢	心 心	心 心 心	suǒ ruǐ
惦	忄 口	忄 广 丨 一 口	diàn
惧	忄 八	忄 具上 八	jù
惨	忄 丿	忄 厶 大 丿 丿 丿	cǎn
惩	彳 心	彳 正 心	chéng
惫	夂 心	夂 田 心	bèi
惬	忄 夹	忄 匚 夹	qiè
惭	忄 斤	忄 车 斤	cán
惮	忄 丨	忄 丷 丨 乛 一 一 一 丨	dàn
惯	忄 人	忄 毌 冂 人	guàn
惰	忄 月	忄 𠂇 工 月	duò
想	木 心	木 目 心	xiǎng
惴	忄 而	忄 山 而	zhuì
惶	忄 王	忄 白 王	huáng
惹	艹 心	艹 𠂇 口 心	rě
惺	忄 生	忄 日 生	xīng
愀	忄 火	忄 禾 火	qiǎo
愁	禾 心	禾 火 心	chóu
愃	忄 一	忄 宀 一 日 一	xuān
愆	彳 心	彳 氵 亍 心	qiān
愈	人 心	人 一 月 刂 心	yù
愉	忄 刂	忄 人 一 月 刂	yú tōu
愍	民 心	民 攵 心	mǐn
愎	忄 夂	忄 丿 一 日 夂	bì
意	立 心	立 日 心	yì
愐	忄 面	忄 面	miǎn
愔	忄 日	忄 立 日	yīn
愕	忄 亏	忄 口 口 亏	è
愚	禺 心	禺 心	yú
感	戌 心	戌 口 心	gǎn
愠	忄 皿	忄 日 皿	yùn
愣	忄 方	忄 罒 方	lèng
愤	忄 人	忄 十 艹 冂 人	fèn
愦	忄 人	忄 中 一 冂 人	kuì
愧	忄 鬼	忄 鬼	kuì
愫	忄 小	忄 龶 幺 小	sù
愭	忄 日	忄 耂 匕 日	qí
愿	厂 心	厂 白 小 心	yuàn
慆	忄 臼	忄 丿 ⺍ 臼	tāo
慈	丷 心	丷 一 幺 幺 心	cí
慊	忄 ㄟ	忄 丷 一 乛 一 一 丨 丨 丿 ㄟ	qiàn qiè
慌	忄 乛	忄 艹 亡 丿 丨 乛	huāng
慎	忄 八	忄 十 具上 八	shèn
慑	忄 又	忄 耳 又 又	shè
慕	艹 ⺗	艹 日 大 ⺗	mù
慜	丿 心	丿 一 母 攵 心	mín
慝	匚 心	匚 艹 𠂇 口 心	tè
慢	忄 又	忄 日 罒 又	màn
慥	忄 辶	忄 ⺧ 口 辶	zào
慧	丰 心	丰 丰 彐 心	huì
慨	忄 乛	忄 即左 一 乛 丿 乛	kǎi
慬	忄 一	忄 廿 丨 乛 一 一 一 丨 一	qín
慭	来 心	来 犬 心	yìn
慰	尸 心	尸 二 小 寸 心	wèi
慵	忄 丨	忄 广 乛 一 一 丨 乛 一 一 丨	yōng
慷	忄 ㄟ	忄 广 乛 一 一 丨 冫 丿 ㄟ	kāng
憋	丶 心	丶 丿 丨 乛 丨 丿 丶 攵 心	biē
憎	忄 日	忄 丷 囗 ⺌ 日	zēng
憔	忄 灬	忄 亻 亠 龶 灬	qiáo
憕	忄 一	忄 乛 丶 丿 丿 ㄟ 一 口 丷 一	chéng
憙	士 心	士 口 丷 一 口 心	xǐ
憧	忄 里	忄 立 里	chōng
憨	乛 心	乛 耳 攵 心	hān
憩	千 心	千 口 自 心	qì
憬	忄 小	忄 日 亠 口 小	jǐng
憭	忄 小	忄 大 丶 丿 日 小	liǎo liáo
憷	忄 人	忄 木 木 乛 丨 一 人	chù
憺	忄 口	忄 ⺈ 厂 八 亠 一 一 口	dàn
憾	忄 心	忄 戌 口 心	hàn
懂	忄 重	忄 艹 重	dǒng
懈	忄 牛	忄 ⺈ 用 刀 牛	xiè
懊	忄 大	忄 丿 冂 米 大	ào
懋	木 心	木 龴 乛 丨 丿 木 心	mào
懑	氵 心	氵 艹 两 心	mèn
懒	忄 人	忄 束 ⺈ 冂 人	lǎn
懔	忄 小	忄 亠 囗 口 二 小	lǐn
懦	忄 而	忄 雨 而	nuò
懵	忄 目	忄 艹 罒 冖 目	měng
懿	士 心	士 冖 一 口 丷 一 冫 ⺈ 人 心	yì
戆	立 心	立 日 十 夂 工 冂 人 心	gàng zhuàng
戈	一 丶	一 乛 丿 丶	gē
戉	戈 乛	戈 乛	yuè
戊	戈 丿	戈 丿	wù
戋	一 丶	一 一 乛 丿 丶	jiān
戌	戊 一	戌	xū
戍	戊 丶	戊 丶	shù
戎	戈 𠂇	戈 𠂇	róng
戏	又 戈	又 戈	xì hū
成	戊 乛	戊 乛	chéng
我	丿 丶	丿 一 丨 一 乛 丿 丶	wǒ
戒	戈 廾	戈 廾	jiè
戕	爿 戈	爿 戈	qiāng
或	戈 一	戈 口 一	huò
戗	人 戈	人 乛 乛 戈	qiāng qiàng
战	丨 戈	丨 一 口 戈	zhàn
戚	戊 小	戊 上 小	qī
戛	一 戈	一 自 戈	jiá gā
戟	十 戈	十 日 十 戈	jǐ
戡	其上 戈	其上 八 乛 戈	kān
戢	口 一	口 戈 丨 丨 一 一 一	jí
戣	乛 戈	乛 丶 丿 丿 ㄟ 天 戈	kuí
戤	乃 戈	乃 又 皿 戈	gài
戥	日 戈	日 生 戈	děng
截	十 龶	十 戈 亻 亠 龶	jié
戬	亚 戈	亚 日 戈	jiǎn
戭	宀 戈	宀 一 由 八 戈	yǎn
戮	习 戈	习 习 人 丿 丿 丿 戈	lù
戳	习 戈	习 习 亻 亠 龶 戈	chuō
戴	十 八	十 戈 田 艹 一 八	dài
户	丶 尸	丶 尸	hù
戽	户 十	户 丶 丶 十	hù
戾	户 犬	户 犬	lì
房	户 方	户 方	fáng
所	丿 斤	丿 丿 乛 一 斤	suǒ
扁	户 艹	户 冂 艹	biǎn piān
扂	户 口	户 丨 一 口	diàn
扃	户 口	户 冂 口	jiōng
扅	户 夕	户 夕 夕	yí
扆	户 𧘇	户 亠 𧘇	yǐ
扇	户 习	户 习 习	shàn shān
扈	户 巴	户 口 巴	hù
扉	户 非	户 非	fēi
扊	户 火	户 火 火	yǎn
手	丿 丨	丿 一 一 丨	shǒu
才	一 丿	一 丨 丿	cái
扎	扌 乛	扌 乛	zā zhā zhá
扑	扌 卜	扌 卜	pū
扒	扌 八	扌 八	bā pá
打	扌 丁	扌 丁	dǎ dá
扔	扌 乃	扌 乃	rēng
托	扌 七	扌 丿 七	tuō
扛	扌 工	扌 工	káng gāng
扞	扌 干	扌 干	hàn
扣	扌 口	扌 口	kòu
扦	扌 千	扌 千	qiān
执	扌 丸	扌 丸	zhí
扩	扌 广	扌 广	kuò
扪	扌 门	扌 门	mén
扫	扌 彐	扌 彐	sǎo sào
扬	扌 丿	扌 乛 丿 丿	yáng
扭	扌 丑	扌 丑	niǔ
扮	扌 刀	扌 八 刀	bàn
扯	扌 止	扌 止	chě
扰	扌 尤	扌 尤	rǎo
扳	扌 又	扌 丿 丿 又	bān
扶	扌 夫	扌 夫	fú
批	扌 匕	扌 比左 匕	pī
扺	扌 氏	扌 氏	zhǐ
扼	扌 乛	扌 厂 乛 乛	è
扽	扌 屯	扌 屯	dèn
找	扌 戈	扌 戈	zhǎo
承	乛 ㄟ	乛 丨 一 一 一 乛 丿 ㄟ	chéng
技	扌 又	扌 十 又	jì
抃	扌 卞	扌 卞	biàn
抄	扌 少	扌 少	chāo
抉	扌 夬guài	扌 夬	jué
把	扌 巴	扌 巴	bǎ bà
抑	扌 卩	扌 丿 乛 卩	yì
抒	扌 丨	扌 龴 乛 丨	shū
抓	扌 爪	扌 爪	zhuā
抔	扌 不	扌 不	póu
投	扌 又	扌 几 又	tóu
抖	扌 十	扌 丶 丶 十	dǒu
抗	扌 几	扌 亠 几	kàng
折	扌 斤	扌 斤	zhē zhé shé
抚	扌 无	扌 无	fǔ
抛	扌 力	扌 九 力	pāo
抟	扌 专	扌 专	tuán
抠	扌 乂	扌 匚 乂	kōu
抡	扌 匕	扌 人 匕	lūn lún
抢	扌 乛	扌 人 乛 乛	qiǎng qiāng
护	扌 户	扌 户	hù
报	扌 又	扌 卩 又	bào
抦	扌 丙	扌 丙	bǐng
抨	扌 平	扌 平	pēng
披	扌 又	扌 乛 丿 丨 又	pī
抬	扌 口	扌 厶 口	tái
抱	扌 巳	扌 勹 巳	bào
抵	扌 氐	扌 氐	dǐ
抹	扌 末	扌 末	mǒ mò mā
抻	扌 申	扌 申	chēn
押	扌 甲	扌 甲	yā
抽	扌 由	扌 由	chōu
抿	扌 民	扌 民	mǐn
拂	扌 弗	扌 弗	fú bì
拃	扌 乍	扌 乍	zhǎ
拄	扌 主	扌 主	zhǔ
担	扌 一	扌 日 一	dān dàn dǎn
拆	扌 斥	扌 斥	chāi
拇	扌 母	扌 母	mǔ
拈	扌 口	扌 丨 一 口	niān
拉	扌 立	扌 立	lā lá
拊	扌 寸	扌 亻 寸	fǔ
拌	扌 半	扌 半	bàn
拍	扌 白	扌 白	pāi
拎	扌 龴	扌 人 丶 龴	līn
拐	扌 力	扌 口 力	guǎi
拒	扌 巨	扌 巨	jù
拓	扌 石	扌 石	tuò tà zhí
拔	扌 丶	扌 𠂇 又 丶	bá
拖	扌 也	扌 丿 一 也	tuō
拗	扌 力	扌 幺 力	ǎo ào niù
拘	扌 口	扌 勹 口	jū
拙	扌 出	扌 出	zhuō
拚	扌 廾	扌 厶 廾	pīn pàn
招	扌 口	扌 刀 口	zhāo
拜	龵 丰	龵 一 丰	bài
拟	扌 人	扌 乛 丶 人	nǐ
拢	扌 龙	扌 龙	lǒng
拣	扌 丶	扌 一 乛 乛 丿 丶	jiǎn
拤	扌 卜	扌 上 卜	qiǎ
拥	扌 用	扌 用	yōng
拦	扌 三	扌 丷 三	lán
拧	扌 丁	扌 宀 丁	níng nǐng nìng
拨	扌 丶	扌 乛 丿 又 丶	bō
择	扌 丨	扌 又 一 一 丨	zé zhái
括	扌 口	扌 千 口	kuò
拭	扌 工	扌 弋 工	shì
拮	扌 口	扌 士 口	jié
拯	扌 一	扌 了 乛 丿 ㄟ 一	zhěng
拱	扌 八	扌 艹 一 八	gǒng
拳	龹 手	龹 手	quán
拴	扌 王	扌 人 王	shuān
拶	扌 夕	扌 乛 乛 乛 夕	zā zǎn
拷	扌 乛	扌 耂 一 乛	kǎo
拼	扌 开	扌 丷 开	pīn
拽	扌 曳	扌 曳	zhuài zhuāi yè
拾	扌 口	扌 人 一 口	shí shè
拿	人 手	人 一 口 手	ná
持	扌 寸	扌 土 寸	chí
挂	扌 土	扌 土 土	guà
指	扌 日	扌 匕 日	zhǐ
挈	丰 手	丰 刀 手	qiè
按	扌 女	扌 宀 女	àn
挎	扌 亏	扌 大 亏	kuà kū
挑	扌 丶	扌 儿 冫 丿 丶	tiāo tiǎo
挓	扌 七	扌 宀 丿 七	zhā
挖	扌 乛	扌 宀 八 乛	wā
挚	扌 手	扌 丸 手	zhì
挛	亠 手	亠 丨 丨 丿 丶 手	luán
挝	扌 辶	扌 寸 辶	zhuā wō
挞	扌 辶	扌 大 辶	tà
挟	扌 夹	扌 夹	xié
挠	扌 兀	扌 一 乛 丿 兀	náo
挡	扌 彐	扌 ⺌ 彐	dǎng dàng
挣	扌 丨	扌 ⺈ 乛 一 一 丨	zhèng zhēng
挤	扌 丨	扌 文 丿 丨	jǐ
挥	扌 车	扌 冖 车	huī
挦	扌 寸	扌 彐 寸	xián
挨	扌 矢	扌 厶 矢	āi ái
挪	扌 阝	扌 乛 一 一 丿 阝	nuó
挫	扌 土	扌 人 人 土	cuò
振	扌 ㄟ	扌 厂 二 乛 丿 ㄟ	zhèn
挲	氵 手	氵 少 手	suō sa sha
挹	扌 巴	扌 口 巴	yì
挺	扌 廴	扌 壬 廴	tǐng
挼	扌 女	扌 丿 丶 丶 丿 女	ruá ruó
挽	扌 乛	扌 ⺈ 丨 乛 一 丿 乛	wǎn
捂	扌 口	扌 五 口	wǔ
捃	扌 口	扌 尹 口	jùn
捅	扌 用	扌 龴 用	tǒng
捆	扌 木	扌 囗 木	kǔn
捉	扌 人	扌 口 丨 一 人	zhuō
捋	扌 寸	扌 丿 ⺍ 寸	luō lǚ
捌	扌 刂	扌 口 力 刂	bā
捍	扌 干	扌 日 干	hàn
捎	扌 月	扌 ⺌ 月	shāo shào
捏	扌 土	扌 日 土	niē
捐	扌 月	扌 口 月	juān
捕	扌 甫	扌 甫	bǔ
捞	扌 力	扌 艹 冖 力	lāo
损	扌 人	扌 口 冂 人	sǔn
捡	扌 一	扌 人 一 ⺍ 一	jiǎn
换	扌 大	扌 ⺈ 丨 乛 大	huàn
捣	扌 山	扌 丿 乛 丶 乛 山	dǎo
捧	扌 丨	扌 寿上 ㄟ 一 一 丨	pěng
捩	扌 犬	扌 户 犬	liè
捭	扌 十	扌 丿 丨 乛 一 一 丿 十	bǎi
据	扌 口	扌 尸 十 口	jù jū
捯	扌 刂	扌 一 厶 土 刂	dáo
捱	扌 土	扌 厂 土 土	ái
捶	扌 垂	扌 垂	chuí
捷	扌 人	扌 一 乛 一 一 丨 一 人	jié
捺	扌 小	扌 大 二 小	nà
捻	扌 心	扌 人 丶 乛 心	niǎn niē
捽	扌 十	扌 亠 人 人 十	zuó
掀	扌 人	扌 斤 ⺈ 人	xiān
掂	扌 口	扌 广 丨 一 口	diān
掇	扌 又	扌 又 又 又 又	duō duo
授	扌 又	扌 丿 ⺍ 冖 又	shòu
掉	扌 十	扌 丨 一 日 十	diào
掊	扌 口	扌 立 口	pǒu póu
掌	⺌ 手	⺌ 冖 口 手	zhǎng
掎	扌 口	扌 大 丁 口	jǐ
掏	扌 缶	扌 勹 缶	tāo
掐	扌 臼	扌 ⺈ 臼	qiā
排	扌 非	扌 非	pái pǎi
掖	扌 ㄟ	扌 亠 亻 丿 乛 丶 ㄟ	yè yē
掘	扌 出	扌 尸 出	jué
掞	扌 火	扌 火 火	shàn
掟	扌 人	扌 宀 一 丨 一 人	zhěng dìng
掠	扌 小	扌 亠 口 小	lüè
探	扌 木	扌 冖 八 木	tàn
掣	丿 手	丿 一 一 丨 乛 丨 刂 手	chè
接	扌 女	扌 立 女	jiē
控	扌 工	扌 宀 八 工	kòng
推	扌 龶	扌 亻 亠 龶	tuī
掩	扌 电	扌 大 电	yǎn
措	扌 日	扌 艹 一 日	cuò
掬	扌 米	扌 勹 米	jū
掭	扌 ⺗	扌 天 ⺗	tiàn
掮	扌 月	扌 户 月	qián
掰	龵 手	龵 八 刀 手	bāi
掳	扌 力	扌 虍 力	lǔ
掴	扌 玉	扌 囗 玉	guāi guó
掷	扌 阝	扌 丷 天 阝	zhì
掸	扌 丨	扌 丷 丨 乛 一 一 一 丨	dǎn shàn
掺	扌 丿	扌 厶 大 丿 丿 丿	chān càn shǎn
掼	扌 人	扌 毌 冂 人	guàn
掾	扌 豕	扌 乛 乛 豕	yuàn
揄	扌 刂	扌 人 一 月 刂	yú
揆	扌 天	扌 乛 丶 丿 丿 ㄟ 天	kuí
揉	扌 木	扌 龴 乛 丨 丿 木	róu
揍	扌 天	扌 寿上 ㄟ 天	zòu
揎	扌 一	扌 宀 一 日 一	xuān
描	扌 田	扌 艹 田	miáo
提	扌 人	扌 日 一 丨 一 人	tí dī dǐ
插	扌 臼	扌 千 臼	chā
揕	扌 乛	扌 其上 八 乛	zhèn zhēn
揖	扌 耳	扌 口 耳	yī
揞	扌 日	扌 立 日	ǎn
揠	扌 女	扌 匚 日 女	yà
握	扌 土	扌 尸 一 厶 土	wò
揣	扌 而	扌 山 而	chuǎi chuài chuāi
揩	扌 白	扌 比左 匕 白	kāi
揪	扌 火	扌 禾 火	jiū
揭	扌 乛	扌 日 勹 人 乛	jiē
揳	扌 大	扌 丰 刀 大	xiē
援	扌 又	扌 丿 ⺍ 一 𠂇 又	yuán
揶	扌 阝	扌 耳 阝	yé
揸	扌 一	扌 木 日 一	zhā
揼	扌 水	扌 石 水	bèng
揽	扌 见下	扌 丨 丨 丿 一 丶 冂 见下	lǎn
揾	扌 皿	扌 曰 皿	wèn
揿	扌 人	扌 钅 ⺈ 人	qìn
搀	扌 丶	扌 ⺈ 丨 乛 一 丿 乛 丶 丶	chān
搁	扌 口	扌 门 夂 口	gē gé
搂	扌 女	扌 米 女	lǒu lōu
搅	扌 见下	扌 ⺍ 冖 冂 见下	jiǎo
搊	扌 丿	扌 勹 乛 丨 丿 勹 乛 丨 丿	chōu
搋	扌 几	扌 丿 丿 虍 几	chuāi
搌	扌 ㄟ	扌 尸 艹 一 乛 丿 ㄟ	zhǎn
搏	扌 寸	扌 甫 寸	bó
搐	扌 田	扌 亠 幺 田	chù
搒	扌 方	扌 亠 丷 冖 方	bàng péng
搓	扌 工	扌 ⺶ 工	cuō
搔	扌 虫	扌 叉 虫	sāo
搛	扌 ㄟ	扌 丷 一 乛 一 一 丨 丨 丿 ㄟ	jiān
搜	扌 又	扌 丿 丨 一 乛 一 一 丨 又	sōu
搞	扌 口	扌 亠 口 冂 口	gǎo
搠	扌 月	扌 丷 一 乛 丨 丿 月	shuò
搡	扌 木	扌 又 又 又 木	sǎng
搣	扌 火	扌 戌 火	miè
搦	扌 冫	扌 弓 冫 弓 冫	nuò
搧	扌 习	扌 户 习 习	shān
搪	扌 口	扌 广 乛 一 一 丨 口	táng
搬	扌 又	扌 舟 几 又	bān
搭	扌 口	扌 艹 人 一 口	dā
搲	扌 瓜	扌 宀 八 瓜	wā wǎ wà
搴	宀 手	宀 一 一 丨 丨 一 八 手	qiān
携	扌 乃	扌 亻 亠 龶 乃	xié
搽	扌 朩	扌 艹 人 朩	chá
摁	扌 心	扌 囗 大 心	èn
摄	扌 又	扌 耳 又 又	shè
摅	扌 心	扌 虍 心	shū
摆	扌 厶	扌 罒 土 厶	bǎi
摇	扌 缶	扌 丿 ⺍ 缶	yáo
摈	扌 八	扌 宀 丘 八	bìn
摊	扌 龶	扌 又 亻 亠 龶	tān
摏	扌 臼	扌 寿上 ㄟ 臼	chōng
摒	扌 开	扌 尸 丷 开	bìng
摔	扌 十	扌 亠 幺 冫 丿 丶 十	shuāi
摘	扌 口	扌 亠 丷 冂 十 口	zhāi
摛	扌 丶	扌 亠 乂 凵 丨 乛 乛 丶	chī
摞	扌 小	扌 田 幺 小	luò
摧	扌 龶	扌 山 亻 亠 龶	cuī
摩	广 手	广 木 木 手	mó mā
摭	扌 灬	扌 广 廿 灬	zhí
摴	扌 亏	扌 雨 亏	chū
摸	扌 大	扌 艹 日 大	mō
摹	艹 手	艹 日 大 手	mó
摽	扌 小	扌 西 二 小	biào biāo
撂	扌 口	扌 田 夂 口	liào
撄	扌 女	扌 冂 人 冂 人 女	yīng
撅	扌 人	扌 厂 丷 一 乛 丨 丿 ⺈ 人	juē jué
撇	扌 攵	扌 丶 丿 丨 乛 丨 丿 丶 攵	piē piě
撑	扌 手	扌 ⺌ 冖 口 手	chēng
撒	扌 攵	扌 艹 一 月 攵	sā sǎ
撕	扌 斤	扌 其上 八 斤	sī
撖	扌 攵	扌 乛 耳 攵	hàn
撙	扌 寸	扌 丷 酉 寸	zǔn
撚	扌 灬	扌 丿 乛 丶 丶 犬 灬	niǎn
撞	扌 里	扌 立 里	zhuàng
撤	扌 攵	扌 亠 厶 月 攵	chè
撩	扌 小	扌 大 丶 丿 日 小	liāo liáo liǎo liào
撬	扌 毛	扌 毛 毛 毛	qiào
播	扌 田	扌 丿 米 田	bō
撮	扌 又	扌 日 耳 又	cuō zuǒ
撰	扌 八	扌 巳 巳 艹 一 八	zhuàn
撵	扌 车	扌 夫 夫 车	niǎn
撷	扌 人	扌 士 口 一 丿 冂 人	xié
撸	扌 日	扌 鱼 日	lū
撺	扌 串	扌 宀 八 串	cuān
撼	扌 心	扌 戌 口 心	hàn
擀	扌 干	扌 十 日 十 人 干	gǎn
擂	扌 田	扌 雨 田	léi lèi
擅	扌 一	扌 亠 囗 口 日 一	shàn
操	扌 木	扌 口 口 口 木	cāo
擎	艹 手	艹 勹 口 攵 手	qíng
擐	扌 𧘇	扌 罒 一 口 𧘇	huàn
擒	扌 丶	扌 人 亠 乂 凵 丨 乛 乛 丶	qín
擘	尸 手	尸 口 立 十 手	bò bāi
擝	扌 皿	扌 日 月 皿	mēng
擞	扌 攵	扌 米 女 攵	sòu sǒu
擢	扌 龶	扌 习 习 亻 亠 龶	zhuó
擤	扌 丨	扌 自 田 一 丿 丨	xǐng
擦	扌 小	扌 宀 丿 乛 丶 丶 二 小	cā
擿	扌 辶	扌 亠 丷 冂 十 口 辶	tī zhì
攀	木 手	木 乂 乂 木 大 手	pān
攉	扌 龶	扌 雨 亻 亠 龶	huō
攒	扌 人	扌 ⺧ 儿 ⺧ 儿 冂 人	zǎn cuán
攘	扌 𧘇	扌 亠 口 口 一 一 丨 丨 一 𧘇	rǎng
攞	扌 龶	扌 罒 纟 亻 亠 龶	luó
攥	扌 小	扌 ⺮ 目 大 幺 小	zuàn
攫	扌 又	扌 目 目 亻 亠 龶 又	jué
攮	扌 𧘇	扌 一 丨 乛 一 丨 冖 口 口 一 一 丨 丨 一 𧘇	nǎng
支	十 又	十 又	zhī
攰	十 力	十 又 力	guì
收	乛 攵	乛 丨 攵	shōu
攸	亻 攵	亻 丨 攵	yōu
改	己 攵	己 攵	gǎi
攻	工 攵	工 攵	gōng
攽	八 攵	八 刀 攵	bān
放	方 攵	方 攵	fàng
政	正 攵	正 攵	zhèng
故	十 攵	十 口 攵	gù
效	亠 攵	亠 八 乂 攵	xiào
敉	米 攵	米 攵	mǐ
敌	千 攵	千 口 攵	dí
敏	丿 攵	丿 一 母 攵	mǐn
救	求 攵	求 攵	jiù
敔	五 攵	五 口 攵	yǔ
敕	束 攵	束 攵	chì
敖	龶 攵	龶 乛 丿 攵	áo
教	耂 攵	耂 子 攵	jiào jiāo
敛	人 攵	人 一 ⺍ 一 攵	liǎn
敝	丶 攵	丶 丿 丨 乛 丨 丿 丶 攵	bì
敞	⺌ 攵	⺌ 冂 口 攵	chǎng
敢	乛 攵	乛 耳 攵	gǎn
散	艹 攵	艹 一 月 攵	sàn sǎn san
敦	亠 攵	亠 口 子 攵	dūn duì
敩	⺍ 攵	⺍ 冖 子 攵	xiào xué
敫	白 攵	白 方 攵	jiǎo
敬	艹 攵	艹 勹 口 攵	jìng
数	米 攵	米 女 攵	shù shǔ shuò
敲	亠 又	亠 口 冂 口 丨 一 又	qiāo
整	束 正	束 攵 正	zhěng
敷	甫 攵	甫 方 攵	fū
敹	丨 攵	丨 一 冖 丿 米 攵	liáo
文	亠 乂	亠 乂	wén
斋	文 而	文 而	zhāi
斌	文 止	文 一 弋 止	bīn
斐	非 文	非 文	fēi
斑	王 王	王 文 王	bān
斓	文 柬	文 门 柬	lán
斗	丶 十	丶 丶 十	dǒu dòu
料	米 十	米 丶 丶 十	liào
斛	⺈ 十	⺈ 用 丶 丶 十	hú
斜	人 十	人 余下 丶 丶 十	xié
斝	口 十	口 口 冖 丶 丶 十	jiǎ
斟	其上 十	其上 八 乛 丶 丶 十	zhēn
斠	一 十	一 一 丨 丨 一 冉 丶 丶 十	jiào
斡	十 十	十 日 十 人 丶 丶 十	wò guǎn
斢	艹 十	艹 一 由 八 丶 丶 十	tiǎo
斤	丿 丨	丿 丿 一 丨	jīn
斥	丿 丶	丿 丿 一 丨 丶	chì
斧	八 斤	八 乂 斤	fǔ
斩	车 斤	车 斤	zhǎn
斫	石 斤	石 斤	zhuó
断	米 斤	米 乛 斤	duàn
斯	其上 斤	其上 八 斤	sī
新	立 斤	立 朩 斤	xīn
斶	斤 虫	斤 罒 勹 虫	chù
方	丶 万	丶 万	fāng
於	方 丶	方 人 丶 丶	yū yú wū
施	方 也	方 丿 一 也	shī
旁	亠 方	亠 丷 冖 方	páng bàng
旃	方 丹	方 丿 一 丹	zhān
旄	方 毛	方 丿 一 毛	máo mào
旅	方 ㄟ	方 丿 一 丿 乛 丿 ㄟ	lǚ
旆	方 丨	方 丿 一 一 丨 乛 丨	pèi
旋	方 人	方 丿 一 乛 丨 一 人	xuán xuàn
旌	方 生	方 丿 一 生	jīng
旎	方 匕	方 丿 一 尸 匕	nǐ
族	方 矢	方 丿 一 矢	zú
旐	方 丶	方 丿 一 儿 冫 丿 丶	zhào
旒	方 乛	方 丿 一 亠 厶 丿 丨 乛	liú
旖	方 口	方 丿 一 大 丁 口	yǐ
旗	方 八	方 丿 一 其上 八	qí
旞	方 辶	方 丿 一 丷 豕 辶	suì
无	一 尢	一 尢	wú mó
旡	一 乛	一 乛 丿 乛	jì
既	即左 乛	即左 一 乛 丿 乛	jì
日	囗 一	囗 一	rì
旦	日 一	日 一	dàn
旧	丨 日	丨 日	jiù
旨	匕 日	匕 日	zhǐ
早	日 十	日 十	zǎo
旬	勹 日	勹 日	xún
旭	九 日	九 日	xù
旮	九 日	九 日	gā
旯	日 九	日 九	lá
旰	日 干	日 干	gàn
旱	日 干	日 干	hàn
旴	日 于	日 于	xù xū
旵	日 山	日 山	chǎn
时	日 寸	日 寸	shí
旷	日 广	日 广	kuàng
旸	日 丿	日 乛 丿 丿	yáng
旺	日 王	日 王	wàng
旻	日 文	日 文	mín
旿	日 午	日 午	wù wǔ
昀	日 冫	日 勹 冫	yún
昂	日 卩	日 丿 乛 卩	áng
昃	日 人	日 厂 人	zè
昄	日 又	日 丿 丿 又	bǎn
昆	日 匕	日 比左 匕	kūn
昇	日 升	日 升	shēng
昈	日 户	日 户	hù
昉	日 方	日 方	fǎng
昊	日 天	日 天	hào
昌	日 日	日 日	chāng
昍	日 日	日 日	xuān
明	日 月	日 月	míng
昏	氏 日	氏 日	hūn
昒	日 勿	日 勿	hū
易	日 勿	日 勿	yì
昔	艹 日	艹 一 日	xī
昕	日 斤	日 斤	xīn
昙	日 厶	日 二 厶	tán
昜	日 勿	日 一 勿	yáng
昝	夂 日	夂 卜 日	zǎn
星	日 生	日 生	xīng
映	日 央	日 央	yìng
昡	日 幺	日 亠 幺	xuàn
昣	日 丿	日 人 丿 丿 丿	zhěn
昤	日 龴	日 人 丶 龴	líng
春	寿上 日	寿上 ㄟ 日	chūn
昧	日 未	日 未	mèi
昨	日 乍	日 乍	zuó
昪	日 廾	日 厶 廾	biàn
昫	日 口	日 勹 口	xù
昭	日 口	日 刀 口	zhāo
是	日 人	日 一 丨 一 人	shì
昰	日 正	日 正	shì
昱	日 立	日 立	yù
昳	日 失	日 失	dié yì
昴	日 卩	日 丿 乛 丿 卩	mǎo
昵	日 匕	日 尸 匕	nì
昶	永 日	永 日	chǎng
昷	日 皿	日 皿	wēn
昺	日 丙	日 丙	bǐng
昼	尺 一	尺 日 一	zhòu
昽	日 龙	日 龙	lóng
显	日 业	日 业	xiǎn
晁	日 丶	日 儿 冫 丿 丶	cháo
晃	日 兀	日 ⺌ 兀	huǎng huàng
晅	日 一	日 一 日 一	xuān
晊	日 土	日 一 厶 土	zhì
晋	亚 日	亚 日	jìn
晌	日 口	日 丿 冂 口	shǎng
晏	日 女	日 宀 女	yàn
晐	日 人	日 亠 乛 丿 人	gāi
晒	日 西	日 西	shài
晓	日 兀	日 一 乛 丿 兀	xiǎo
晔	日 十	日 亻 匕 十	yè
晕	日 车	日 冖 车	yùn yūn
晖	日 车	日 冖 车	huī
晗	日 口	日 人 丶 乛 口	hán
晙	日 夂	日 厶 八 夂	jùn
晚	日 乛	日 ⺈ 丨 乛 一 丿 乛	wǎn
晞	日 巾	日 乂 𠂇 巾	xī
晟	日 成	日 成	shèng chéng
晡	日 甫	日 甫	bū
晢	扌 日	扌 斤 日	zhé
晤	日 口	日 五 口	wù
晦	日 母	日 丿 一 母	huì
晨	日 ㄟ	日 厂 二 乛 丿 ㄟ	chén
晪	日 八	日 丨 乛 一 丨 丨 一 八	tiǎn
晫	日 十	日 丨 一 日 十	zhuó
普	丷 日	丷 亚 日	pǔ
景	日 小	日 亠 口 小	jǐng yǐng
晰	日 斤	日 木 斤	xī
晱	日 火	日 火 火	shǎn
晴	日 月	日 龶 月	qíng
晶	日 日	日 日 日	jīng
晷	日 口	日 夂 卜 口	guǐ
晹	日 勿	日 日 勿	yì
智	矢 日	矢 口 日	zhì
晾	日 小	日 亠 口 小	liàng
暂	车 日	车 斤 日	zàn
暄	日 一	日 宀 一 日 一	xuān
暅	日 一	日 忄 一 日 一	gèng
暇	日 又	日 乛 一 丨 一 一 乛 一 又	xiá
暌	日 天	日 乛 丶 丿 丿 ㄟ 天	kuí
暑	日 日	日 耂 日	shǔ
暒	日 生	日 日 生	qíng
暕	日 柬	日 柬	jián
暖	日 又	日 丿 ⺍ 一 𠂇 又	nuǎn
暗	日 日	日 立 日	àn
暝	日 八	日 冖 日 亠 八	míng
暧	日 又	日 丿 ⺍ 冖 𠂇 又	ài
暨	即左 一	即左 一 乛 丿 乛 日 一	jì
暮	艹 日	艹 日 大 日	mù
暲	日 十	日 立 日 十	zhāng
暴	日 氺	日 艹 一 八 氺	bào pù
暵	日 ㄟ	日 廿 丨 乛 一 一 一 丿 ㄟ	hàn
暶	日 人	日 方 丿 一 乛 丨 一 人	xuán
暹	辶 龶	辶 日 亻 亠 龶	xiān
暾	日 攵	日 亠 口 子 攵	tūn
暿	日 口	日 士 口 丷 一 口	xī xǐ
曈	日 里	日 立 里	tóng
曌	日 工	日 月 宀 八 工	zhào
曙	日 日	日 罒 耂 日	shǔ
曛	日 灬	日 丿 一 丨 乛 丶 丿 一 丨 一 一 灬	xūn
曜	日 龶	日 习 习 亻 亠 龶	yào
曝	日 氺	日 日 艹 一 八 氺	pù bào
曦	日 丶	日 ⺷ 丿 一 丨 丿 丶 一 乛 乛 丿 丶	xī
曩	日 𧘇	日 亠 口 口 一 一 丨 丨 一 𧘇	nǎng
曰	囗 一	囗 一	yuē
曲	丨 一	丨 乛 一 丨 丨 一	qū qǔ
曳	丨 丿	丨 乛 一 一 乛 丿	yè
更	一 ㄟ	一 丨 乛 一 一 丿 ㄟ	gēng gèng
曷	日 乛	日 勹 人 乛	hé
曹	一 日	一 丨 乛 一 丨 丨 一 日	cáo
曼	日 又	日 罒 又	màn
曾	丷 日	丷 囗 ⺌ 日	zēng céng
替	夫 日	夫 夫 日	tì
最	日 又	日 耳 又	zuì
月	冂 一	冂 一 一	yuè
有	𠂇 月	𠂇 月	yǒu yòu
朊	月 儿	月 二 儿	ruǎn
朋	月 月	月 月	péng
服	月 又	月 卩 又	fú fù
朏	月 出	月 出	fěi
朐	月 口	月 勹 口	qú
朒	月 人	月 内 人	gǎ
朓	月 丶	月 儿 冫 丿 丶	tiǎo
朔	丷 月	丷 一 乛 丨 丿 月	shuò
朕	月 天	月 丷 天	zhèn
朗	丶 月	丶 即左 月	lǎng
望	亡 王	亡 月 王	wàng
朝	十 月	十 日 十 月	zhāo cháo
期	其上 月	其上 八 月	qī jī
朤	月 月	月 月 月 月	lǎng
朦	月 ㄟ	月 艹 冖 二 丿 乛 丿 丿 丿 ㄟ	méng
木	十 ㄟ	十 丿 ㄟ	mù
未	一 ㄟ	一 一 丨 丿 ㄟ	wèi
末	一 ㄟ	一 一 丨 丿 ㄟ	mò
本	一 一	一 丨 丿 ㄟ 一	běn
札	木 乛	木 乛	zhá
术	木 丶	木 丶	shù shú zhú
朱	丿 未	丿 未	zhū
朳	木 八	木 八	bā
朴	木 卜	木 卜	pǔ pò pō piáo
朵	几 木	几 木	duǒ
朸	木 力	木 力	lì
机	木 几	木 几	jī
朽	木 乛	木 一 乛	xiǔ
杀	乂 朩	乂 朩	shā
杂	九 朩	九 朩	zá
权	木 又	木 又	quán
杄	木 千	木 千	qiān
杆	木 干	木 干	gān gǎn
杈	木 叉	木 叉	chā chà
杉	木 丿	木 丿 丿 丿	shān shā
杌	木 兀	木 兀	wù
李	木 子	木 子	lǐ
杏	木 口	木 口	xìng
材	木 才	木 才	cái
村	木 寸	木 寸	cūn
杓	木 勺	木 勺	sháo biāo
杕	木 大	木 大	dì duò
杖	木 丈	木 丈	zhàng
杙	木 弋	木 弋	yì
杜	木 土	木 土	dù
杞	木 己	木 己	qǐ
束	一 ㄟ	一 丨 乛 一 丨 丿 ㄟ	shù
杠	木 工	木 工	gàng gāng
条	夂 朩	夂 朩	tiáo tiāo
来	一 ㄟ	一 丶 丿 一 丨 丿 ㄟ	lái
杧	木 亡	木 亡	máng
杨	木 丿	木 乛 丿 丿	yáng
杩	木 马	木 马	mà mǎ
杪	木 少	木 少	miǎo
杭	木 几	木 亠 几	háng
杯	木 不	木 不	bēi
杰	木 灬	木 灬	jié
杲	日 木	日 木	gǎo
杳	木 日	木 日	yǎo
杵	木 午	木 午	chǔ
杷	木 巴	木 巴	pá
杺	木 心	木 心	xīn
杻	木 丑	木 丑	niǔ chǒu
杼	木 丨	木 龴 乛 丨	zhù
松	木 厶	木 八 厶	sōng
板	木 又	木 丿 丿 又	bǎn
极	木 及	木 及	jí
构	木 厶	木 勹 厶	gòu
枅	木 开	木 开	jī
枇	木 匕	木 比左 匕	pí
枉	木 王	木 王	wǎng
枋	木 方	木 方	fāng bìng
枍	木 乛	木 八 一 乛	yì
析	木 斤	木 斤	xī
枔	目 乛	木 人 丶 乛	xín
枕	木 乛	木 丶 乛 丿 乛	zhěn
林	木 木	木 木	lín
枘	木 内	木 内	ruì
枚	木 攵	木 攵	méi
果	丨 ㄟ	丨 乛 一 一 一 丨 丿 ㄟ	guǒ
枝	木 又	木 十 又	zhī qí
枞	木 人	木 人 人	cōng zōng
枢	木 乂	木 匚 乂	shū
枣	一 丶	一 丨 乛 丨 丿 ㄟ 丶 丶	zǎo
枥	木 力	木 厂 力	lì
枧	木 见下	木 冂 见下	jiǎn
枨	木 长	木 长	chéng
枪	木 乛	木 人 乛 乛	qiāng
枫	木 乂	木 几 乂	fēng
枭	丿 木	丿 乛 丶 乛 木	xiāo
枯	木 口	木 十 口	kū
枰	木 平	木 平	píng
枲	厶 木	厶 口 木	xǐ
枳	木 八	木 口 八	zhī
枵	木 乛	木 口 一 乛	xiāo
架	力 木	力 口 木	jià
枷	木 口	木 力 口	jiā
枸	木 口	木 勹 口	jǔ gǒu gōu
枹	木 巳	木 勹 巳	bāo fú
枼	世 木	世 木	yè
柁	木 匕	木 宀 匕	tuó duò
柃	木 龴	木 人 丶 龴	líng
柄	木 丙	木 丙	bǐng
柈	木 半	木 半	bàn
柊	木 丶	木 夂 丶 丶	zhōng
柏	木 白	木 白	bǎi bó bò
某	甘 木	甘 木	mǒu
柑	木 甘	木 甘	gān
柒	氵 木	氵 七 木	qī
染	氵 木	氵 九 木	rǎn
柔	龴 木	龴 乛 丨 丿 木	róu
柖	木 口	木 刀 口	sháo shào
柘	木 石	木 石	zhè
柙	木 甲	木 甲	xiá
柚	木 由	木 由	yòu yóu
柜	木 巨	木 巨	guì jǔ
柝	木 斥	木 斥	tuò
柞	木 乍	木 乍	zuò zhà
柠	木 丁	木 宀 丁	níng
柢	木 氐	木 氐	dǐ
查	木 一	木 日 一	chá zhā
柩	木 久	木 匚 久	jiù
柬	一 ㄟ	一 丨 乛 丶 丿 一 丨 丿 ㄟ	jiǎn
柯	木 口	木 丁 口	kē
柰	木 小	木 二 小	nài
柱	木 主	木 主	zhù
柳	木 卩	木 丿 乛 丿 卩	liǔ
柴	止 木	止 匕 木	chái
柷	木 儿	木 口 儿	zhù chù
柽	木 土	木 又 土	chēng
柿	木 巾	木 亠 巾	shì
栀	木 乛	木 丿 丿 一 乛 乛	zhī
栅	木 册	木 册	zhà shān
标	木 小	木 二 小	biāo
栈	木 戋	木 戋	zhàn
栉	木 卩	木 艹 卩	zhì
栊	木 龙	木 龙	lóng
栋	木 东	木 东	dòng
栌	木 尸	木 丨 一 尸	lú
栎	木 乐	木 乐	lì yuè
栏	木 三	木 丷 三	lán
栐	木 永	木 永	yǒng
树	木 寸	木 又 寸	shù
栒	木 日	木 勹 日	xún
栓	木 王	木 人 王	shuān
栖	木 西	木 西	qī xī
栗	西 木	西 木	lì
栝	木 口	木 千 口	guā kuò
栟	木 开	木 丷 开	bēn bīng
校	木 乂	木 亠 八 乂	xiào jiào
栩	木 习	木 习 习	xǔ
株	木 朱	木 朱	zhū
栲	木 乛	木 耂 一 乛	kǎo
栳	木 匕	木 耂 匕	lǎo
栴	木 丹	木 丿 一 丹	zhān
样	木 羊	木 羊	yàng
核	木 人	木 亠 乛 丿 人	hé hú
根	木 艮	木 艮	gēn
栻	木 工	木 弋 工	shì
格	木 口	木 夂 口	gé
栽	十 木	十 戈 木	zāi
栾	亠 木	亠 丨 丨 丿 丶 木	luán
桀	夕 木	夕 一 乛 丨 木	jié
桁	木 亍	木 彳 亍	héng
桂	木 土	木 土 土	guì
桃	木 丶	木 儿 冫 丿 丶	táo
桄	木 兀	木 ⺌ 兀	guāng guàng
桅	木 乛	木 ⺈ 厂 乛 乛	wéi
框	木 王	木 匚 王	kuàng
案	宀 木	宀 女 木	àn
桉	木 女	木 宀 女	ān
桊	龹 木	龹 木	juàn
桌	丨 木	丨 一 日 木	zhuō
桎	木 土	木 一 厶 土	zhì
桐	木 口	木 冂 一 口	tóng
桑	又 木	又 又 又 木	sāng
桓	木 一	木 一 日 一	huán
桔	木 口	木 士 口	jié jú
桕	木 臼	木 臼	jiù
桜	木 女	木 ⺍ 女	ying
桠	木 亚	木 亚	yā
桡	木 兀	木 一 乛 丿 兀	ráo
桢	木 人	木 丨 一 冂 人	zhēn
档	木 彐	木 ⺌ 彐	dàng
桤	木 己	木 山 己	qī
桥	木 丨	木 夭 丿 丨	qiáo
桦	木 十	木 亻 匕 十	huà
桧	木 厶	木 人 二 厶	guì huì
桨	冫 木	冫 丨 夕 木	jiǎng
桩	木 土	木 广 土	zhuāng
桫	木 少	木 氵 少	suō
桯	木 王	木 口 王	tīng
桲	木 子	木 十 冖 子	po
桴	木 子	木 丿 ⺍ 子	fú
桶	木 用	木 龴 用	tǒng
桷	木 用	木 ⺈ 用	jué
桹	木 良	木 良	láng
梁	氵 木	氵 刀 丿 丶 木	liáng
梃	木 廴	木 壬 廴	tǐng tìng
梅	木 母	木 丿 一 母	méi
梆	木 阝	木 寿上 阝	bāng
梌	木 余下	木 人 余下	tú
梏	木 口	木 ⺧ 口	gù
梓	木 十	木 立 十	zǐ
梗	木 更	木 更	gěng
梠	木 口	木 口 口	lǚ
梢	木 月	木 ⺌ 月	shāo sào
梣	木 乛	木 山 人 丶 乛	chén
梦	木 夕	木 木 夕	mèng
梧	木 口	木 五 口	wú
梨	禾 木	禾 刂 木	lí
梭	木 夂	木 厶 八 夂	suō
梯	木 丿	木 丷 乛 一 乛 丨 丿	tī
械	木 廾	木 戈 廾	xiè
梳	木 乛	木 亠 厶 丿 丨 乛	shū
梴	木 廴	木 丿 丨 一 乛 廴	chān
梵	木 凡	木 木 凡	fàn
梼	木 寸	木 寿上 寸	táo
梽	木 心	木 士 心	zhì
梾	木 来	木 来	lái
梿	木 辶	木 车 辶	lián liǎn
检	木 一	木 人 一 ⺍ 一	jiǎn
棁	木 儿	木 丷 口 儿	zhuō
棂	木 火	木 彐 火	líng
棉	木 巾	木 白 巾	mián
棋	木 八	木 其上 八	qí
棍	木 匕	木 日 比左 匕	gùn hùn
棐	非 木	非 木	fěi
棒	木 丨	木 寿上 ㄟ 一 一 丨	bàng
棓	木 口	木 立 口	bàng bèi
棕	木 小	木 宀 二 小	zōng
棘	一 ㄟ	一 丨 乛 丨 丿 ㄟ 一 丨 乛 丨 丿 ㄟ	jí
棚	木 月	木 月 月	péng
棠	⺌ 木	⺌ 冖 口 木	táng
棣	木 ㄟ	木 乛 一 一 丨 冫 丿 ㄟ	dì
棤	木 日	木 艹 一 日	què
棨	户 木	户 攵 木	qǐ
棪	木 火	木 火 火	yǎn yàn
棫	木 一	木 戈 口 一	yù
棬	木 乛	木 龹 乛 乛	quān
森	木 木	木 木 木	sēn
棯	木 心	木 人 丶 乛 心	shěn
棰	木 垂	木 垂	chuí
棱	木 夂	木 土 八 夂	léng lēng líng
棵	木 果	木 果	kē
棹	木 十	木 丨 一 日 十	zhào
棺	木 㠯	木 宀 㠯	guān
棻	艹 木	艹 八 刀 木	fēn
棼	木 刀	木 木 八 刀	fén
棽	木 乛	木 木 人 丶 乛	shēn chēn
椀	木 乛	木 宀 夕 乛 乛	wǎn
椁	木 子	木 亠 口 子	guǒ
椅	木 口	木 大 丁 口	yǐ yī
椆	木 口	木 冂 土 口	chóu
椋	木 小	木 亠 口 小	liáng
植	木 具上	木 十 具上	zhí
椎	木 龶	木 亻 亠 龶	zhuī chuí
椐	木 口	木 尸 十 口	jū
椑	木 十	木 丿 丨 乛 一 一 丿 十	bēi
椒	木 又	木 上 小 又	jiāo
椓	木 ㄟ	木 一 丿 乛 丿 丿 丶 丿 ㄟ	zhuó
椟	木 大	木 十 乛 丶 丶 大	dú
椠	车 木	车 斤 木	qiàn
椤	木 夕	木 罒 夕	luó
椪	木 亚	木 丷 亚	pèng
椭	木 月	木 阝 𠂇 月	tuǒ
椮	木 丿	木 厶 大 丿 丿 丿	sēn
椰	木 阝	木 耳 阝	yē
椴	木 又	木 丿 丨 一 一 一 几 又	duàn
椸	木 也	木 方 丿 一 也	yí
椹	木 乛	木 其上 八 乛	zhēn shèn
椽	木 豕	木 乛 乛 豕	chuán
椿	木 日	木 寿上 ㄟ 日	chūn
楂	木 一	木 木 日 一	zhā chá
楒	木 心	木 田 心	sī
楔	木 大	木 丰 刀 大	xiē
楗	木 廴	木 聿 廴	jiàn
楙	木 木	木 龴 乛 丨 丿 木	máo
楚	木 人	木 木 乛 丨 一 人	chǔ
楝	木 柬	木 柬	liàn
楞	木 方	木 罒 方	léng
楠	木 干	木 十 冂 丷 干	nán
楢	木 酉	木 丷 酉	yóu yǒu
楣	木 目	木 乛 丨 一 丿 目	méi
楦	木 一	木 宀 一 日 一	xuàn
楩	木 更	木 亻 更	pián
楪	木 木	木 世 木	dié
楫	木 耳	木 口 耳	jí
楮	木 日	木 耂 日	chǔ
楯	木 目	木 丿 丿 十 目	shǔn dùn
楷	木 白	木 比左 匕 白	kǎi jiē
楸	木 火	木 禾 火	qiū
楹	木 皿	木 乃 又 皿	yíng
楼	木 女	木 米 女	lóu
榀	木 口	木 口 口 口	pǐn
概	木 乛	木 即左 一 乛 丿 乛	gài
榃	木 田	木 木 田	tán
榄	木 见下	木 丨 丨 丿 一 丶 冂 见下	lǎn
榅	木 皿	木 日 皿	wēn yùn
榆	木 刂	木 人 一 月 刂	yú
榇	木 朩	木 立 朩	chèn
榈	木 口	木 门 口 口	lǘ
榉	木 丨	木 ⺍ 一 八 一 一 丨	jǔ
榍	木 月	木 尸 ⺌ 月	xiè
榑	木 寸	木 甫 寸	fú
榔	木 阝	木 丶 即左 阝	láng
榕	木 口	木 宀 八 人 口	róng
榖	士 又	士 冖 一 木 几 又	gǔ
榛	木 禾	木 寿上 ㄟ 禾	zhēn
榜	木 方	木 亠 丷 冖 方	bǎng bàng bēng pǎng
榧	木 非	木 匚 非	fěi
榨	木 乍	木 宀 八 乍	zhà
榫	木 十	木 亻 亠 龶 十	sǔn
榭	木 寸	木 身 寸	xiè
榰	木 日	木 耂 匕 日	zhī
榱	木 𧘇	木 亠 丨 乛 一 一 𧘇	cuī
榴	木 田	木 丿 乛 丶 刀 田	liú
榷	木 龶	木 丶 乛 丿 丨 亠 龶	què
榻	木 习	木 日 习 习	tà
槁	木 口	木 亠 口 冂 口	gǎo
槃	舟 木	舟 几 又 木	pán
槅	木 丨	木 一 口 凵 丷 一 丨	gé
槊	丷 木	丷 一 乛 丨 丿 月 木	shuò
槌	木 辶	木 丿 㠯 辶	chuí
槎	木 工	木 ⺶ 工	chá
槐	木 鬼	木 鬼	huái
槑	口 木	口 木 口 木	méi
槔	木 十	木 白 大 十	gāo
槚	木 人	木 西 冂 人	jiǎ
槛	木 皿	木 丨 丨 丿 一 丶 皿	jiàn kǎn
槜	木 乃	木 亻 亠 龶 乃	zuì
槟	木 八	木 宀 丘 八	bīn bīng
槠	木 日	木 讠 耂 日	zhū
槭	木 小	木 戊 上 小	qì
槱	木 灬	木 酉 灬	yǒu
槲	木 十	木 ⺈ 用 丶 丶 十	hú
槽	木 日	木 一 丨 乛 一 丨 丨 一 日	cáo
槿	木 一	木 廿 丨 乛 一 一 一 丨 一	jǐn
樊	木 大	木 乂 乂 木 大	fán
樗	木 亏	木 雨 亏	chū
樘	木 土	木 ⺌ 冖 口 土	táng chēng
樟	木 十	木 立 日 十	zhāng
模	木 大	木 艹 日 大	mó mú
樨	木 牛	木 尸 氺 牛	xī
横	木 八	木 艹 一 由 八	héng hèng
樯	木 口	木 十 丶 丿 一 囗 口	qiáng
樱	木 女	木 冂 人 冂 人 女	yīng
樵	木 灬	木 亻 亠 龶 灬	qiáo
樽	木 寸	木 丷 酉 寸	zūn
樾	木 乛	木 土 丨 一 人 戈 乛	yuè
橄	木 攵	木 乛 耳 攵	gǎn
橇	木 毛	木 毛 毛 毛	qiāo
橐	一 木	一 丨 乛 一 丨 冖 石 木	tuó
橑	木 小	木 大 丶 丿 日 小	liáo
橘	木 口	木 龴 乛 丨 丿 冂 八 口	jú
橙	木 一	木 乛 丶 丿 丿 ㄟ 一 口 丷 一	chéng
橛	木 人	木 厂 丷 一 乛 丨 丿 ⺈ 人	jué
橞	木 心	木 一 丨 乛 一 一 丨 一 丶 心	huì
橡	木 ㄟ	木 ⺈ 丨 乛 一 丿 乛 丿 丿 丿 ㄟ	xiàng
橥	犭 木	犭 耂 日 木	zhū
橦	木 里	木 立 里	tóng
橱	木 寸	木 厂 一 口 丷 一 寸	chú
橹	木 日	木 鱼 日	lǔ
橼	木 豕	木 纟 乛 乛 豕	yuán
檀	木 一	木 亠 囗 口 日 一	tán
檄	木 攵	木 白 方 攵	xí
檎	木 丶	木 人 亠 乂 凵 丨 乛 乛 丶	qín
檐	木 口	木 ⺈ 厂 八 亠 一 一 口	yán
檑	木 田	木 雨 田	léi
檗	尸 木	尸 口 立 十 木	bò
檞	木 牛	木 ⺈ 用 刀 牛	jiě
檠	艹 木	艹 勹 口 攵 木	qíng
檩	木 小	木 亠 囗 口 二 小	lǐn
檫	木 小	木 宀 丿 乛 丶 丶 二 小	chá
檬	木 ㄟ	木 艹 冖 二 丿 乛 丿 丿 丿 ㄟ	méng
櫆	木 十	木 鬼 丶 丶 十	kuí
欂	木 寸	木 艹 氵 甫 寸	bó
欋	木 龶	木 目 目 亻 亠 龶	qú
欠	⺈ 人	⺈ 人	qiàn qian
次	冫 人	冫 ⺈ 人	cì
欢	又 人	又 ⺈ 人	huān
欣	斤 人	斤 ⺈ 人	xīn
欤	与 人	与 ⺈ 人	yú
欧	匚 人	匚 乂 ⺈ 人	ōu
欲	八 人	八 人 口 ⺈ 人	yù
欸	厶 人	厶 矢 ⺈ 人	èi èi ěi èi ǎi
欹	大 人	大 丁 口 ⺈ 人	qī
欺	其上 人	其上 八 ⺈ 人	qī
欻	火 人	火 火 ⺈ 人	xū chuā
款	士 人	士 二 小 ⺈ 人	kuǎn
歃	千 人	千 臼 ⺈ 人	shà
歅	西 人	西 土 ⺈ 人	yīn
歆	立 人	立 日 ⺈ 人	xīn
歇	日 人	日 勹 人 乛 ⺈ 人	xiē
歉	丷 人	丷 一 乛 一 一 丨 丨 丿 ㄟ ⺈ 人	qiàn
歌	丁 人	丁 口 丁 口 ⺈ 人	gē
歙	人 人	人 一 口 习 习 ⺈ 人	xī shè
止	丨 一	丨 一 丨 一	zhǐ
正	一 止	一 止	zhèng zhēng
此	止 匕	止 匕	cǐ
步	止 丿	止 丨 丿 丿	bù
武	一 止	一 弋 止	wǔ
歧	止 又	止 十 又	qí
歪	不 正	不 正	wāi
歹	一 夕	一 夕	dǎi
死	歹 匕	歹 匕	sǐ
歼	歹 千	歹 千	jiān
殁	歹 又	歹 几 又	mò
殂	歹 且	歹 且	cú
殃	歹 央	歹 央	yāng
殄	歹 丿	歹 人 丿 丿 丿	tiǎn
殆	歹 口	歹 厶 口	dài
殇	歹 丿	歹 丿 一 乛 丿 丿	shāng
殉	歹 日	歹 勹 日	xùn
殊	歹 朱	歹 朱	shū
残	歹 戋	歹 戋	cán
殍	歹 子	歹 丿 ⺍ 子	piǎo
殒	歹 人	歹 口 冂 人	yǔn
殓	歹 一	歹 人 一 ⺍ 一	liàn
殖	歹 具上	歹 十 具上	zhí shi
殚	歹 丨	歹 丷 丨 乛 一 一 一 丨	dān
殛	歹 一	歹 了 口 又 一	jí
殡	歹 八	歹 宀 丘 八	bìn
殣	歹 一	歹 廿 丨 乛 一 一 一 丨 一	jìn
殪	歹 一	歹 士 冖 一 口 丷 一	yì
殳	几 又	几 又	shū
殴	匚 又	匚 乂 几 又	ōu
段	丿 又	丿 丨 一 一 一 几 又	duàn
殷	丿 又	丿 丿 彐 乛 几 又	yīn yān yǐn
殿	尸 又	尸 艹 一 八 几 又	diàn
毁	臼 又	臼 工 几 又	huǐ
毂	士 又	士 冖 车 几 又	gǔ
毅	立 又	立 丿 乛 丿 丿 丿 丶 几 又	yì
毋	乛 一	乛 乛 丿 一	wú
毌	乛 一	乛 乛 丨 一	guàn
母	乛 丶	乛 乛 丶 一 丶	mǔ
每	丿 母	丿 一 母	měi
毐	士 毋	士 毋	ǎi
毑	母 也	母 也	jiě
毒	龶 母	龶 母	dú dài
毓	丿 乛	丿 一 母 亠 厶 丿 丨 乛	yù
比	比左 匕	比左 匕	bǐ
毕	比左 十	比左 匕 十	bì
毖	比左 必	比左 匕 必	bì
毗	田 匕	田 比左 匕	pí
毙	比左 匕	比左 匕 歹 匕	bì
毛	丿 乛	丿 一 一 乛	máo
毡	毛 口	毛 丨 一 口	zhān
毪	毛 牛	毛 厶 牛	mú
毫	亠 毛	亠 口 冖 毛	háo
毬	毛 求	毛 求	qiú
毯	毛 火	毛 火 火	tǎn
毰	毛 口	毛 立 口	péi
毳	毛 毛	毛 毛 毛	cuì
毵	厶 毛	厶 大 丿 丿 丿 毛	sān
毸	毛 心	毛 田 心	sāi
毹	人 毛	人 一 月 刂 毛	shū
毽	毛 廴	毛 聿 廴	jiàn
氅	⺌ 毛	⺌ 冂 口 攵 毛	chǎng
氆	毛 日	毛 丷 亚 日	pǔ
氇	毛 日	毛 鱼 日	lǔ
氍	目 毛	目 目 亻 亠 龶 毛	qú
氏	丿 乛	丿 乛 一 乛	shì zhī
氐	氏 丶	氏 丶	dī dǐ
民	乛 乛	乛 一 乛 一 乛	mín
氓	亡 民	亡 民	méng máng
气	丿 乛	丿 一 一 乛	qì
氕	气 丿	气 丿	piē
氖	气 乃	气 乃	nǎi
氘	气 丨	气 丿 丨	dāo
氙	气 山	气 山	xiān
氚	气 川	气 川	chuān
氛	气 刀	气 八 刀	fēn
氟	气 弗	气 弗	fú
氡	气 丶	气 夂 丶 丶	dōng
氢	气 工	气 乛 丶 工	qīng
氤	气 大	气 囗 大	yīn
氦	气 人	气 亠 乛 丿 人	hài
氧	气 羊	气 羊	yǎng
氨	气 女	气 宀 女	ān
氩	气 亚	气 亚	yà
氪	气 儿	气 十 口 儿	kè
氮	气 火	气 火 火	dàn
氯	气 氺	气 彐 氺	lǜ
氰	气 月	气 龶 月	qíng
氲	气 皿	气 日 皿	yūn
水	丨 ㄟ	丨 乛 丿 ㄟ	shuǐ
氶	了 乀	了 乛 丿 乀	chéng zhèng
永	丶 ㄟ	丶 乛 乛 丿 ㄟ	yǒng
氼	水 人	水 人	nì
氽	人 水	人 水	tǔn
氾	氵 乛	氵 乛 乛	fàn
氿	氵 九	氵 九	guǐ jiǔ
汀	氵 丁	氵 丁	tīng
汁	氵 十	氵 十	zhī
求	一 丶	一 丨 冫 丿 ㄟ 丶	qiú
汆	入 水	入 水	cuān
汇	氵 匚	氵 匚	huì
汈	氵 刁	氵 刁	diāo
汉	氵 又	氵 又	hàn
汊	氵 叉	氵 叉	chà
汋	氵 勺	氵 勺	zhuó
汐	氵 夕	氵 夕	xī
汔	氵 乞	氵 乞	qì
汕	氵 山	氵 山	shàn
汗	氵 干	氵 干	hàn hán
汛	氵 十	氵 乛 十	xùn
汜	氵 巳	氵 巳	sì
汝	氵 女	氵 女	rǔ
汞	工 水	工 水	gǒng
江	氵 工	氵 工	jiāng
池	氵 也	氵 也	chí
污	氵 亏	氵 亏	wū
汤	氵 丿	氵 乛 丿 丿	tāng shāng
汧	氵 开	氵 开	qiān
汨	氵 日	氵 日	mì
汩	氵 曰	氵 曰	gǔ
汪	氵 王	氵 王	wāng
汫	氵 井	氵 井	jǐng
汭	氵 内	氵 内	ruì
汰	氵 太	氵 太	tài
汲	氵 及	氵 及	jí
汴	氵 卞	氵 卞	biàn
汶	氵 文	氵 文	wèn
汹	氵 凵	氵 乂 凵	xiōng
汽	氵 气	氵 气	qì
汾	氵 刀	氵 八 刀	fén
沁	氵 心	氵 心	qìn
沂	氵 斤	氵 斤	yí
沃	氵 夭	氵 夭	wò
沄	氵 厶	氵 二 厶	yún
沅	氵 儿	氵 二 儿	yuán
沆	氵 几	氵 亠 几	hàng
沇	氵 儿	氵 厶 儿	yǎn
沈	氵 乛	氵 丶 乛 丿 乛	shěn chén
沉	氵 几	氵 冖 几	chén
沌	氵 屯	氵 屯	dùn
沏	氵 刀	氵 七 刀	qī
沐	氵 木	氵 木	mù
沓	水 日	水 日	tà dá ta
沔	氵 丏	氵 丏	miǎn
沘	氵 匕	氵 比左 匕	bǐ
沙	氵 少	氵 少	shā shà
沚	氵 止	氵 止	zhǐ
沛	氵 丨	氵 一 丨 乛 丨	pèi
沟	氵 厶	氵 勹 厶	gōu
没	氵 又	氵 几 又	méi mò
沢	氵 尺	氵 尺	zé
沣	氵 丰	氵 丰	fēng
沤	氵 乂	氵 匚 乂	òu ōu
沥	氵 力	氵 厂 力	lì
沦	氵 匕	氵 人 匕	lún
沧	氵 乛	氵 人 乛 乛	cāng
沨	氵 乂	氵 几 乂	fēng
沩	氵 为	氵 为	wéi
沪	氵 户	氵 户	hù
沫	氵 末	氵 末	mò
沭	氵 术	氵 术	shù
沮	氵 且	氵 且	jǔ jù
沱	氵 匕	氵 宀 匕	tuó
河	氵 口	氵 丁 口	hé
沵	氵 小	氵 ⺈ 小	mǐ lì
沸	氵 弗	氵 弗	fèi
油	氵 由	氵 由	yóu
沺	氵 田	氵 田	tián
治	氵 口	氵 厶 口	zhì
沼	氵 口	氵 刀 口	zhǎo
沽	氵 口	氵 十 口	gū
沾	氵 口	氵 丨 一 口	zhān
沿	氵 口	氵 几 口	yán
泂	氵 口	氵 冂 口	jiǒng
泃	氵 口	氵 勹 口	jū
泄	氵 世	氵 世	xiè yì
泅	氵 人	氵 囗 人	qiú
泇	氵 口	氵 力 口	jiā
泉	白 水	白 水	quán
泊	氵 白	氵 白	bó pō
泌	氵 必	氵 必	mì bì
泐	氵 力	氵 阝 力	lè
泓	氵 厶	氵 弓 厶	hóng
泔	氵 甘	氵 甘	gān
法	氵 厶	氵 土 厶	fǎ
泖	氵 卩	氵 丿 乛 丿 卩	mǎo
泗	氵 儿	氵 囗 儿	sì
泙	氵 平	氵 平	píng
泚	氵 匕	氵 止 匕	cǐ
泛	氵 乏	氵 乏	fàn
泜	氵 氐	氵 氐	zhī
泞	氵 丁	氵 宀 丁	nìng
泠	氵 龴	氵 人 丶 龴	líng
泡	氵 巳	氵 勹 巳	pào pāo
波	氵 又	氵 乛 丿 丨 又	bō
泣	氵 立	氵 立	qì
泥	氵 匕	氵 尸 匕	ní nì
注	氵 主	氵 主	zhù
泪	氵 目	氵 目	lèi
泫	氵 幺	氵 亠 幺	xuàn
泮	氵 半	氵 半	pàn
泯	氵 民	氵 民	mǐn
泰	寿上 氺	寿上 ㄟ 氺	tài
泱	氵 央	氵 央	yāng
泳	氵 永	氵 永	yǒng
泵	石 水	石 水	bèng
泷	氵 龙	氵 龙	lóng shuāng
泸	氵 尸	氵 丨 一 尸	lú
泺	氵 乐	氵 乐	luò pō
泻	氵 与	氵 冖 与	xiè
泼	氵 丶	氵 乛 丿 又 丶	pō
泽	氵 丨	氵 又 一 一 丨	zé shì
泾	氵 工	氵 乛 丶 工	jīng
洁	氵 口	氵 士 口	jié
洄	氵 口	氵 囗 口	huí
洇	氵 大	氵 囗 大	yīn
洈	氵 乛	氵 ⺈ 厂 乛 乛	wéi
洋	氵 羊	氵 羊	yáng
洌	氵 刂	氵 歹 刂	liè
洎	氵 自	氵 自	jì
洑	氵 犬	氵 亻 犬	fú fù
洒	氵 西	氵 西	sǎ xǐ
洓	氵 ㄟ	氵 一 丨 乛 丨 丿 ㄟ	qì
洗	氵 儿	氵 ⺧ 儿	xǐ xiǎn
洘	氵 乛	氵 耂 一 乛	kǎo kào
洙	氵 朱	氵 朱	zhū
洚	氵 丨	氵 夂 一 乛 丨	jiàng
洛	氵 口	氵 夂 口	luò
洞	氵 口	氵 冂 一 口	dòng
洢	氵 尹	氵 亻 尹	yī
洣	氵 米	氵 米	mǐ
津	氵 聿	氵 聿	jīn
洧	氵 月	氵 𠂇 月	wěi
洨	氵 乂	氵 亠 八 乂	xiáo
洪	氵 八	氵 艹 一 八	hóng
洫	氵 血	氵 血	xù
洭	氵 王	氵 匚 王	kuāng
洮	氵 丶	氵 儿 冫 丿 丶	táo
洱	氵 耳	氵 耳	ěr
洲	氵 州	氵 州	zhōu
洳	氵 口	氵 女 口	rù
洴	氵 开	氵 丷 开	píng
洵	氵 日	氵 勹 日	xún
洸	氵 兀	氵 ⺌ 兀	guāng
洹	氵 一	氵 一 日 一	huán
洺	氵 口	氵 夕 口	míng
活	氵 口	氵 千 口	huó
洼	氵 土	氵 土 土	wā
洽	氵 口	氵 人 一 口	qià
派	氵 ㄟ	氵 丿 丿 丿 乛 丿 ㄟ	pài
洿	氵 亏	氵 大 亏	wū
流	氵 乛	氵 亠 厶 丿 丨 乛	liú
浃	氵 夹	氵 夹	jiā
浅	氵 戋	氵 戋	qiǎn jiān
浆	冫 水	冫 丨 夕 水	jiāng jiàng
浇	氵 兀	氵 一 乛 丿 兀	jiāo
浈	氵 人	氵 丨 一 冂 人	zhēn
浉	氵 巾	氵 丨 丿 一 巾	shī
浊	氵 虫	氵 虫	zhuó
测	氵 刂	氵 冂 人 刂	cè
浍	氵 厶	氵 人 二 厶	kuài huì
济	氵 丨	氵 文 丿 丨	jì jǐ
浏	氵 刂	氵 文 刂	liú
浐	氵 产	氵 产	chǎn
浑	氵 车	氵 冖 车	hún
浒	氵 午	氵 讠 午	hǔ xǔ
浓	氵 农	氵 农	nóng
浔	氵 寸	氵 彐 寸	xún
浕	氵 丶	氵 尺 丶 丶	jìn
浙	氵 斤	氵 扌 斤	zhè
浚	氵 夂	氵 厶 八 夂	jùn xùn
浛	氵 口	氵 人 丶 乛 口	hán
浜	氵 八	氵 丘 八	bāng
浞	氵 人	氵 口 丨 一 人	zhuó
浟	氵 攵	氵 亻 丨 攵	yōu
浠	氵 巾	氵 乂 𠂇 巾	xī
浡	氵 子	氵 十 冖 子	bó
浣	氵 儿	氵 宀 二 儿	huàn
浥	氵 巴	氵 口 巴	yì
浦	氵 甫	氵 甫	pǔ
浩	氵 口	氵 ⺧ 口	hào
浪	氵 良	氵 良	làng
浬	氵 里	氵 里	lǐ hǎilǐ
浭	氵 更	氵 更	gēng
浮	氵 子	氵 丿 ⺍ 子	fú
浯	氵 口	氵 五 口	wú
浰	氵 刂	氵 禾 刂	lì liàn
浲	氵 丰	氵 夂 丰	féng
浴	氵 口	氵 八 人 口	yù
海	氵 母	氵 丿 一 母	hǎi
浸	氵 又	氵 彐 冖 又	jìn
浼	氵 乛	氵 ⺈ 丨 乛 一 丿 乛	měi
涂	氵 余下	氵 人 余下	tú
涄	氵 乛	氵 由 一 乛	pīng
涅	氵 土	氵 日 土	niè
消	氵 月	氵 ⺌ 月	xiāo
涉	氵 丿	氵 止 丨 丿 丿	shè
涌	氵 用	氵 龴 用	yǒng chōng
涍	氵 子	氵 耂 子	xiào
涎	氵 廴	氵 丿 丨 一 乛 廴	xián
涐	氵 我	氵 我	é
涑	氵 束	氵 束	sù
涓	氵 月	氵 口 月	juān
涔	氵 乛	氵 山 人 丶 乛	cén
涕	氵 丿	氵 丷 乛 一 乛 丨 丿	tì
涘	氵 矢	氵 厶 矢	sì
涛	氵 寸	氵 寿上 寸	tāo
涝	氵 力	氵 艹 冖 力	lào
涞	氵 来	氵 来	lái
涟	氵 辶	氵 车 辶	lián
涠	氵 韦	氵 囗 韦	wéi
涡	氵 内	氵 口 内	wō guō
涢	氵 人	氵 口 冂 人	yún
涣	氵 大	氵 ⺈ 丨 乛 大	huàn
涤	氵 朩	氵 夂 朩	dí
润	氵 王	氵 门 王	rùn
涧	氵 日	氵 门 日	jiàn
涨	氵 长	氵 弓 长	zhǎng zhàng
涩	氵 止	氵 刃 止	sè
涪	氵 口	氵 立 口	fú
涫	氵 㠯	氵 宀 㠯	guān
涮	氵 刂	氵 尸 巾 刂	shuàn
涯	氵 土	氵 厂 土 土	yá
液	氵 ㄟ	氵 亠 亻 丿 乛 丶 ㄟ	yè
涴	氵 乛	氵 宀 夕 乛 乛	wò yuān
涵	氵 凵	氵 了 冫 丿 丶 凵	hán
涸	氵 口	氵 囗 十 口	hé
涿	氵 ㄟ	氵 一 丿 乛 丿 丿 丶 丿 ㄟ	zhuō
淀	氵 人	氵 宀 一 丨 一 人	diàn
淄	氵 田	氵 乛 乛 乛 田	zī
淅	氵 斤	氵 木 斤	xī
淆	氵 月	氵 乂 𠂇 月	xiáo
淇	氵 八	氵 其上 八	qí
淋	氵 木	氵 木 木	lín lìn
淌	氵 口	氵 ⺌ 冂 口	tǎng
淏	氵 天	氵 日 天	hào
淑	氵 又	氵 上 小 又	shū
淖	氵 十	氵 丨 一 日 十	nào
淘	氵 缶	氵 勹 缶	táo
淙	氵 小	氵 宀 二 小	cóng
淜	氵 月	氵 月 月	péng
淝	氵 巴	氵 月 巴	féi
淞	氵 厶	氵 木 八 厶	sōng
淟	氵 八	氵 丨 乛 一 丨 丨 一 八	tiǎn
淠	氵 丨	氵 田 一 丿 丨	pì
淡	氵 火	氵 火 火	dàn
淤	氵 丶	氵 方 人 丶 丶	yū
淦	氵 金	氵 金	gàn
淫	氵 壬	氵 丿 ⺍ 壬	yín
淬	氵 十	氵 亠 人 人 十	cuì
淮	氵 龶	氵 亻 亠 龶	huái
淯	氵 月	氵 亠 厶 月	yù
深	氵 木	氵 冖 八 木	shēn
淳	氵 子	氵 亠 口 子	chún
淴	氵 心	氵 勿 心	hū
混	氵 匕	氵 日 比左 匕	hùn hún
淹	氵 电	氵 大 电	yān
添	氵 ⺗	氵 天 ⺗	tiān
淼	水 水	水 水 水	miǎo
清	氵 月	氵 龶 月	qīng
渊	氵 丨	氵 丿 米 丨	yuān
渌	氵 氺	氵 彐 氺	lù
渍	氵 人	氵 龶 冂 人	zì
渎	氵 大	氵 十 乛 丶 丶 大	dú dòu
渐	氵 斤	氵 车 斤	jiàn jiān
渑	氵 电	氵 口 电	miǎn shéng
渔	氵 鱼	氵 鱼	yú
渗	氵 丿	氵 厶 大 丿 丿 丿	shèn
渚	氵 日	氵 耂 日	zhǔ
渝	氵 刂	氵 人 一 月 刂	yú
渟	氵 丁	氵 亠 口 冖 丁	tíng tīng
渠	氵 木	氵 巨 木	qú jù
渡	氵 又	氵 广 廿 又	dù
渣	氵 一	氵 木 日 一	zhā
渤	氵 力	氵 十 冖 子 力	bó
渥	氵 土	氵 尸 一 厶 土	wò
温	氵 皿	氵 日 皿	wēn
渫	氵 木	氵 世 木	xiè
渭	氵 月	氵 田 月	wèi
港	氵 巳	氵 艹 一 八 巳	gǎng jiǎng
渰	氵 廾	氵 人 一 口 廾	yān yǎn
渲	氵 一	氵 宀 一 日 一	xuàn
渳	氵 耳	氵 弓 耳	mǐ
渴	氵 乛	氵 日 勹 人 乛	kě
游	氵 子	氵 方 丿 一 子	yóu
渺	氵 少	氵 目 少	miǎo
渼	氵 大	氵 ⺷ 大	měi
湃	氵 丰	氵 龵 一 丰	pài
湄	氵 目	氵 乛 丨 一 丿 目	méi
湉	氵 口	氵 忄 千 口	tián
湍	氵 而	氵 山 而	tuān
湎	氵 面	氵 面	miǎn
湑	氵 月	氵 乛 丨 一 人 月	xǔ xū
湓	氵 皿	氵 八 刀 皿	pén
湔	氵 刂	氵 丷 一 月 刂	jiān
湖	氵 月	氵 十 口 月	hú
湘	氵 目	氵 木 目	xiāng
湛	氵 乛	氵 其上 八 乛	zhàn
湜	氵 人	氵 日 一 丨 一 人	shí
湝	氵 白	氵 比左 匕 白	jiē
湟	氵 王	氵 白 王	huáng
湣	氵 日	氵 民 日	mǐn
湦	氵 生	氵 日 生	shēng
湫	氵 火	氵 禾 火	qiū jiǎo
湮	氵 土	氵 西 土	yān yīn
湲	氵 又	氵 丿 ⺍ 一 𠂇 又	yuán
湴	氵 亚	氵 丷 亚	bàn
湾	氵 弓	氵 亠 丨 丨 丿 丶 弓	wān
湿	氵 业	氵 日 业	shī
溁	氵 木	氵 艹 冖 木	yíng
溃	氵 人	氵 中 一 冂 人	kuì huì
溅	氵 戋	氵 冂 人 戋	jiàn jiān
溆	氵 又	氵 人 余下 又	xù
溇	氵 女	氵 米 女	lóu
溉	氵 乛	氵 即左 一 乛 丿 乛	gài
溍	氵 日	氵 亚 日	jìn
溏	氵 口	氵 广 乛 一 一 丨 口	táng
源	氵 小	氵 厂 白 小	yuán
溘	氵 皿	氵 土 厶 皿	kè
溚	氵 口	氵 艹 人 一 口	tǎ
溜	氵 田	氵 丿 乛 丶 刀 田	liū liù
溞	氵 虫	氵 叉 虫	sāo
溟	氵 八	氵 冖 日 亠 八	míng
溠	氵 工	氵 ⺶ 工	zhà
溢	氵 皿	氵 丷 一 八 皿	yì
溥	氵 寸	氵 甫 寸	pǔ
溦	氵 攵	氵 彳 山 一 几 攵	wēi
溧	氵 木	氵 西 木	lì
溪	氵 大	氵 丿 ⺍ 幺 大	xī
溯	氵 月	氵 丷 一 乛 丨 丿 月	sù
溱	氵 禾	氵 寿上 ㄟ 禾	zhēn qín
溲	氵 又	氵 丿 丨 一 乛 一 一 丨 又	sōu
溴	氵 犬	氵 自 犬	xiù
溵	氵 又	氵 丿 丿 彐 乛 几 又	yīn
溶	氵 口	氵 宀 八 人 口	róng
溷	氵 豕	氵 囗 豕	hùn
溹	氵 小	氵 十 冖 幺 小	suò
溺	氵 冫	氵 弓 冫 弓 冫	nì niào
溻	氵 习	氵 日 习 习	tā
溽	氵 寸	氵 厂 二 乛 丿 ㄟ 寸	rù
滁	氵 余下	氵 阝 人 余下	chú
滂	氵 方	氵 亠 丷 冖 方	pāng
滃	氵 习	氵 八 厶 习 习	wěng wēng
滆	氵 丨	氵 一 口 冂 丷 一 丨	gé
滇	氵 八	氵 十 具上 八	diān
滉	氵 兀	氵 日 ⺌ 兀	huàng
滋	氵 幺	氵 丷 一 幺 幺	zī
滍	氵 虫	氵 乛 丨 丨 一 虫	zhì
滏	氵 一	氵 八 乂 干 丶 丿 一	fǔ
滑	氵 骨	氵 骨	huá
滓	氵 十	氵 宀 立 十	zǐ
滔	氵 臼	氵 丿 ⺍ 臼	tāo
滕	月 氺	月 龹 氺	téng
滗	氵 毛	氵 ⺮ 毛	bì
滘	氵 口	氵 冖 八 工 口	jiào
滚	氵 𧘇	氵 亠 八 厶 𧘇	gǔn
滞	氵 巾	氵 带上 冖 巾	zhì
滟	氵 巴	氵 丰 ⺈ 巴	yàn
滠	氵 又	氵 耳 又 又	shè
满	氵 两	氵 艹 两	mǎn
滢	氵 玉	氵 艹 冖 玉	yíng
滤	氵 心	氵 虍 心	lǜ
滥	氵 皿	氵 丨 丨 丿 一 丶 皿	làn
滦	氵 木	氵 亠 丨 丨 丿 丶 木	luán
滧	氵 攵	氵 亠 八 乂 攵	yáo
滨	氵 八	氵 宀 丘 八	bīn
滩	氵 龶	氵 又 亻 亠 龶	tān
滪	氵 人	氵 龴 乛 丨 一 丿 冂 人	yù
滫	氵 月	氵 亻 丨 夂 月	xiǔ
滴	氵 口	氵 亠 丷 冂 十 口	dī
滹	氵 乎	氵 虍 乎	hū
漂	氵 小	氵 西 二 小	piāo piǎo piào
漆	氵 氺	氵 木 人 氺	qī
漈	氵 小	氵 丿 乛 丶 丶 二 小	jì
漉	氵 匕	氵 广 乛 丨 丨 一 比左 匕	lù
漋	氵 生	氵 阝 夂 一 生	lóng
漏	氵 雨	氵 尸 雨	lòu
漓	氵 丶	氵 亠 乂 凵 丨 乛 乛 丶	lí
演	氵 八	氵 宀 一 由 八	yǎn
漕	氵 日	氵 一 丨 乛 一 丨 丨 一 日	cáo
漖	氵 攵	氵 耂 子 攵	jiào
漠	氵 大	氵 艹 日 大	mò
漤	氵 女	氵 木 木 女	lǎn
漦	未 水	未 攵 厂 水	chí sī
漩	氵 人	氵 方 丿 一 乛 丨 一 人	xuán
漪	氵 口	氵 犭 大 丁 口	yī
漫	氵 又	氵 日 罒 又	màn
漭	氵 廾	氵 艹 犬 廾	mǎng
漯	氵 小	氵 田 幺 小	luò tà
漱	氵 人	氵 束 ⺈ 人	shù
漳	氵 十	氵 立 日 十	zhāng
漴	氵 小	氵 山 宀 二 小	chóng shuāng
漶	氵 心	氵 串 心	huàn
漷	氵 阝	氵 亠 口 子 阝	huǒ
漹	氵 灬	氵 正 一 乛 灬	yān
漻	氵 丿	氵 习 习 人 丿 丿 丿	liáo
漼	氵 龶	氵 山 亻 亠 龶	cuǐ cuī
漾	氵 永	氵 ⺷ 永	yàng
潀	氵 人	氵 罒 一 丨 人 人	cóng zǒng
潆	氵 小	氵 艹 冖 幺 小	yíng
潇	氵 肃	氵 艹 肃	xiāo
潋	氵 攵	氵 人 一 ⺍ 一 攵	liàn
潍	氵 龶	氵 纟 亻 亠 龶	wéi
潎	氵 攵	氵 丶 丿 丨 乛 丨 丿 丶 攵	piē
潏	氵 口	氵 龴 乛 丨 丿 冂 八 口	yù
潖	氵 巴	氵 王 王 巴	pá
潘	氵 田	氵 丿 米 田	pān
潜	氵 日	氵 夫 夫 日	qián
潞	氵 口	氵 ⻊ 夂 口	lù
潟	氵 灬	氵 臼 勹 灬	xì
潢	氵 八	氵 艹 一 由 八	huáng
潦	氵 小	氵 大 丶 丿 日 小	lǎo lào liáo
潩	氵 八	氵 田 艹 一 八	yì
潭	氵 十	氵 西 日 十	tán
潮	氵 月	氵 十 日 十 月	cháo
潲	氵 月	氵 禾 ⺌ 月	shào
潴	氵 日	氵 犭 耂 日	zhū
潵	氵 攵	氵 艹 一 月 攵	sǎ
潸	氵 月	氵 木 木 月	shān
潺	氵 子	氵 尸 子 子 子	chán
潼	氵 里	氵 立 里	tóng
潽	氵 日	氵 丷 亚 日	pū
潾	氵 丨	氵 米 夕 一 乛 丨	lín
澂	氵 攵	氵 山 一 王 攵	chéng
澄	氵 一	氵 乛 丶 丿 丿 ㄟ 一 口 丷 一	chéng dèng
澈	氵 攵	氵 亠 厶 月 攵	chè
澉	氵 攵	氵 乛 耳 攵	gǎn
澋	氵 小	氵 日 亠 口 小	jǐng
澌	氵 斤	氵 其上 八 斤	sī
澍	氵 寸	氵 士 口 丷 一 寸	shù
澎	氵 丿	氵 士 口 丷 一 丿 丿 丿	péng
澛	氵 日	氵 鱼 日	lǔ
澜	氵 柬	氵 门 柬	lán
澡	氵 木	氵 口 口 口 木	zǎo
澥	氵 牛	氵 ⺈ 用 刀 牛	xiè
澧	氵 一	氵 曲 一 口 丷 一	lǐ
澪	氵 龴	氵 雨 人 丶 龴	líng
澭	氵 龶	氵 亠 乡 亻 亠 龶	yōng yǒng
澳	氵 大	氵 丿 冂 米 大	ào
澴	氵 𧘇	氵 罒 一 口 𧘇	huán
澶	氵 一	氵 亠 囗 口 日 一	chán
澹	氵 口	氵 ⺈ 厂 八 亠 一 一 口	dàn tán
澼	氵 十	氵 尸 口 立 十	pì
澽	氵 豕	氵 虍 豕	jù
激	氵 攵	氵 白 方 攵	jī
濂	氵 ㄟ	氵 广 丷 一 乛 一 一 丨 丨 丿 ㄟ	lián
濉	氵 龶	氵 目 亻 亠 龶	suī
濋	氵 人	氵 木 木 乛 丨 一 人	chǔ
濑	氵 人	氵 束 ⺈ 冂 人	lài
濒	氵 人	氵 止 丨 丿 丿 一 丿 冂 人	bīn
濛	氵 乀	氵 艹 冖 二 丿 乛 丿 丿 丿 乀	méng
濞	氵 丨	氵 自 田 一 丿 丨	bì
濠	氵 豕	氵 亠 口 冖 豕	háo
濡	氵 而	氵 雨 而	rú
濩	氵 又	氵 艹 亻 亠 龶 又	huò
濮	氵 ㄟ	氵 亻 业 ⺶ ㄟ	pú
濯	氵 龶	氵 习 习 亻 亠 龶	zhuó zhào
瀌	氵 灬	氵 广 乛 丨 丨 一 比左 匕 灬	biāo
瀍	氵 土	氵 广 里 八 土	chán
瀑	氵 氺	氵 日 艹 一 八 氺	pù bào
瀔	氵 又	氵 士 冖 一 禾 几 又	gǔ
瀚	氵 习	氵 十 日 十 人 习 习	hàn
瀛	氵 凡	氵 亡 口 月 女 凡	yíng
瀞	氵 丨	氵 龶 月 ⺈ 乛 一 一 丨	jìng
瀣	氵 韭	氵 丨 一 夕 又 韭	xiè
瀱	氵 刂	氵 罒 厂 火 火 刂	jì
瀵	氵 八	氵 米 田 艹 一 八	fèn
瀹	氵 艹	氵 人 一 口 口 口 冂 艹	yuè
瀼	氵 𧘇	氵 亠 口 口 一 一 丨 丨 一 𧘇	ráng
灀	氵 目	氵 雨 木 目	shuàng
灈	氵 龶	氵 目 目 亻 亠 龶	qú
灌	氵 龶	氵 艹 口 口 亻 亠 龶	guàn
灏	氵 人	氵 日 亠 口 小 一 丿 冂 人	hào
灞	氵 月	氵 雨 革 月	bà
火	丶 人	丶 丿 人	huǒ
灭	一 火	一 火	miè
灯	火 丁	火 丁	dēng
灰	𠂇 火	𠂇 火	huī
灵	彐 火	彐 火	líng
灶	火 土	火 土	zào
灸	久 火	久 火	jiǔ
灼	火 勺	火 勺	zhuó
灾	宀 火	宀 火	zāi
灿	火 山	火 山	càn
炀	火 丿	火 乛 丿 丿	yáng
炁	一 灬	一 乛 丿 乛 灬	qì
炅	日 火	日 火	jiǒng guì
炆	火 文	火 文	wén
炉	火 户	火 户	lú
炊	火 人	火 ⺈ 人	chuī
炌	火 丨	火 人 丿 丨	kài
炎	火 火	火 火	yán
炒	火 少	火 少	chǎo
炔	火 夬guài	火 夬	quē
炕	火 几	火 亠 几	kàng
炖	火 屯	火 屯	dùn
炘	火 斤	火 斤	xìn
炙	丿 火	丿 乛 丶 丶 火	zhì
炜	火 韦	火 韦	wěi
炝	火 乛	火 人 乛 乛	qiàng
炟	火 一	火 日 一	dá
炣	火 口	火 丁 口	kě
炤	火 口	火 刀 口	zhào zhāo
炩	火 龴	火 人 丶 龴	lìng
炫	火 幺	火 亠 幺	xuàn
炬	火 巨	火 巨	jù
炭	山 火	山 𠂇 火	tàn
炮	火 巳	火 勹 巳	páo bāo pào
炯	火 口	火 冂 口	jiǒng
炱	厶 火	厶 口 火	tái
炳	火 丙	火 丙	bǐng
炷	火 主	火 主	zhù
炸	火 乍	火 乍	zhà zhá
点	丨 灬	丨 一 口 灬	diǎn
炻	火 石	火 石	shí
炼	火 丶	火 一 乛 乛 丿 丶	liàn
炽	火 八	火 口 八	chì
烀	火 乎	火 乎	hū
烁	火 乐	火 乐	shuò
烂	火 三	火 丷 三	làn
烃	火 工	火 乛 丶 工	tīng
烈	歹 灬	歹 刂 灬	liè
烊	火 羊	火 羊	yáng yàng
烎	开 火	开 火	yín
烓	火 土	火 土 土	wēi
烔	火 口	火 冂 一 口	tóng
烘	火 八	火 艹 一 八	hōng
烙	火 口	火 夂 口	lào luò
烛	火 虫	火 虫	zhú
烜	火 一	火 一 日 一	xuǎn
烝	了 灬	了 乛 丿 ㄟ 一 灬	zhēng
烟	火 大	火 囗 大	yān
烠	火 月	火 𠂇 月	huí huǐ
烤	火 乛	火 耂 一 乛	kǎo
烦	火 人	火 一 丿 冂 人	fán
烧	火 兀	火 一 乛 丿 兀	shāo
烨	火 十	火 亻 匕 十	yè
烩	火 厶	火 人 二 厶	huì
烫	氵 火	氵 乛 丿 丿 火	tàng
烬	火 丶	火 尺 丶 丶	jìn
热	扌 灬	扌 丸 灬	rè
烯	火 巾	火 乂 𠂇 巾	xī
烶	火 廴	火 壬 廴	tǐng
烷	火 儿	火 宀 二 儿	wán
烹	亠 灬	亠 口 了 灬	pēng
烺	火 良	火 良	lǎng
烻	火 廴	火 丿 丨 一 乛 廴	yàn
烽	火 丰	火 夂 丰	fēng
焆	火 月	火 口 月	juān
焉	正 灬	正 一 乛 灬	yān
焊	火 干	火 日 干	hàn
焌	火 夂	火 厶 八 夂	qū jùn
焐	火 口	火 五 口	wù
焓	火 口	火 人 丶 乛 口	hán
焕	火 大	火 ⺈ 丨 乛 大	huàn
焖	火 心	火 门 心	mèn
焗	火 口	火 尸 乛 口	jú
焘	寿上 灬	寿上 寸 灬	dào tāo
焙	火 口	火 立 口	bèi
焚	木 火	木 木 火	fén
焜	火 匕	火 日 比左 匕	kūn
焞	火 子	火 亠 口 子	tūn
焦	亻 灬	亻 亠 龶 灬	jiāo
焯	火 十	火 丨 一 日 十	zhuō chāo
焰	火 臼	火 ⺈ 臼	yàn
焱	火 火	火 火 火	yàn
然	丿 灬	丿 乛 丶 丶 犬 灬	rán
焺	火 升	火 日 升	shēng
煁	火 乛	火 其上 八 乛	chén
煃	火 土	火 大 土 土	kuǐ
煅	火 又	火 丿 丨 一 一 一 几 又	duàn
煊	火 一	火 宀 一 日 一	xuān
煋	火 生	火 日 生	xīng
煌	火 王	火 白 王	huáng
煎	丷 灬	丷 一 月 刂 灬	jiān
煓	火 而	火 山 而	tuān
煜	火 立	火 日 立	yù
煞	⺈ 灬	⺈ 彐 攵 灬	shā shà
煟	火 月	火 田 月	wèi
煠	火 木	火 世 木	zhá
煤	火 木	火 甘 木	méi
煦	日 灬	日 勹 口 灬	xù
照	日 灬	日 刀 口 灬	zhào
煨	火 ㄟ	火 田 一 乛 丿 ㄟ	wēi
煮	耂 灬	耂 日 灬	zhǔ
煲	亻 火	亻 口 木 火	bāo
煳	火 月	火 十 口 月	hú
煴	火 皿	火 日 皿	yūn yǔn
煸	火 艹	火 户 冂 艹	biān
煺	火 辶	火 艮 辶	tuì
煽	火 习	火 户 习 习	shān
熄	火 心	火 自 心	xī
熇	火 口	火 亠 口 冂 口	hè
熊	厶 灬	厶 月 匕 匕 灬	xióng
熏	丿 灬	丿 一 丨 乛 丶 丿 一 丨 一 一 灬	xūn xùn
熔	火 口	火 宀 八 人 口	róng
熘	火 田	火 丿 乛 丶 刀 田	liú
熙	匚 灬	匚 丨 口 丨 巳 灬	xī
熛	火 小	火 西 二 小	biāo
熜	火 心	火 丿 囗 夂 心	cōng
熟	亠 灬	亠 口 子 丸 灬	shú shóu
熠	火 白	火 习 习 白	yì
熥	火 辶	火 龴 用 辶	tēng
熨	尸 火	尸 二 小 寸 火	yùn yù
熬	龶 灬	龶 乛 丿 攵 灬	āo áo
熵	火 口	火 亠 丷 冂 八 口	shāng
熹	士 灬	士 口 丷 一 口 灬	xī
熻	火 习	火 人 一 口 习 习	xī
燃	火 灬	火 丿 乛 丶 丶 犬 灬	rán
燊	火 木	火 火 火 木	shēn
燋	火 灬	火 亻 亠 龶 灬	jiāo
燎	火 小	火 大 丶 丿 日 小	liáo liǎo
燏	火 口	火 龴 乛 丨 丿 冂 八 口	yù
燔	火 田	火 丿 米 田	fán
燕	廿 灬	廿 口 丨 一 一 匕 灬	yàn yān
燚	火 火	火 火 火 火	yì
燠	火 大	火 丿 冂 米 大	yù
燥	火 木	火 口 口 口 木	zào
燧	火 辶	火 丷 豕 辶	suì
燮	火 又	火 亠 一 一 口 火 又	xiè
燹	豕 火	豕 豕 火	xiǎn
爆	火 氺	火 日 艹 一 八 氺	bào
爇	艹 灬	艹 土 八 土 丸 灬	ruò
爔	火 丶	火 ⺷ 丿 一 丨 丿 丶 一 乛 乛 丿 丶	xī
爚	火 艹	火 人 一 口 口 口 冂 艹	yuè
爝	火 寸	火 丿 ⺍ 罒 即左 寸	jué jiào
爟	火 龶	火 艹 口 口 亻 亠 龶	guàn
爨	丿 火	丿 丨 一 一 冂 一 口 乛 一 一 冖 木 木 大 火	cuàn
爪	丿 ㄟ	丿 丿 丨 ㄟ	zhǎo zhuǎ
爬	爪 巴	爪 巴	pá
爰	丿 又	丿 ⺍ 一 𠂇 又	yuán
爱	丿 又	丿 ⺍ 冖 𠂇 又	ài
爵	丿 寸	丿 ⺍ 罒 即左 寸	jué
父	八 乂	八 乂	fù fǔ
爷	八 卩	八 乂 卩	yé
爸	八 巴	八 乂 巴	bà
爹	八 夕	八 乂 夕 夕	diē
爻	乂 乂	乂 乂	yáo
爽	大 乂	大 乂 乂 乂 乂	shuǎng
爿	乛 丿	乛 丨 一 丿	pán
牁	爿 口	爿 丁 口	kē
牂	爿 羊	爿 羊	zāng
片	丿 乛	丿 丨 一 乛	piàn piān
版	片 又	片 丿 丿 又	bǎn
牌	片 十	片 丿 丨 乛 一 一 丿 十	pái
牍	片 大	片 十 乛 丶 丶 大	dú
牒	片 木	片 世 木	dié
牖	片 甫	片 户 甫	yǒu
牙	一 丿	一 乛 丨 丿	yá
牚	⺌ 牙	⺌ 冂 口 牙	chēng chèng
牛	丿 丨	丿 一 一 丨	niú
牝	牛 匕	牛 匕	pìn
牟	厶 牛	厶 牛	móu mù
牠	牜 也	牜 也	tā
牡	牛 土	牛 土	mǔ
牢	宀 牛	宀 牛	láo
牤	牛 亡	牛 亡	māng
牥	牛 方	牛 方	fāng
牦	牛 毛	牛 毛	máo
牧	牛 攵	牛 攵	mù
物	牛 勿	牛 勿	wù
牮	亻 牛	亻 弋 牛	jiàn
牯	牛 口	牛 十 口	gǔ
牲	牛 生	牛 生	shēng
牵	大 牛	大 冖 牛	qiān
特	牛 寸	牛 土 寸	tè
牺	牛 西	牛 西	xī
牻	牛 丶	牛 𠂇 乛 丿 丿 丿 丶	máng
牾	牛 口	牛 五 口	wǔ
牿	牛 口	牛 ⺧ 口	gù
犀	尸 牛	尸 氺 牛	xī
犁	禾 牛	禾 刂 牛	lí
犄	牛 口	牛 大 丁 口	jī
犇	牛 牛	牛 牛 牛	bēn
犊	牛 大	牛 十 乛 丶 丶 大	dú
犋	牛 八	牛 具上 八	jù
犍	牛 廴	牛 聿 廴	jiān qián
犏	牛 艹	牛 户 冂 艹	piān
犒	牛 口	牛 亠 口 冂 口	kào
犟	弓 牛	弓 口 虫 牛	jiàng
犨	亻 牛	亻 亠 龶 亻 亠 龶 牛	chōu
犬	大 丶	大 丶	quǎn
犮	𠂇 丶	𠂇 又 丶	bá
犯	犭 乛	犭 乛 乛	fàn
犰	犭 九	犭 九	qiú
犴	犭 干	犭 干	hān àn
状	冫 犬	冫 丨 犬	zhuàng
犷	犭 广	犭 广	guǎng
犸	犭 马	犭 马	mǎ
犹	犭 尤	犭 尤	yóu
犼	犭 乛	犭 子 乛	hǒu
犽	犭 牙	犭 牙	yà
狁	犭 儿	犭 厶 儿	yǔn
狂	犭 王	犭 王	kuáng
狃	犭 丑	犭 丑	niǔ
狄	犭 火	犭 火	dí
狈	犭 人	犭 冂 人	bèi
狉	犭 丕	犭 丕	pī
狍	犭 巳	犭 勹 巳	páo
狎	犭 甲	犭 甲	xiá
狐	犭 瓜	犭 瓜	hú
狒	犭 弗	犭 弗	fèi
狗	犭 口	犭 勹 口	gǒu
狙	犭 且	犭 且	jū
狝	犭 小	犭 ⺈ 小	xiǎn
狞	犭 丁	犭 宀 丁	níng
狠	犭 艮	犭 艮	hěn
狡	犭 乂	犭 亠 八 乂	jiǎo
狨	犭 𠂇	犭 戈 𠂇	róng
狩	犭 寸	犭 宀 寸	shòu
独	犭 虫	犭 虫	dú
狭	犭 夹	犭 夹	xiá
狮	犭 巾	犭 丨 丿 一 巾	shī
狯	犭 厶	犭 人 二 厶	kuài
狰	犭 丨	犭 ⺈ 乛 一 一 丨	zhēng
狱	犭 犬	犭 讠 犬	yù
狲	犭 小	犭 子 小	sūn
狳	犭 余下	犭 人 余下	yú
狴	犭 土	犭 比左 匕 土	bì
狷	犭 月	犭 口 月	juàn
狸	犭 里	犭 里	lí
狺	犭 口	犭 亠 一 一 口	yín
狻	犭 夂	犭 厶 八 夂	suān
狼	犭 良	犭 良	láng
猁	犭 刂	犭 禾 刂	lì
猃	犭 一	犭 人 一 ⺍ 一	xiǎn
猄	犭 小	犭 亠 口 小	jīng
猇	犭 几	犭 虍 几	xiāo
猊	犭 儿	犭 臼 儿	ní
猋	犬 犬	犬 犬 犬	biāo
猎	犭 日	犭 艹 一 日	liè
猕	犭 小	犭 弓 ⺈ 小	mí
猖	犭 日	犭 日 日	chāng
猗	犭 口	犭 大 丁 口	yǐ
猛	犭 皿	犭 子 皿	měng
猜	犭 月	犭 龶 月	cāi
猝	犭 十	犭 亠 人 人 十	cù
猞	犭 口	犭 人 干 口	shē
猡	犭 夕	犭 罒 夕	luó
猢	犭 月	犭 十 口 月	hú
猥	犭 ㄟ	犭 田 一 乛 丿 ㄟ	wěi
猩	犭 生	犭 日 生	xīng
猪	犭 日	犭 耂 日	zhū
猫	犭 田	犭 艹 田	māo
猬	犭 月	犭 田 月	wèi
献	十 犬	十 冂 丷 干 犬	xiàn
猯	犭 而	犭 山 而	tuān tuàn
猰	犭 大	犭 丰 刀 大	yà
猱	犭 木	犭 龴 乛 丨 丿 木	náo
猴	犭 矢	犭 亻 乛 一 矢	hóu
猷	丷 犬	丷 酉 犬	yóu
猹	犭 一	犭 木 日 一	chá
猺	犭 缶	犭 丿 ⺍ 缶	yáo
猾	犭 骨	犭 骨	huá
猿	犭 𧘇	犭 土 口 𧘇	yuán
獍	犭 儿	犭 立 日 儿	jìng
獐	犭 十	犭 立 日 十	zhāng
獒	龶 犬	龶 乛 丿 攵 犬	áo
獗	犭 人	犭 厂 丷 一 乛 丨 丿 ⺈ 人	jué
獠	犭 小	犭 大 丶 丿 日 小	liáo
獬	犭 牛	犭 ⺈ 用 刀 牛	xiè
獭	犭 人	犭 束 ⺈ 冂 人	tǎ
獯	犭 灬	犭 丿 一 丨 乛 丶 丿 一 丨 一 一 灬	xūn
獴	犭 ㄟ	犭 艹 冖 二 丿 乛 丿 丿 丿 ㄟ	méng mǎng
獾	犭 龶	犭 艹 口 口 亻 亠 龶	huān
玃	犭 又	犭 目 目 亻 亠 龶 又	jué
玄	亠 幺	亠 幺	xuán
率	亠 十	亠 幺 冫 丿 丶 十	shuài lǜ
玉	王 丶	王 丶	yù
玊	王 丶	王 丶	sù
王	一 土	一 土	wáng wàng
玎	王 丁	王 丁	dīng
玏	王 力	王 力	lè
玑	王 几	王 几	jī
玒	王 工	王 工	hóng
玓	王 勺	王 勺	dì
玕	王 干	王 干	gān
玖	王 久	王 久	jiǔ
玘	王 己	王 己	qǐ
玙	王 与	王 与	yú
玚	王 丿	王 乛 丿 丿	chàng yáng
玛	王 马	王 马	mǎ
玞	王 夫	王 夫	fū
玟	王 文	王 文	mín wén
玠	王 丨	王 人 丿 丨	jiè
玡	王 牙	王 牙	yá
玢	王 刀	王 八 刀	bīn fēn
玤	王 丰	王 丰	bàng
玥	王 月	王 月	yuè
玦	王 夬guài	王 夬	jué
玩	王 儿	王 二 儿	wán
玫	王 攵	王 攵	méi
玭	王 匕	王 比左 匕	pín
玮	王 韦	王 韦	wěi
环	王 不	王 不	huán
现	王 见下	王 冂 见下	xiàn
玱	王 乛	王 人 乛 乛	qiāng cāng
玲	王 龴	王 人 丶 龴	líng
玳	王 弋	王 亻 弋	dài
玶	王 平	王 平	píng
玷	王 口	王 丨 一 口	diàn
玹	王 幺	王 亠 幺	xuán xián
玺	⺈ 玉	⺈ 小 玉	xǐ
玻	王 又	王 乛 丿 丨 又	bō
玼	王 匕	王 止 匕	cī cǐ
玽	王 口	王 勹 口	gǒu
玿	王 口	王 刀 口	sháo
珀	王 白	王 白	pò bó
珂	王 口	王 丁 口	kē
珃	王 冉	王 冉	rǎn
珄	王 生	王 生	shēng
珅	王 申	王 申	shēn
珇	王 且	王 且	zǔ
珈	王 口	王 力 口	jiā
珉	王 民	王 民	mín
珊	王 册	王 册	shān
珋	王 卩	王 丿 乛 丿 卩	liǔ
珌	王 必	王 必	bì
珍	王 丿	王 人 丿 丿 丿	zhēn
珏	王 玉	王 玉	jué
珐	王 厶	王 土 厶	fà
珑	王 龙	王 龙	lóng
珒	王 聿	王 聿	jīn
珕	王 力	王 力 力 力	lì
珖	王 兀	王 ⺌ 兀	guāng
珙	王 八	王 艹 一 八	gǒng
珛	王 月	王 𠂇 月	xiù
珝	王 习	王 习 习	xǔ
珞	王 口	王 夂 口	luò
珠	王 朱	王 朱	zhū
珢	王 艮	王 艮	yín
珣	王 日	王 勹 日	xún
珥	王 耳	王 耳	ěr
珦	王 口	王 丿 冂 口	xiàng
珧	王 丶	王 儿 冫 丿 丶	yáo
珩	王 亍	王 彳 亍	héng
珪	王 土	王 土 土	guī
珫	王 儿	王 亠 厶 儿	chōng
班	王 王	王 丶 丿 王	bān
珮	王 巾	王 几 一 巾	pèi
珰	王 彐	王 ⺌ 彐	dāng
珲	王 车	王 冖 车	hún huī
珵	王 王	王 口 王	chéng
珷	王 止	王 一 弋 止	wǔ
珸	王 口	王 五 口	wú
珹	王 成	王 成	chéng
珺	王 口	王 尹 口	jùn
珽	王 廴	王 壬 廴	tǐng
琀	王 口	王 人 丶 乛 口	hán
琂	王 口	王 亠 一 一 口	yán
球	王 求	王 求	qiú
琄	王 月	王 口 月	xuàn
琅	王 良	王 良	láng
理	王 里	王 里	lǐ
琇	王 乃	王 禾 乃	xiù
琈	王 子	王 丿 ⺍ 子	fú fū
琉	王 乛	王 亠 厶 丿 丨 乛	liú
琊	王 阝	王 牙 阝	yá
琎	王 辶	王 井 辶	jīn
琏	王 辶	王 车 辶	liǎn
琐	王 人	王 ⺌ 冂 人	suǒ
琔	王 人	王 宀 一 丨 一 人	diàn
琚	王 口	王 尸 十 口	jū
琛	王 木	王 冖 八 木	chēn
琞	日 玉	日 月 玉	shèng
琟	王 龶	王 亻 亠 龶	wéi
琡	王 又	王 上 小 又	chù
琢	王 ㄟ	王 一 丿 乛 丿 丿 丶 丿 ㄟ	zhuó zuó
琤	王 丨	王 ⺈ 乛 一 一 丨	chēng
琥	王 几	王 虍 几	hǔ
琦	王 口	王 大 丁 口	qí
琨	王 匕	王 日 比左 匕	kūn
琪	王 八	王 其上 八	qí
琫	王 丨	王 寿上 ㄟ 一 一 丨	běng
琬	王 乛	王 宀 夕 乛 乛	wǎn
琭	王 氺	王 彐 氺	lù
琮	王 小	王 宀 二 小	cóng
琯	王 㠯	王 宀 㠯	guǎn
琰	王 火	王 火 火	yǎn
琲	王 非	王 非	bèi
琳	王 木	王 木 木	lín
琴	王 乛	王 王 人 丶 乛	qín
琵	王 匕	王 王 比左 匕	pí
琶	王 巴	王 王 巴	pá
琼	王 小	王 亠 口 小	qióng
瑀	王 禹	王 禹	yǔ
瑁	王 目	王 冂 一 一 目	mào
瑂	王 目	王 乛 丨 一 丿 目	méi
瑃	王 日	王 寿上 ㄟ 日	chūn
瑄	王 一	王 宀 一 日 一	xuān
瑅	王 人	王 日 一 丨 一 人	tí
瑆	王 生	王 日 生	xīng
瑊	王 口	王 戌 口	jiān
瑑	王 豕	王 乛 乛 豕	zhuàn
瑓	王 柬	王 柬	liàn
瑔	王 水	王 白 水	quán
瑕	王 又	王 乛 一 丨 一 一 乛 一 又	xiá
瑖	王 又	王 丿 丨 一 一 一 几 又	duàn
瑗	王 又	王 丿 ⺍ 一 𠂇 又	yuàn
瑙	王 乂	王 乛 乛 乛 丿 囗 乂	nǎo
瑚	王 月	王 十 口 月	hú
瑛	王 央	王 艹 央	yīng
瑜	王 刂	王 人 一 月 刂	yú
瑝	王 王	王 白 王	huáng
瑞	王 而	王 山 而	ruì
瑟	王 必	王 王 必	sè
瑠	王 田	王 丿 乛 丶 刀 田	liú
瑢	王 口	王 宀 八 人 口	róng
瑧	王 禾	王 寿上 ㄟ 禾	zhēn
瑨	王 日	王 亚 日	jìn
瑬	氵 玉	氵 亠 厶 丿 丨 乛 玉	liú
瑭	王 口	王 广 乛 一 一 丨 口	táng
瑰	王 鬼	王 鬼	guī
瑱	王 八	王 十 具上 八	tiàn tián zhèn
瑳	王 工	王 ⺶ 工	cuō
瑶	王 缶	王 丿 ⺍ 缶	yáo
瑷	王 又	王 丿 ⺍ 冖 𠂇 又	ài
瑾	王 一	王 廿 丨 乛 一 一 一 丨 一	jǐn
璀	王 龶	王 山 亻 亠 龶	cuǐ
璁	王 心	王 丿 囗 夂 心	cōng
璃	王 丶	王 亠 乂 凵 丨 乛 乛 丶	lí
璆	王 丿	王 习 习 人 丿 丿 丿	qiú
璇	王 人	王 方 丿 一 乛 丨 一 人	xuán
璈	王 攵	王 龶 乛 丿 攵	áo
璋	王 十	王 立 日 十	zhāng
璎	王 女	王 冂 人 冂 人 女	yīng
璐	王 口	王 ⻊ 夂 口	lù
璒	王 一	王 乛 丶 丿 丿 ㄟ 一 口 丷 一	dēng
璘	王 丨	王 米 夕 一 乛 丨	lín
璜	王 八	王 艹 一 由 八	huáng
璞	王 ㄟ	王 业 ⺶ ㄟ	pú
璟	王 小	王 日 亠 口 小	jǐng
璠	王 田	王 丿 米 田	fán
璥	王 攵	王 艹 勹 口 攵	jǐng
璧	尸 玉	尸 口 立 十 玉	bì
璨	王 米	王 丨 一 夕 又 米	càn
璩	王 豕	王 虍 豕	qú
璪	王 木	王 口 口 口 木	zǎo
璬	王 攵	王 白 方 攵	jiǎo
璮	王 一	王 亠 囗 口 日 一	tǎn
璱	王 必	王 王 王 必	sè
璲	王 辶	王 丷 豕 辶	suì
璺	丿 玉	丿 丨 一 一 冂 一 口 乛 一 一 冖 玉	wèn
瓀	王 而	王 雨 而	ruǎn
瓒	王 人	王 ⺧ 儿 ⺧ 儿 冂 人	zàn
瓖	王 𧘇	王 亠 口 口 一 一 丨 丨 一 𧘇	xiāng
瓘	王 龶	王 艹 口 口 亻 亠 龶	guàn
瓜	丿 ㄟ	丿 丿 乛 丶 ㄟ	guā
瓞	瓜 失	瓜 失	dié
瓠	大 瓜	大 亏 瓜	hù
瓢	西 瓜	西 二 小 瓜	piáo
瓣	立 十	立 𠂇 瓜 立 十	bàn
瓤	亠 瓜	亠 口 口 一 一 丨 丨 一 𧘇 瓜	ráng
瓦	一 丶	一 乛 乛 丶	wǎ wà
瓮	八 瓦	八 厶 瓦	wèng
瓯	匚 瓦	匚 乂 瓦	ōu
瓴	人 瓦	人 丶 龴 瓦	líng
瓶	丷 瓦	丷 开 瓦	píng
瓷	冫 瓦	冫 ⺈ 人 瓦	cí
瓻	乂 瓦	乂 𠂇 巾 瓦	chī
瓿	立 瓦	立 口 瓦	bù
甄	西 瓦	西 土 瓦	zhēn
甍	艹 瓦	艹 罒 冖 瓦	méng
甏	士 瓦	士 口 丷 一 丿 丿 丿 瓦	bèng
甑	丷 瓦	丷 囗 ⺌ 日 瓦	zèng
甓	尸 瓦	尸 口 立 十 瓦	pì
甗	虍 瓦	虍 一 口 冂 丷 一 丨 瓦	yǎn
甘	廿 一	廿 一	gān
甙	弋 甘	弋 甘	dài
甚	其上 乛	其上 八 乛	shèn shén
甜	千 甘	千 口 甘	tián
生	丿 龶	丿 龶	shēng
甡	生 生	生 生	shēn
甥	生 力	生 田 力	shēng
甦	更 生	更 生	sū
用	冂 丨	冂 一 一 丨	yòng
甩	冂 乛	冂 一 一 乛	shuǎi
甪	丿 用	丿 用	lù
甫	一 丶	一 丨 乛 一 一 丨 丶	fǔ
甬	龴 用	龴 用	yǒng
甭	不 用	不 用	béng
甯	宀 用	宀 心 用	níng nìng
田	囗 十	囗 十	tián
由	丨 一	丨 乛 一 丨 一	yóu
甲	丨 丨	丨 乛 一 一 丨	jiǎ
申	丨 丨	丨 乛 一 一 丨	shēn
电	丨 乛	丨 乛 一 一 乛	diàn
男	田 力	田 力	nán
甸	勹 田	勹 田	diàn tián shèng
町	田 丁	田 丁	tǐng dīng
画	一 凵	一 田 凵	huà
甾	乛 田	乛 乛 乛 田	zāi zī
畀	田 丨	田 一 丿 丨	bì
畅	申 丿	申 乛 丿 丿	chàng
畈	田 又	田 丿 丿 又	fàn
畊	田 井	田 井	gēng
畋	田 攵	田 攵	tián
界	田 丨	田 人 丿 丨	jiè
畎	田 犬	田 犬	quǎn
畏	田 ㄟ	田 一 乛 丿 ㄟ	wèi
畐	一 田	一 口 田	fú
畑	火 田	火 田	tián
畔	田 半	田 半	pàn
畖	田 瓜	田 瓜	wā
留	丿 田	丿 乛 丶 刀 田	liú
畚	厶 田	厶 大 田	běn
畛	田 丿	田 人 丿 丿 丿	zhěn
畜	亠 田	亠 幺 田	xù chù
畤	田 寸	田 土 寸	zhì
略	田 口	田 夂 口	lüè
畦	田 土	田 土 土	qí
畩	田 衣	田 衣	yī
番	丿 田	丿 米 田	fān pān
畬	人 田	人 余下 田	shē yú
畯	田 夂	田 厶 八 夂	jùn
畲	人 田	人 二 小 田	shē
畴	田 寸	田 寿上 寸	chóu
畸	田 口	田 大 丁 口	jī
畹	田 乛	田 宀 夕 乛 乛	wǎn
畺	一 一	一 田 一 田 一	jiāng jiàng
畾	田 田	田 田 田	léi
畿	幺 田	幺 幺 戈 田	jī
疁	田 丿	田 习 习 人 丿 丿 丿	liú
疃	田 里	田 立 里	tuǎn
疆	弓 一	弓 土 一 田 一 田 一	jiāng qiáng
疌	一 人	一 乛 一 一 丨 一 人	jié
疍	乛 一	乛 丨 一 人 日 一	dàn
疏	乛 乛	乛 止 亠 厶 丿 丨 乛	shū
疐	十 人	十 冖 田 乛 丨 一 人	zhì
疑	匕 人	匕 矢 龴 乛 丨 一 人	yí
疔	疒 丁	疒 丁	dīng
疖	疒 卩	疒 卩	jiē
疗	疒 了	疒 了	liáo
疙	疒 乞	疒 乞	gē yì
疚	疒 久	疒 久	jiù
疝	疒 山	疒 山	shàn
疟	疒 一	疒 一 乛 一	nüè yào
疠	疒 万	疒 万	lì lài
疡	疒 丿	疒 乛 丿 丿	yáng
疢	疒 火	疒 火	chèn
疣	疒 尤	疒 尤	yóu
疤	疒 巴	疒 巴	bā
疥	疒 丨	疒 人 丿 丨	jiè
疫	疒 又	疒 几 又	yì
疬	疒 力	疒 厂 力	lì
疭	疒 人	疒 人 人	zòng
疮	疒 乛	疒 人 乛 乛	chuāng
疯	疒 乂	疒 几 乂	fēng
疰	疒 主	疒 主	zhù
疱	疒 巳	疒 勹 巳	pào
疲	疒 又	疒 乛 丿 丨 又	pí
疳	疒 甘	疒 甘	gān
疴	疒 口	疒 丁 口	kē
疵	疒 匕	疒 止 匕	cī
疸	疒 一	疒 日 一	dǎn
疹	疒 丿	疒 人 丿 丿 丿	zhěn
疼	疒 丶	疒 夂 丶 丶	téng
疽	疒 且	疒 且	jū
疾	疒 矢	疒 矢	jí
痂	疒 口	疒 力 口	jiā
痃	疒 幺	疒 亠 幺	xuán
痄	疒 乍	疒 乍	zhà
病	疒 丙	疒 丙	bìng
症	疒 正	疒 正	zhèng zhēng
痈	疒 用	疒 用	yōng
痉	疒 工	疒 乛 丶 工	jìng
痊	疒 王	疒 人 王	quán
痍	疒 夷	疒 夷	yí
痒	疒 羊	疒 羊	yǎng
痓	疒 土	疒 一 厶 土	chì
痔	疒 寸	疒 土 寸	zhì
痕	疒 艮	疒 艮	hén
痘	疒 一	疒 一 口 丷 一	dòu
痛	疒 用	疒 龴 用	tòng
痞	疒 口	疒 不 口	pǐ
痢	疒 刂	疒 禾 刂	lì
痣	疒 心	疒 士 心	zhì
痤	疒 土	疒 人 人 土	cuó
痦	疒 口	疒 五 口	wù
痧	疒 少	疒 氵 少	shā
痨	疒 力	疒 艹 冖 力	láo
痪	疒 大	疒 ⺈ 丨 乛 大	huàn
痫	疒 木	疒 门 木	xián
痰	疒 火	疒 火 火	tán
痱	疒 非	疒 非	fèi féi
痴	疒 口	疒 矢 口	chī
痹	疒 丨	疒 田 一 丿 丨	bì
痼	疒 口	疒 囗 十 口	gù
痿	疒 女	疒 禾 女	wěi
瘀	疒 丶	疒 方 人 丶 丶	yū
瘁	疒 十	疒 亠 人 人 十	cuì
瘃	疒 ㄟ	疒 一 丿 乛 丿 丿 丶 丿 ㄟ	zhú
瘅	疒 丨	疒 丷 丨 乛 一 一 一 丨	dàn dān
瘆	疒 丿	疒 厶 大 丿 丿 丿	shèn
瘊	疒 矢	疒 亻 乛 一 矢	hóu
瘌	疒 刂	疒 束 刂	là
瘐	疒 臾	疒 臾	yǔ
瘕	疒 又	疒 乛 一 丨 一 一 乛 一 又	jiǎ
瘗	疒 土	疒 夹 土	yì
瘘	疒 女	疒 米 女	lòu
瘙	疒 虫	疒 叉 虫	sào
瘛	疒 心	疒 丰 刀 心	chì
瘟	疒 皿	疒 日 皿	wēn
瘠	疒 月	疒 冫 丿 丶 人 月	jí
瘢	疒 又	疒 舟 几 又	bān
瘤	疒 田	疒 丿 乛 丶 刀 田	liú
瘥	疒 工	疒 ⺶ 工	chài cuó
瘦	疒 又	疒 丿 丨 一 乛 一 一 丨 又	shòu
瘩	疒 口	疒 艹 人 一 口	dá da
瘪	疒 匕	疒 自 人 匕	biē biě
瘫	疒 龶	疒 又 亻 亠 龶	tān
瘭	疒 小	疒 西 二 小	biāo
瘰	疒 小	疒 田 幺 小	luǒ
瘳	疒 丿	疒 习 习 人 丿 丿 丿	chōu
瘴	疒 十	疒 立 日 十	zhàng
瘵	疒 小	疒 丿 乛 丶 丶 二 小	zhài
瘸	疒 人	疒 力 口 内 人	qué
瘼	疒 大	疒 艹 日 大	mò
瘾	疒 心	疒 阝 ⺈ 彐 心	yǐn
瘿	疒 女	疒 冂 人 冂 人 女	yǐng
癀	疒 八	疒 艹 一 由 八	huáng
癃	疒 生	疒 阝 夂 一 生	lóng
癌	疒 山	疒 口 口 口 山	ái
癍	疒 王	疒 王 文 王	bān
癔	疒 心	疒 立 日 心	yì
癖	疒 十	疒 尸 口 立 十	pǐ
癗	疒 田	疒 雨 田	lěi
癜	疒 又	疒 尸 艹 一 八 几 又	diàn
癞	疒 人	疒 束 ⺈ 冂 人	lài
癣	疒 羊	疒 鱼 羊	xuǎn
癫	疒 人	疒 十 具上 八 一 丿 冂 人	diān
癯	疒 龶	疒 目 目 亻 亠 龶	qú
癸	乛 天	乛 丶 丿 丿 ㄟ 天	guǐ
登	乛 一	乛 丶 丿 丿 ㄟ 一 口 丷 一	dēng
白	丿 日	丿 日	bái
百	一 白	一 白	bǎi
癿	白 乛	白 乛	qié
皂	白 七	白 七	zào
的	白 勺	白 勺	dí dì de dī
皆	比左 白	比左 匕 白	jiē
皇	白 王	白 王	huáng
皈	白 又	白 丿 丿 又	guī
皋	白 十	白 大 十	gāo yáo
皎	白 乂	白 亠 八 乂	jiǎo
皑	白 己	白 山 己	ái
皓	白 口	白 ⺧ 口	hào
皕	百 百	百 百	bì
皖	白 儿	白 宀 二 儿	wǎn
皙	木 白	木 斤 白	xī
皛	白 白	白 白 白	xiǎo jiǎo
皞	白 十	白 白 大 十	hào
皤	白 田	白 丿 米 田	pó
皦	白 攵	白 白 方 攵	jiǎo
皭	白 寸	白 丿 ⺍ 罒 即左 寸	jiào
皮	乛 又	乛 丿 丨 又	pí
皱	⺈ 又	⺈ 彐 乛 丿 丨 又	zhòu
皲	冖 又	冖 车 乛 丿 丨 又	jūn
皴	厶 又	厶 八 夂 乛 丿 丨 又	cūn
皿	丨 一	丨 乛 丨 丨 一	mǐn
盂	于 皿	于 皿	yú
盅	中 皿	中 皿	zhōng
盆	八 皿	八 刀 皿	pén
盈	乃 皿	乃 又 皿	yíng
盉	禾 皿	禾 皿	hé
益	丷 皿	丷 一 八 皿	yì
盍	土 皿	土 厶 皿	hé
盎	央 皿	央 皿	àng
盏	戋 皿	戋 皿	zhǎn
盐	土 皿	土 卜 皿	yán
监	丨 皿	丨 丨 丿 一 丶 皿	jiān jiàn
盒	人 皿	人 一 口 皿	hé
盔	𠂇 皿	𠂇 火 皿	kuī
盖	⺷ 皿	⺷ 皿	gài gě hé
盗	冫 皿	冫 ⺈ 人 皿	dào
盘	舟 皿	舟 皿	pán
盛	成 皿	成 皿	shèng chéng
盟	日 皿	日 月 皿	méng
盥	丿 皿	丿 丨 一 一 水 彐 皿	guàn
盦	人 皿	人 丶 乛 酉 皿	ān
目	囗 一	囗 一 一	mù
盯	目 丁	目 丁	dīng
盱	目 于	目 于	xū
盲	亡 目	亡 目	máng
直	十 具上	十 具上	zhí
盷	目 冫	目 勹 冫	tián
相	木 目	木 目	xiāng xiàng
盹	目 屯	目 屯	dǔn
盻	目 乛	目 八 一 乛	xì pǎn
盼	目 刀	目 八 刀	pàn
盾	丿 目	丿 丿 十 目	dùn
省	少 目	少 目	shěng xǐng
眄	目 丏	目 丏	miàn
眇	目 少	目 少	miǎo
眈	目 乛	目 丶 乛 丿 乛	dān
眉	乛 目	乛 丨 一 丿 目	méi
眊	目 毛	目 毛	mào
看	龵 目	龵 目	kàn kān
眍	目 乂	目 匚 乂	kōu
眙	目 口	目 厶 口	yí
眚	生 目	生 目	shěng
真	十 八	十 具上 八	zhēn
眠	目 民	目 民	mián
眢	夕 目	夕 乛 乛 目	yuān
眦	目 匕	目 止 匕	zì
眨	目 乏	目 乏	zhǎ
眩	目 幺	目 亠 幺	xuàn
眬	目 龙	目 龙	lóng
眭	目 土	目 土 土	suī
眯	目 米	目 米	mī mí
眵	目 夕	目 夕 夕	chī
眶	目 王	目 匚 王	kuàng
眷	龹 目	龹 目	juàn
眸	目 牛	目 厶 牛	móu
眺	目 丶	目 儿 冫 丿 丶	tiào
眼	目 艮	目 艮	yǎn
着	⺶ 目	⺶ 目	zhuó zháo zhāo zhe
睁	目 丨	目 ⺈ 乛 一 一 丨	zhēng
睃	目 夂	目 厶 八 夂	suō
睄	目 月	目 ⺌ 月	shào
睇	目 丿	目 丷 乛 一 乛 丨 丿	dì
睎	目 巾	目 乂 𠂇 巾	xī
睐	目 来	目 来	lài
睑	目 一	目 人 一 ⺍ 一	jiǎn
睖	目 夂	目 土 八 夂	lèng
睚	目 土	目 厂 土 土	yá
睛	目 月	目 龶 月	jīng
睡	目 垂	目 垂	shuì
睢	目 龶	目 亻 亠 龶	suī
督	上 目	上 小 又 目	dū
睥	目 十	目 丿 丨 乛 一 一 丿 十	pì
睦	目 土	目 土 八 土	mù
睨	目 儿	目 臼 儿	nì
睩	目 氺	目 彐 氺	lù
睫	目 人	目 一 乛 一 一 丨 一 人	jié
睬	目 木	目 丿 ⺍ 木	cǎi
睹	目 日	目 耂 日	dǔ
睽	目 天	目 乛 丶 丿 丿 ㄟ 天	kuí
睾	丿 干	丿 罒 土 丷 干	gāo
睿	丨 目	丨 一 冖 一 八 人 目	ruì
瞀	龴 目	龴 乛 丨 丿 攵 目	mào
瞄	目 田	目 艹 田	miáo
瞅	目 火	目 禾 火	chǒu
瞋	目 八	目 十 具上 八	chēn
瞌	目 皿	目 土 厶 皿	kē
瞍	目 又	目 丿 丨 一 乛 一 一 丨 又	sǒu
瞎	目 口	目 宀 丰 口	xiā
瞑	目 八	目 冖 日 亠 八	míng
瞒	目 两	目 艹 两	mán mén
瞓	目 川	目 讠 川	fèn
瞟	目 小	目 西 二 小	piǎo
瞠	目 土	目 ⺌ 冖 口 土	chēng
瞢	艹 目	艹 罒 冖 目	méng měng
瞥	丶 目	丶 丿 丨 乛 丨 丿 丶 攵 目	piē
瞧	目 灬	目 亻 亠 龶 灬	qiáo
瞩	目 禹	目 尸 禹	zhǔ
瞪	目 一	目 乛 丶 丿 丿 ㄟ 一 口 丷 一	dèng
瞫	目 十	目 西 日 十	shěn
瞬	目 丨	目 丿 ⺍ 冖 夕 一 乛 丨	shùn
瞭	目 小	目 大 丶 丿 日 小	liǎo liào
瞰	目 攵	目 乛 耳 攵	kàn
瞳	目 里	目 立 里	tóng
瞵	目 丨	目 米 夕 一 乛 丨	lín
瞻	目 口	目 ⺈ 厂 八 亠 一 一 口	zhān
瞽	士 目	士 口 丷 一 十 又 目	gǔ
瞿	目 龶	目 目 亻 亠 龶	qú
矍	目 又	目 目 亻 亠 龶 又	jué
矗	十 具上	十 具上 十 具上 十 具上	chù
矛	龴 丿	龴 乛 丨 丿	máo
矜	龴 乛	龴 乛 丨 丿 人 丶 乛	jīn qín guān
矞	龴 口	龴 乛 丨 丿 冂 八 口	yù
矢	丿 天	丿 天	shǐ
矣	厶 矢	厶 矢	yǐ
知	矢 口	矢 口	zhī zhì
矧	矢 丨	矢 弓 丨	shěn
矩	矢 巨	矢 巨	jǔ ju
矫	矢 丨	矢 夭 丿 丨	jiǎo jiáo
矬	矢 土	矢 人 人 土	cuó
短	矢 一	矢 一 口 丷 一	duǎn
矮	矢 女	矢 禾 女	ǎi
矰	矢 日	矢 丷 囗 ⺌ 日	zēng
石	一 口	一 丿 口	shí dàn
矶	石 几	石 几	jī
矸	石 干	石 干	gān
矻	石 乞	石 乞	kū
矼	石 工	石 工	gāng
矾	石 凡	石 凡	fán
矿	石 广	石 广	kuàng
砀	石 丿	石 乛 丿 丿	dàng
码	石 马	石 马	mǎ
砂	石 少	石 少	shā
砄	石 夬guài	石 夬	jué
砆	石 夫	石 夫	fū
砉	丰 石	丰 石	xū huā
砌	石 刀	石 七 刀	qì qiè
砍	石 人	石 ⺈ 人	kǎn
砑	石 牙	石 牙	yà
砒	石 匕	石 比左 匕	pī
研	石 开	石 开	yán yàn
砖	石 专	石 专	zhuān
砗	石 车	石 车	chē
砘	石 屯	石 屯	dùn
砚	石 见下	石 冂 见下	yàn
砜	石 乂	石 几 乂	fēng
砝	石 厶	石 土 厶	fǎ
砟	石 乍	石 乍	zhǎ
砠	石 且	石 且	jū
砣	石 匕	石 宀 匕	tuó
砥	石 氐	石 氐	dǐ
砦	止 石	止 匕 石	zhài
砧	石 口	石 丨 一 口	zhēn
砫	石 主	石 主	zhù zhǔ
砬	石 立	石 立	lá
砭	石 乏	石 乏	biān
砮	女 石	女 又 石	nǔ
砰	石 平	石 平	pēng
砳	石 石	石 石	lè
破	石 又	石 乛 丿 丨 又	pò
砵	石 本	石 本	bō
砷	石 申	石 申	shēn
砸	石 巾	石 匚 巾	zá
砹	石 乂	石 艹 乂	ài
砺	石 万	石 厂 万	lì
砻	龙 石	龙 石	lóng
砼	石 工	石 人 工	tóng
砾	石 乐	石 乐	lì
础	石 出	石 出	chǔ
硁	石 工	石 乛 丶 工	kēng
硅	石 土	石 土 土	guī
硇	石 乂	石 丿 囗 乂	náo
硊	石 乛	石 ⺈ 厂 乛 乛	huì
硌	石 口	石 夂 口	luò gè
硍	石 艮	石 艮	yín
硎	石 刂	石 开 刂	xíng
硐	石 口	石 冂 一 口	dòng
硒	石 西	石 西	xī
硔	石 八	石 艹 一 八	hóng
硕	石 人	石 一 丿 冂 人	shuò
硖	石 夹	石 夹	xiá
硗	石 兀	石 一 乛 丿 兀	qiāo
硙	石 己	石 山 己	wèi ái gài
硚	石 丨	石 夭 丿 丨	qiáo
硝	石 月	石 ⺌ 月	xiāo
硪	石 我	石 我	wò
硫	石 乛	石 亠 厶 丿 丨 乛	liú
硬	石 更	石 更	yìng
硭	石 亡	石 艹 亡	máng
确	石 用	石 ⺈ 用	què
硷	石 一	石 人 一 ⺍ 一	jiǎn
硼	石 月	石 月 月	péng
硿	石 工	石 宀 八 工	kōng
碃	石 月	石 龶 月	qìng
碇	石 人	石 宀 一 丨 一 人	dìng
碈	石 日	石 氏 日	mín
碉	石 口	石 冂 土 口	diāo
碌	石 氺	石 彐 氺	lù liù
碍	石 寸	石 日 一 寸	ài
碎	石 十	石 亠 人 人 十	suì
碏	石 日	石 艹 一 日	què
碑	石 十	石 丿 丨 乛 一 一 丿 十	bēi
碓	石 龶	石 亻 亠 龶	duì
碗	石 乛	石 宀 夕 乛 乛	wǎn
碘	石 八	石 丨 乛 一 丨 丨 一 八	diǎn
碚	石 口	石 立 口	bèi
碛	石 人	石 龶 冂 人	qì
碜	石 丿	石 厶 大 丿 丿 丿	chěn
碟	石 木	石 世 木	dié
碡	石 母	石 龶 母	zhou
碣	石 乛	石 日 勹 人 乛	jié
碥	石 艹	石 户 冂 艹	biǎn
碧	王 石	王 白 石	bì
碨	石 ㄟ	石 田 一 乛 丿 ㄟ	wěi wèi
碰	石 亚	石 丷 亚	pèng
碱	石 口	石 戌 口	jiǎn
碲	石 巾	石 亠 丷 冖 巾	dì
碳	石 火	石 山 𠂇 火	tàn
碴	石 一	石 木 日 一	chá chā
碶	石 大	石 丰 刀 大	qì
碹	石 一	石 宀 一 日 一	xuàn
碾	石 ㄟ	石 尸 艹 一 乛 丿 ㄟ	niǎn
磁	石 幺	石 丷 一 幺 幺	cí
磅	石 方	石 亠 丷 冖 方	bàng páng
磉	石 木	石 又 又 又 木	sǎng
磊	石 石	石 石 石	lěi
磋	石 工	石 ⺶ 工	cuō
磏	石 ㄟ	石 丷 一 乛 一 一 丨 丨 丿 ㄟ	lián iān
磐	舟 石	舟 几 又 石	pán
磔	石 木	石 夕 一 乛 丨 木	zhé
磕	石 皿	石 土 厶 皿	kē
磙	石 𧘇	石 亠 八 厶 𧘇	gǔn
磜	石 小	石 丿 乛 丶 丶 二 小	qì
磡	石 力	石 其上 八 乛 力	kàn
磨	广 石	广 木 木 石	mó mò
磬	士 石	士 乛 丨 一 丿 几 又 石	qìng
磲	石 木	石 氵 巨 木	qú
磴	石 一	石 乛 丶 丿 丿 ㄟ 一 口 丷 一	dèng
磷	石 丨	石 米 夕 一 乛 丨	lín
磹	石 十	石 西 日 十	tán
磺	石 八	石 艹 一 由 八	huáng
磻	石 田	石 丿 米 田	pán
礁	石 灬	石 亻 亠 龶 灬	jiāo
礅	石 攵	石 亠 口 子 攵	dūn
礌	石 田	石 雨 田	léi lěi
礓	石 一	石 一 田 一 田 一	jiāng
礞	石 ㄟ	石 艹 冖 二 丿 乛 丿 丿 丿 ㄟ	méng
礴	石 寸	石 艹 氵 甫 寸	bó
礵	石 目	石 雨 木 目	shuāng
示	二 小	二 小	shì
礼	礻 乛	礻 乛	lǐ
礽	礻 乃	礻 乃	réng
社	礻 土	礻 土	shè
祀	礻 巳	礻 巳	sì
祁	礻 阝	礻 阝	qí
祂	礻 也	礻 也	tā
祃	礻 马	礻 马	mà
祆	礻 天	礻 天	xiān
祇	礻 氏	礻 氏	qí
祈	礻 斤	礻 斤	qí
祉	礻 止	礻 止	zhǐ
祊	礻 方	礻 方	bēng
祋	礻 又	礻 几 又	duì
祎	礻 韦	礻 韦	yī
祏	礻 石	礻 石	shí
祐	礻 口	礻 𠂇 口	yòu
祓	礻 丶	礻 𠂇 又 丶	fú
祕	礻 必	礻 必	mì
祖	礻 且	礻 且	zǔ
祗	礻 氐	礻 氐	zhī
祚	礻 乍	礻 乍	zuò
祛	礻 厶	礻 土 厶	qū
祜	礻 口	礻 十 口	hù
祝	礻 儿	礻 口 儿	zhù
神	礻 申	礻 申	shén
祟	出 小	出 二 小	suì
祠	礻 口	礻 乛 一 口	cí
祢	礻 小	礻 ⺈ 小	mí
祥	礻 羊	礻 羊	xiáng
祧	礻 丶	礻 儿 冫 丿 丶	tiāo
票	西 小	西 二 小	piào piāo
祭	丿 小	丿 乛 丶 丶 二 小	jì zhài
祯	礻 人	礻 丨 一 冂 人	zhēn
祲	礻 又	礻 彐 冖 又	jìn
祷	礻 寸	礻 寿上 寸	dǎo
祸	礻 内	礻 口 内	huò
祺	礻 八	礻 其上 八	qí
祼	礻 果	礻 果	guàn
祾	礻 夂	礻 土 八 夂	líng
禀	亠 小	亠 囗 口 二 小	bǐng
禁	木 小	木 木 二 小	jīn jìn
禄	礻 氺	礻 彐 氺	lù
禅	礻 丨	礻 丷 丨 乛 一 一 一 丨	chán shàn
禊	礻 大	礻 丰 刀 大	xì
禋	礻 土	礻 西 土	yīn
福	礻 田	礻 一 口 田	fú
禑	礻 禺	礻 禺	wú
禒	礻 豕	礻 乛 乛 豕	xiǎn
禔	礻 人	礻 日 一 丨 一 人	zhī
禘	礻 巾	礻 亠 丷 冖 巾	dì
禚	礻 灬	礻 ⺷ 灬	zhuó
禛	礻 八	礻 十 具上 八	zhēn
禤	礻 习	礻 罒 习 习	xuān
禧	礻 口	礻 士 口 丷 一 口	xǐ
禳	礻 𧘇	礻 亠 口 口 一 一 丨 丨 一 𧘇	ráng
禹	丿 丶	丿 丨 乛 一 丨 乛 丨 一 丶	yǔ
禺	丨 丶	丨 乛 一 一 丨 乛 丨 一 丶	yú yù ǒu
离	亠 丶	亠 乂 凵 丨 乛 乛 丶	lí
禽	人 丶	人 亠 乂 凵 丨 乛 乛 丶	qín
禾	丿 木	丿 木	hé
秀	禾 乃	禾 乃	xiù
私	禾 厶	禾 厶	sī
秃	禾 几	禾 几	tū
秆	禾 干	禾 干	gǎn
秉	丿 ㄟ	丿 一 乛 一 一 丨 丿 ㄟ	bǐng
秋	禾 火	禾 火	qiū
种	禾 中	禾 中	zhǒng zhòng chóng
科	禾 十	禾 丶 丶 十	kē
秒	禾 少	禾 少	miǎo
秕	禾 匕	禾 比左 匕	bǐ
秘	禾 必	禾 必	mì bì bèi
租	禾 且	禾 且	zū
秣	禾 末	禾 末	mò
秤	禾 平	禾 平	chèng
秦	寿上 禾	寿上 ㄟ 禾	qín
秧	禾 央	禾 央	yāng
秩	禾 失	禾 失	zhì
秫	禾 术	禾 术	shú
秬	禾 巨	禾 巨	jù
秭	禾 丿	禾 丿 乛 丨 丿	zǐ
积	禾 八	禾 口 八	jī
称	禾 小	禾 ⺈ 小	chēng chèn chèng
秸	禾 口	禾 士 口	jiē
移	禾 夕	禾 夕 夕	yí
秽	禾 夕	禾 山 夕	huì
秾	禾 农	禾 农	nóng
稀	禾 巾	禾 乂 𠂇 巾	xī
稂	禾 良	禾 良	láng
稃	禾 子	禾 丿 ⺍ 子	fū
稆	禾 口	禾 口 口	lǚ
程	禾 王	禾 口 王	chéng
稌	禾 余下	禾 人 余下	tú
稍	禾 月	禾 ⺌ 月	shāo shào
税	禾 儿	禾 丷 口 儿	shuì
稑	禾 土	禾 土 八 土	lù
稔	禾 心	禾 人 丶 乛 心	rěn
稗	禾 十	禾 丿 丨 乛 一 一 丿 十	bài
稙	禾 具上	禾 十 具上	zhī
稚	禾 龶	禾 亻 亠 龶	zhì
稞	禾 果	禾 果	kē
稠	禾 口	禾 冂 土 口	chóu
稣	鱼 禾	鱼 禾	sū
稳	禾 心	禾 ⺈ 彐 心	wěn
稷	禾 夂	禾 田 八 夂	jì
稹	禾 八	禾 十 具上 八	zhěn
稻	禾 臼	禾 丿 ⺍ 臼	dào
稼	禾 豕	禾 宀 豕	jià
稽	禾 日	禾 尤 匕 日	jī qǐ
稿	禾 口	禾 亠 口 冂 口	gǎo
穄	禾 小	禾 丿 乛 丶 丶 二 小	jì
穆	禾 丿	禾 白 少 丿 丿	mù
穑	禾 口	禾 十 丶 丿 一 囗 口	sè
穗	禾 心	禾 一 丨 乛 一 一 丨 一 丶 心	suì
穙	禾 ㄟ	禾 业 ⺶ ㄟ	pú
穜	禾 里	禾 立 里	tóng zhǒng
穟	禾 辶	禾 丷 豕 辶	suì
穰	禾 𧘇	禾 亠 口 口 一 一 丨 丨 一 𧘇	ráng
穴	宀 八	宀 八	xué
究	宀 九	宀 八 九	jiū
穷	宀 力	宀 八 力	qióng
穸	宀 夕	宀 八 夕	xī
穹	宀 弓	宀 八 弓	qióng
空	宀 工	宀 八 工	kōng kòng kǒng
穿	宀 牙	宀 八 牙	chuān
窀	宀 屯	宀 八 屯	zhūn
突	宀 犬	宀 八 犬	tū
窃	宀 刀	宀 八 七 刀	qiè
窄	宀 乍	宀 八 乍	zhǎi
窅	宀 目	宀 八 目	yǎo
窈	宀 力	宀 八 幺 力	yǎo
窊	宀 瓜	宀 八 瓜	wā
窍	宀 乛	宀 八 工 一 乛	qiào
窎	宀 鸟	宀 八 鸟	diào
窑	宀 缶	宀 八 缶	yáo
窒	宀 土	宀 八 一 厶 土	zhì
窕	宀 丶	宀 八 儿 冫 丿 丶	tiǎo yáo
窖	宀 口	宀 八 ⺧ 口	jiào
窗	宀 夂	宀 八 丿 囗 夂	chuāng
窘	宀 口	宀 八 尹 口	jiǒng
窜	宀 串	宀 八 串	cuàn
窝	宀 内	宀 八 口 内	wō
窟	宀 出	宀 八 尸 出	kū
窠	宀 果	宀 八 果	kē
窣	宀 十	宀 八 亠 人 人 十	sū
窥	宀 见下	宀 八 夫 冂 见下	kuī
窦	宀 大	宀 八 十 乛 丶 丶 大	dòu
窨	宀 日	宀 八 立 日	yìn xūn
窬	宀 刂	宀 八 人 一 月 刂	yú
窭	宀 女	宀 八 米 女	jù
窳	宀 瓜	宀 八 瓜 瓜	yǔ
窸	宀 心	宀 八 丿 米 心	xī
窿	宀 生	宀 八 阝 夂 一 生	lóng
立	亠 一	亠 丷 一	lì
竑	立 厶	立 𠂇 厶	hóng
竖	丨 立	丨 丨 又 立	shù
竘	立 口	立 勹 口	qǔ
站	立 口	立 丨 一 口	zhàn
竞	立 儿	立 口 儿	jìng
竟	立 儿	立 日 儿	jìng
章	立 十	立 日 十	zhāng
竣	立 夂	立 厶 八 夂	jùn
童	立 里	立 里	tóng
竦	立 束	立 束	sǒng
竫	立 丨	立 ⺈ 乛 一 一 丨	jìng
竭	立 乛	立 日 勹 人 乛	jié
端	立 而	立 山 而	duān
竹	丿 丨	丿 一 丨 丿 一 丨	zhú
竺	⺮ 二	⺮ 二	zhú dǔ
竽	⺮ 于	⺮ 于	yú
竿	⺮ 干	⺮ 干	gān
笃	⺮ 马	⺮ 马	dǔ
笄	⺮ 开	⺮ 开	jī
笆	⺮ 巴	⺮ 巴	bā
笈	⺮ 及	⺮ 及	jí
笊	⺮ 爪	⺮ 爪	zhào
笋	⺮ 尹	⺮ 尹	sǔn
笏	⺮ 勿	⺮ 勿	hù
笑	⺮ 夭	⺮ 夭	xiào
笔	⺮ 毛	⺮ 毛	bǐ
笕	⺮ 见下	⺮ 冂 见下	jiǎn
笙	⺮ 生	⺮ 生	shēng
笛	⺮ 由	⺮ 由	dí
笞	⺮ 口	⺮ 厶 口	chī
笠	⺮ 立	⺮ 立	lì
笤	⺮ 口	⺮ 刀 口	tiáo
笥	⺮ 口	⺮ 乛 一 口	sì
符	⺮ 寸	⺮ 亻 寸	fú
笨	⺮ 本	⺮ 本	bèn
笪	⺮ 一	⺮ 日 一	dá
笫	⺮ 丿	⺮ 丿 乛 丨 丿	zǐ
第	⺮ 丿	⺮ 乛 一 乛 丨 丿	dì
笮	⺮ 乍	⺮ 乍	zuó zé
笯	⺮ 又	⺮ 女 又	nú
笱	⺮ 口	⺮ 勹 口	gǒu
笳	⺮ 口	⺮ 力 口	jiā
笸	⺮ 口	⺮ 匚 口	pǒ
笺	⺮ 戋	⺮ 戋	jiān
笼	⺮ 龙	⺮ 龙	lóng lǒng
笾	⺮ 辶	⺮ 力 辶	biān
筀	⺮ 土	⺮ 土 土	guì
筅	⺮ 儿	⺮ ⺧ 儿	xiǎn
筇	⺮ 阝	⺮ 工 阝	qióng
等	⺮ 寸	⺮ 土 寸	děng
筊	⺮ 乂	⺮ 亠 八 乂	jiǎo jiào
筋	⺮ 力	⺮ 月 力	jīn
筌	⺮ 王	⺮ 人 王	quán
筏	⺮ 戈	⺮ 亻 戈	fá
筐	⺮ 王	⺮ 匚 王	kuāng
筑	⺮ 凡	⺮ 工 凡	zhù zhú
筒	⺮ 口	⺮ 冂 一 口	tǒng
答	⺮ 口	⺮ 人 一 口	dá dā
策	⺮ ㄟ	⺮ 一 丨 乛 丨 丿 ㄟ	cè
筘	⺮ 口	⺮ 扌 口	kòu
筚	⺮ 十	⺮ 比左 匕 十	bì
筛	⺮ 巾	⺮ 丨 丿 一 巾	shāi
筜	⺮ 彐	⺮ ⺌ 彐	dāng
筝	⺮ 丨	⺮ ⺈ 乛 一 一 丨	zhēng
筠	⺮ 冫	⺮ 土 勹 冫	yún jūn
筢	⺮ 巴	⺮ 扌 巴	pá
筤	⺮ 良	⺮ 良	láng làng
筥	⺮ 口	⺮ 口 口	jǔ
筦	⺮ 儿	⺮ 宀 二 儿	guǎn
筮	⺮ 人	⺮ 工 人 人	shì
筱	⺮ 攵	⺮ 亻 丨 攵	xiǎo
筲	⺮ 月	⺮ ⺌ 月	shāo
筵	⺮ 廴	⺮ 丿 丨 一 乛 廴	yán
筶	⺮ 口	⺮ ⺧ 口	gào
筷	⺮ 夬guài	⺮ 忄 夬	kuài
筹	⺮ 寸	⺮ 寿上 寸	chóu
筻	⺮ 更	⺮ 更	gàng
筼	⺮ 人	⺮ 口 冂 人	yún
签	⺮ 一	⺮ 人 一 ⺍ 一	qiān
简	⺮ 日	⺮ 门 日	jiǎn
箅	⺮ 丨	⺮ 田 一 丿 丨	bì
箍	⺮ 巾	⺮ 扌 匚 巾	gū
箐	⺮ 月	⺮ 龶 月	qìng
箓	⺮ 氺	⺮ 彐 氺	lù
箔	⺮ 白	⺮ 氵 白	bó
箕	⺮ 八	⺮ 其上 八	jī
箖	⺮ 木	⺮ 木 木	lín lǐn
算	⺮ 廾	⺮ 目 廾	suàn
箜	⺮ 工	⺮ 宀 八 工	kōng
管	⺮ 㠯	⺮ 宀 㠯	guǎn
箢	⺮ 乛	⺮ 宀 夕 乛 乛	wǎn yuān
箦	⺮ 人	⺮ 龶 冂 人	zé
箧	⺮ 夹	⺮ 匚 夹	qiè
箨	⺮ 丨	⺮ 扌 又 一 一 丨	tuò
箩	⺮ 夕	⺮ 罒 夕	luó
箪	⺮ 丨	⺮ 丷 丨 乛 一 一 一 丨	dān
箫	⺮ 肃	⺮ 肃	xiāo
箬	⺮ 口	⺮ 艹 𠂇 口	ruò
箭	⺮ 刂	⺮ 丷 一 月 刂	jiàn
箱	⺮ 目	⺮ 木 目	xiāng
箴	⺮ 口	⺮ 戌 口	zhēn
箸	⺮ 日	⺮ 耂 日	zhù
篁	⺮ 王	⺮ 白 王	huáng
篆	⺮ 豕	⺮ 乛 乛 豕	zhuàn
篇	⺮ 艹	⺮ 户 冂 艹	piān
篌	⺮ 矢	⺮ 亻 乛 一 矢	hóu
篑	⺮ 人	⺮ 中 一 冂 人	kuì
篓	⺮ 女	⺮ 米 女	lǒu
篙	⺮ 口	⺮ 亠 口 冂 口	gāo
篚	⺮ 非	⺮ 匚 非	fěi
篝	⺮ 冉	⺮ 一 一 丨 丨 一 冉	gōu
篡	⺮ 厶	⺮ 目 大 厶	cuàn
篥	⺮ 木	⺮ 西 木	lì
篦	⺮ 匕	⺮ 丿 囗 乂 比左 匕	bì
篪	⺮ 几	⺮ 丿 丿 虍 几	chí
篮	⺮ 皿	⺮ 丨 丨 丿 一 丶 皿	lán
篯	⺮ 戋	⺮ 钅 戋	jiǎn jiān
篱	⺮ 丶	⺮ 亠 乂 凵 丨 乛 乛 丶	lí
篷	⺮ 辶	⺮ 夂 丰 辶	péng
篼	⺮ 儿	⺮ 白 丿 乛 乛 一 儿	dōu
篾	⺮ 戍	⺮ 罒 戍	miè
簃	⺮ 夕	⺮ 禾 夕 夕	yí
簇	⺮ 矢	⺮ 方 丿 一 矢	cù
簉	⺮ 辶	⺮ ⺧ 口 辶	zào
簋	⺮ 皿	⺮ 艮 皿	guǐ
簌	⺮ 人	⺮ 束 ⺈ 人	sù
簏	⺮ 匕	⺮ 广 乛 丨 丨 一 比左 匕	lù
簕	⺮ 力	⺮ 革 力	lè
簖	⺮ 斤	⺮ 米 乛 斤	duàn
簝	⺮ 小	⺮ 大 丶 丿 日 小	liáo
簟	⺮ 十	⺮ 西 日 十	diàn
簠	⺮ 皿	⺮ 甫 皿	fǔ
簧	⺮ 八	⺮ 艹 一 由 八	huáng
簪	⺮ 日	⺮ 一 乛 丿 乛 一 乛 丿 乛 日	zān
簰	⺮ 十	⺮ 片 丿 丨 乛 一 一 丿 十	pái
簸	⺮ 又	⺮ 其上 八 乛 丿 丨 又	bò bǒ
簿	⺮ 寸	⺮ 氵 甫 寸	bù bó
籀	⺮ 田	⺮ 扌 丿 乛 丶 刀 田	zhòu
籁	⺮ 人	⺮ 束 ⺈ 冂 人	lài
籍	⺮ 日	⺮ 耒 艹 一 日	jí
籥	⺮ 艹	⺮ 人 一 口 口 口 冂 艹	yuè
米	丶 木	丶 丿 木	mǐ
籴	入 米	入 米	dí
籺	米 乞	米 乞	hé
类	米 大	米 大	lèi
籼	米 山	米 山	xiān
籽	米 子	米 子	zǐ
粄	米 又	米 丿 丿 又	bǎn
粉	米 刀	米 八 刀	fěn
粑	米 巴	米 巴	bā
粒	米 立	米 立	lì
粕	米 白	米 白	pò
粗	米 且	米 且	cū
粘	米 口	米 丨 一 口	zhān nián
粜	出 米	出 米	tiào
粝	米 万	米 厂 万	lì
粞	米 西	米 西	xī
粟	西 米	西 米	sù
粢	冫 米	冫 ⺈ 人 米	zī cí
粤	丿 乛	丿 囗 米 一 乛	yuè
粥	弓 弓	弓 米 弓	zhōu yù
粦	米 丨	米 夕 一 乛 丨	lín
粪	米 八	米 艹 一 八	fèn
粮	米 良	米 良	liáng
粱	氵 米	氵 刀 丿 丶 米	liáng
粲	丨 米	丨 一 夕 又 米	càn
粳	米 更	米 更	jīng
粹	米 十	米 亠 人 人 十	cuì
粼	米 乛	米 夕 一 乛 丨 乛 乛	lín
粽	米 小	米 宀 二 小	zòng
精	米 月	米 龶 月	jīng
粿	米 果	米 果	guǒ
糀	米 匕	米 艹 亻 匕	huā
糁	米 丿	米 厶 大 丿 丿 丿	sǎn shēn
糅	米 木	米 龴 乛 丨 丿 木	róu
糇	米 矢	米 亻 乛 一 矢	hóu
糈	米 月	米 乛 丨 一 人 月	xǔ
糊	米 月	米 十 口 月	hū hú hù
糌	米 日	米 夂 卜 日	zān
糍	米 幺	米 丷 一 幺 幺	cí
糒	米 用	米 艹 一 丿 用	bèi
糕	米 灬	米 ⺷ 灬	gāo
糖	米 口	米 广 乛 一 一 丨 口	táng
糗	米 犬	米 自 犬	qiǔ
糙	米 辶	米 ⺧ 口 辶	cāo
糜	广 米	广 木 木 米	mí méi
糟	米 日	米 一 丨 乛 一 丨 丨 一 日	zāo
糠	米 ㄟ	米 广 乛 一 一 丨 冫 丿 ㄟ	kāng
糨	米 虫	米 弓 口 虫	jiàng
糯	米 而	米 雨 而	nuò
糵	艹 米	艹 丿 㠯 立 十 米	niè
糸	幺 小	幺 小	sī
系	丿 小	丿 幺 小	xì jì
紊	文 小	文 幺 小	wěn
素	龶 小	龶 幺 小	sù
索	十 小	十 冖 幺 小	suǒ
紧	丨 小	丨 丨 又 幺 小	jǐn
紫	止 小	止 匕 幺 小	zǐ
累	田 小	田 幺 小	léi lěi lèi
絜	丰 小	丰 刀 幺 小	xié jié
絮	女 小	女 口 幺 小	xù
絷	扌 小	扌 丸 幺 小	zhí
綦	其上 小	其上 八 幺 小	qí
綮	户 小	户 攵 幺 小	qìng qǐ
縠	士 又	士 冖 一 丿 幺 小 几 又	hú
縢	月 小	月 龹 幺 小	téng
縻	广 小	广 木 木 幺 小	mí
繁	丿 小	丿 一 母 攵 幺 小	fán pó
繄	匚 小	匚 矢 几 又 幺 小	yī
繇	丿 小	丿 ⺍ 缶 丿 幺 小	yáo yóu zhòu
纂	⺮ 小	⺮ 目 大 幺 小	zuǎn
纛	龶 小	龶 母 具上 小 丿 幺 小	dào
纠	纟 丨	纟 乛 丨	jiū
纡	纟 于	纟 于	yū
红	纟 工	纟 工	hóng gōng
纣	纟 寸	纟 寸	zhòu
纤	纟 千	纟 千	xiān qiàn
纥	纟 乞	纟 乞	hé gē
约	纟 勺	纟 勺	yuē yāo
级	纟 及	纟 及	jí
纨	纟 丸	纟 丸	wán
纩	纟 广	纟 广	kuàng
纪	纟 己	纟 己	jì jǐ
纫	纟 刃	纟 刃	rèn
纬	纟 韦	纟 韦	wěi
纭	纟 厶	纟 二 厶	yún
纮	纟 厶	纟 𠂇 厶	hóng
纯	纟 屯	纟 屯	chún
纰	纟 匕	纟 比左 匕	pī pí
纱	纟 少	纟 少	shā
纲	纟 乂	纟 冂 乂	gāng
纳	纟 内	纟 内	nà
纴	纟 壬	纟 壬	rèn
纵	纟 人	纟 人 人	zòng zǒng
纶	纟 匕	纟 人 匕	lún guān
纷	纟 刀	纟 八 刀	fēn
纸	纟 氏	纟 氏	zhǐ
纹	纟 文	纟 文	wén wèn
纺	纟 方	纟 方	fǎng
纻	纟 一	纟 宀 一	zhù
纼	纟 丨	纟 弓 丨	zhèn
纽	纟 丑	纟 丑	niǔ
纾	纟 丨	纟 龴 乛 丨	shū
线	纟 戋	纟 戋	xiàn
绀	纟 甘	纟 甘	gàn
绁	纟 世	纟 世	xiè
绂	纟 丶	纟 𠂇 又 丶	fú
练	纟 丶	纟 一 乛 乛 丿 丶	liàn
组	纟 且	纟 且	zǔ
绅	纟 申	纟 申	shēn
细	纟 田	纟 田	xì
织	纟 八	纟 口 八	zhī zhì
终	纟 丶	纟 夂 丶 丶	zhōng
绉	纟 彐	纟 ⺈ 彐	zhòu
绊	纟 半	纟 半	bàn
绋	纟 弗	纟 弗	fú
绌	纟 出	纟 出	chù
绍	纟 口	纟 刀 口	shào
绎	纟 丨	纟 又 一 一 丨	yì
经	纟 工	纟 乛 丶 工	jīng
绐	纟 口	纟 厶 口	dài
绑	纟 阝	纟 寿上 阝	bǎng
绒	纟 𠂇	纟 戈 𠂇	róng
结	纟 口	纟 士 口	jié jiē
绔	纟 亏	纟 大 亏	kù
绕	纟 兀	纟 一 乛 丿 兀	rào
绖	纟 土	纟 一 厶 土	dié
绗	纟 亍	纟 彳 亍	háng
绘	纟 厶	纟 人 二 厶	huì
给	纟 口	纟 人 一 口	gěi jǐ
绚	纟 日	纟 勹 日	xuàn
绛	纟 丨	纟 夂 一 乛 丨	jiàng
络	纟 口	纟 夂 口	luò lào
绝	纟 巴	纟 ⺈ 巴	jué
绞	纟 乂	纟 亠 八 乂	jiǎo
统	纟 儿	纟 亠 厶 儿	tǒng
绠	纟 更	纟 更	gěng
绡	纟 月	纟 ⺌ 月	xiāo
绢	纟 月	纟 口 月	juàn
绣	纟 乃	纟 禾 乃	xiù
绤	纟 口	纟 八 人 口	xì
绥	纟 女	纟 丿 ⺍ 女	suí
绦	纟 朩	纟 夂 朩	tāo
继	纟 乛	纟 米 乛	jì
绨	纟 丿	纟 丷 乛 一 乛 丨 丿	tí tì
绩	纟 人	纟 龶 冂 人	jì
绪	纟 日	纟 耂 日	xù
绫	纟 夂	纟 土 八 夂	líng
续	纟 大	纟 十 乛 丶 丶 大	xù
绮	纟 口	纟 大 丁 口	qǐ
绯	纟 非	纟 非	fēi
绰	纟 十	纟 丨 一 日 十	chuò chāo
绱	纟 口	纟 ⺌ 冂 口	shàng
绲	纟 匕	纟 日 比左 匕	gǔn
绳	纟 电	纟 口 电	shéng
维	纟 龶	纟 亻 亠 龶	wéi
绵	纟 巾	纟 白 巾	mián
绶	纟 又	纟 丿 ⺍ 冖 又	shòu
绷	纟 月	纟 月 月	bēng běng bèng
绸	纟 口	纟 冂 土 口	chóu
绹	纟 缶	纟 勹 缶	táo
绺	纟 口	纟 夂 卜 口	liǔ
绻	纟 乛	纟 龹 乛 乛	quǎn
综	纟 小	纟 宀 二 小	zōng zèng
绽	纟 人	纟 宀 一 丨 一 人	zhàn
绾	纟 㠯	纟 宀 㠯	wǎn
绿	纟 氺	纟 彐 氺	lǜ lù
缀	纟 又	纟 又 又 又 又	zhuì
缁	纟 田	纟 乛 乛 乛 田	zī
缂	纟 革	纟 革	kè
缃	纟 目	纟 木 目	xiāng
缄	纟 口	纟 戌 口	jiān
缅	纟 面	纟 面	miǎn
缆	纟 见下	纟 丨 丨 丿 一 丶 冂 见下	lǎn
缇	纟 人	纟 日 一 丨 一 人	tí
缈	纟 少	纟 目 少	miǎo
缉	纟 耳	纟 口 耳	jī qī
缊	纟 皿	纟 日 皿	yùn yūn
缌	纟 心	纟 田 心	sī
缎	纟 又	纟 丿 丨 一 一 一 几 又	duàn
缐	纟 水	纟 白 水	xiàn
缑	纟 矢	纟 亻 乛 一 矢	gōu
缒	纟 辶	纟 丿 㠯 辶	zhuì
缓	纟 又	纟 丿 ⺍ 一 𠂇 又	huǎn
缔	纟 巾	纟 亠 丷 冖 巾	dì
缕	纟 女	纟 米 女	lǚ
编	纟 艹	纟 户 冂 艹	biān
缗	纟 日	纟 民 日	mín
缘	纟 豕	纟 乛 乛 豕	yuán
缙	纟 日	纟 亚 日	jìn
缚	纟 寸	纟 甫 寸	fù
缛	纟 寸	纟 厂 二 乛 丿 ㄟ 寸	rù
缜	纟 八	纟 十 具上 八	zhěn
缝	纟 辶	纟 夂 丰 辶	féng fèng
缞	纟 𧘇	纟 亠 丨 乛 一 一 𧘇	cuī
缟	纟 口	纟 亠 口 冂 口	gǎo
缠	纟 里	纟 广 里	chán
缡	纟 丶	纟 亠 乂 凵 丨 乛 乛 丶	lí
缢	纟 皿	纟 丷 一 八 皿	yì
缣	纟 ㄟ	纟 丷 一 乛 一 一 丨 丨 丿 ㄟ	jiān
缤	纟 八	纟 宀 丘 八	bīn
缥	纟 小	纟 西 二 小	piǎo piāo
缦	纟 又	纟 日 罒 又	màn
缧	纟 小	纟 田 幺 小	léi
缨	纟 女	纟 冂 人 冂 人 女	yīng
缩	纟 百	纟 宀 亻 百	suō sù
缪	纟 丿	纟 习 习 人 丿 丿 丿	móu miù miào mù liǎo
缫	纟 果	纟 乛 乛 乛 果	sāo
缬	纟 人	纟 士 口 一 丿 冂 人	xié
缭	纟 小	纟 大 丶 丿 日 小	liáo
缮	纟 口	纟 羊 丶 丿 一 口	shàn
缯	纟 日	纟 丷 囗 ⺌ 日	zēng zèng
缰	纟 一	纟 一 田 一 田 一	jiāng
缱	纟 辶	纟 中 一 㠯 辶	qiǎn
缲	纟 木	纟 口 口 口 木	qiāo sāo
缳	纟 𧘇	纟 罒 一 口 𧘇	huán
缴	纟 攵	纟 白 方 攵	jiǎo zhuó
缵	纟 人	纟 ⺧ 儿 ⺧ 儿 冂 人	zuǎn
缶	午 凵	午 凵	fǒu
缸	缶 工	缶 工	gāng
缺	缶 夬guài	缶 夬	quē
罂	冂 缶	冂 人 冂 人 缶	yīng
罄	士 缶	士 乛 丨 一 丿 几 又 缶	qìng
罅	缶 乎	缶 虍 乎	xià
罍	田 缶	田 田 田 缶	léi
罐	缶 龶	缶 艹 口 口 亻 亠 龶	guàn
网	冂 乂	冂 乂 乂	wǎng
罔	冂 亡	冂 丷 一 亡	wǎng
罕	冖 干	冖 八 干	hǎn
罖	罒 丶	罒 人 丶	wǎng
罗	罒 夕	罒 夕	luó
罘	罒 不	罒 不	fú
罚	罒 刂	罒 讠 刂	fá
罟	罒 口	罒 十 口	gǔ
罡	罒 正	罒 正	gāng
罢	罒 厶	罒 土 厶	bà ba
罧	罒 木	罒 木 木	shēn
罨	罒 电	罒 大 电	yǎn
罩	罒 十	罒 丨 一 日 十	zhào
罪	罒 非	罒 非	zuì
置	罒 具上	罒 十 具上	zhì
罱	罒 干	罒 十 冂 丷 干	lǎn
署	罒 日	罒 耂 日	shǔ
罴	罒 灬	罒 土 厶 灬	pí
罶	罒 田	罒 丿 乛 丶 刀 田	liǔ
罹	罒 龶	罒 忄 亻 亠 龶	lí
罽	罒 刂	罒 厂 火 火 刂	jì
罾	罒 日	罒 丷 囗 ⺌ 日	zēng
羁	罒 马	罒 革 马	jī
羊	丷 丨	丷 一 一 一 丨	yáng xiáng
羌	⺶ 乛	⺶ 乛	qiāng
美	⺷ 大	⺷ 大	měi
羑	⺷ 久	⺷ 久	yǒu
羓	⺶ 巴	⺶ 巴	bā
羔	⺷ 灬	⺷ 灬	gāo
羕	⺷ 永	⺷ 永	yàng
羖	⺶ 又	⺶ 几 又	gǔ
羚	⺶ 龴	⺶ 人 丶 龴	líng
羝	⺶ 氐	⺶ 氐	dī
羞	⺶ 丑	⺶ 丑	xiū
羟	⺶ 工	⺶ 乛 丶 工	qiǎng
羡	⺷ 人	⺷ 冫 ⺈ 人	xiàn
群	尹 羊	尹 口 羊	qún
羧	⺶ 夂	⺶ 厶 八 夂	suō
羯	⺶ 乛	⺶ 日 勹 人 乛	jié
羰	⺶ 火	⺶ 山 𠂇 火	tāng
羱	⺶ 小	⺶ 厂 白 小	yuán
羲	⺷ 丶	⺷ 丿 一 丨 丿 丶 一 乛 乛 丿 丶	xī
羴	羊 羊	羊 羊 羊	shān
羸	亡 凡	亡 口 月 羊 凡	léi
羹	⺷ 大	⺷ 灬 ⺷ 大	gēng
羼	尸 羊	尸 羊 ⺶ 羊	chàn
羽	习 习	习 习	yǔ
羿	习 廾	习 习 廾	yì
翀	习 中	习 习 中	chōng
翁	八 习	八 厶 习 习	wēng
翂	习 刀	习 习 八 刀	fēn
翃	𠂇 习	𠂇 厶 习 习	hóng
翅	十 习	十 又 习 习	chì
翈	甲 习	甲 习 习	xiá
翊	立 习	立 习 习	yì
翌	习 立	习 习 立	yì
翎	人 习	人 丶 龴 习 习	líng
翔	⺶ 习	⺶ 习 习	xiáng
翕	人 习	人 一 口 习 习	xī
翘	一 习	一 乛 丿 兀 习 习	qiáo qiào
翙	山 习	山 夕 习 习	huì
翚	习 车	习 习 冖 车	huī
翛	亻 习	亻 丨 夂 习 习	xiāo
翟	习 龶	习 习 亻 亠 龶	dí zhái
翠	习 十	习 习 亠 人 人 十	cuì
翡	非 习	非 习 习	fěi
翥	耂 习	耂 日 习 习	zhù
翦	丷 习	丷 一 月 刂 习 习	jiǎn
翧	宀 习	宀 一 日 一 习 习	xuān
翩	户 习	户 冂 艹 习 习	piān
翮	一 习	一 口 冂 丷 一 丨 习 习	hé
翯	习 口	习 习 亠 口 冂 口	hè
翰	十 习	十 日 十 人 习 习	hàn
翱	白 习	白 大 十 习 习	áo
翳	匚 习	匚 矢 几 又 习 习	yì
翷	米 习	米 夕 一 乛 丨 习 习	lín
翻	丿 习	丿 米 田 习 习	fān
翼	习 八	习 习 田 艹 一 八	yì
翾	罒 习	罒 一 口 𧘇 习 习	xuān
耀	⺌ 龶	⺌ 兀 习 习 亻 亠 龶	yào
老	耂 匕	耂 匕	lǎo
考	耂 乛	耂 一 乛	kǎo
耄	耂 毛	耂 匕 毛	mào
者	耂 日	耂 日	zhě
耆	耂 日	耂 匕 日	qí shì
耇	耂 口	耂 勹 口	gǒu
耋	耂 土	耂 匕 一 厶 土	dié
而	一 丨	一 丿 冂 丨 丨	ér
耍	而 女	而 女	shuǎ
耏	而 丿	而 丿 丿 丿	ér nài
耐	而 寸	而 寸	nài
耑	山 而	山 而	duān zhuān
耒	丰 ㄟ	丰 丿 ㄟ	lěi
耔	耒 子	耒 子	zǐ
耕	耒 井	耒 井	gēng
耖	耒 少	耒 少	chào
耗	耒 毛	耒 毛	hào
耘	耒 厶	耒 二 厶	yún
耙	耒 巴	耒 巴	bà pá
耜	耒 㠯	耒 㠯	sì
耠	耒 口	耒 人 一 口	huō
耢	耒 力	耒 艹 冖 力	lào
耤	耒 日	耒 艹 一 日	jí
耥	耒 口	耒 ⺌ 冂 口	tǎng tāng
耦	耒 禺	耒 禺	ǒu
耧	耒 女	耒 米 女	lóu
耨	耒 寸	耒 厂 二 乛 丿 ㄟ 寸	nòu
耩	耒 冉	耒 一 一 丨 丨 一 冉	jiǎng
耪	耒 方	耒 亠 丷 冖 方	pǎng
耰	耒 夂	耒 一 丿 丨 乛 一 一 冖 心 夂	yōu
耱	耒 石	耒 广 木 木 石	mò
耳	一 一	一 丨 丨 一 一 一	ěr
耵	耳 丁	耳 丁	dīng
耶	耳 阝	耳 阝	yé yē
耷	大 耳	大 耳	dā
耸	人 耳	人 人 耳	sǒng
耻	耳 止	耳 止	chǐ
耽	耳 乛	耳 丶 乛 丿 乛	dān
耿	耳 火	耳 火	gěng
聂	耳 又	耳 又 又	niè
聃	耳 冉	耳 冉	dān
聆	耳 龴	耳 人 丶 龴	líng
聊	耳 卩	耳 丿 乛 丿 卩	liáo
聋	龙 耳	龙 耳	lóng
职	耳 八	耳 口 八	zhí
聍	耳 丁	耳 宀 丁	níng
聒	耳 口	耳 千 口	guō
联	耳 天	耳 丷 天	lián
聘	耳 乛	耳 由 一 乛	pìn
聚	耳 ㄟ	耳 又 亻 丿 丿 丿 ㄟ	jù
聩	耳 人	耳 中 一 冂 人	kuì
聪	耳 心	耳 丷 口 心	cōng
聱	龶 耳	龶 乛 丿 攵 耳	áo
聿	乛 丨	乛 一 一 一 一 丨	yù
肃	乛 丶	乛 一 一 丨 丿 丨 丿 丶	sù
肄	匕 聿	匕 矢 聿	yì
肆	一 聿	一 丨 一 二 厶 聿	sì
肇	户 聿	户 攵 聿	zhào
肉	内 人	内 人	ròu
肋	月 力	月 力	lèi lē
肌	月 几	月 几	jī
肏	入 人	入 内 人	cào
肓	亡 月	亡 月	huāng
肖	⺌ 月	⺌ 月	xiāo xiào
肘	月 寸	月 寸	zhǒu
肙	口 月	口 月	yuān
肚	月 土	月 土	dù dǔ
肛	月 工	月 工	gāng
肝	月 干	月 干	gān
肟	月 亏	月 亏	wò
肠	月 丿	月 乛 丿 丿	cháng
股	月 又	月 几 又	gǔ
肢	月 又	月 十 又	zhī
肤	月 夫	月 夫	fū
肥	月 巴	月 巴	féi
肩	户 月	户 月	jiān
肪	月 方	月 方	fáng
肫	月 屯	月 屯	zhūn
肭	月 内	月 内	nà
肮	月 几	月 亠 几	āng
肯	止 月	止 月	kěn
肱	月 厶	月 𠂇 厶	gōng
育	亠 月	亠 厶 月	yù
肴	乂 月	乂 𠂇 月	yáo
肶	月 匕	月 比左 匕	bǐ bì
肷	月 人	月 ⺈ 人	qiǎn
肸	月 十	月 八 十	xī
肺	月 丨	月 一 丨 乛 丨	fèi
肼	月 井	月 井	jǐng
肽	月 太	月 太	tài
肾	丨 月	丨 丨 又 月	shèn
肿	月 中	月 中	zhǒng
胀	月 长	月 长	zhàng
胁	月 办	月 办	xié
胂	月 申	月 申	shèn
胃	田 月	田 月	wèi
胄	由 月	由 月	zhòu
胆	月 一	月 日 一	dǎn
胈	月 丶	月 𠂇 又 丶	bá
背	丨 月	丨 一 一 匕 月	bèi bēi
胍	月 瓜	月 瓜	guā
胎	月 口	月 厶 口	tāi
胖	月 半	月 半	pàng pán pàn
胗	月 丿	月 人 丿 丿 丿	zhēn
胙	月 乍	月 乍	zuò
胚	月 丕	月 丕	pēi
胛	月 甲	月 甲	jiǎ
胜	月 生	月 生	shèng
胝	月 氐	月 氐	zhī
胞	月 巳	月 勹 巳	bāo
胠	月 厶	月 土 厶	qū
胡	十 月	十 口 月	hú
胣	月 也	月 丿 一 也	chǐ
胤	丿 乛	丿 幺 月 乛	yìn
胥	乛 月	乛 丨 一 人 月	xū
胧	月 龙	月 龙	lóng
胨	月 东	月 东	dòng
胩	月 卜	月 上 卜	kǎ
胪	月 尸	月 丨 一 尸	lú
胫	月 工	月 乛 丶 工	jìng
胬	女 人	女 又 内 人	nǔ
胭	月 大	月 囗 大	yān
胯	月 亏	月 大 亏	kuà
胰	月 夷	月 夷	yí
胱	月 兀	月 ⺌ 兀	guāng
胲	月 人	月 亠 乛 丿 人	hǎi
胳	月 口	月 夂 口	gē gé
胴	月 口	月 冂 一 口	dòng
胶	月 乂	月 亠 八 乂	jiāo
胸	月 凵	月 勹 乂 凵	xiōng
胺	月 女	月 宀 女	àn
胼	月 开	月 丷 开	pián
能	厶 匕	厶 月 匕 匕	néng nài
脂	月 日	月 匕 日	zhī
脆	月 乛	月 ⺈ 厂 乛 乛	cuì
脉	月 永	月 永	mài mò
脊	冫 月	冫 丿 丶 人 月	jǐ
脍	月 厶	月 人 二 厶	kuài
脎	月 朩	月 乂 朩	sà
脏	月 土	月 广 土	zàng
脐	月 丨	月 文 丿 丨	qí
脑	月 凵	月 亠 乂 凵	nǎo
脒	月 米	月 米	mǐ
脓	月 农	月 农	nóng
脔	亠 人	亠 丨 丨 丿 丶 内 人	luán
脖	月 子	月 十 冖 子	bó
脘	月 儿	月 宀 二 儿	wǎn
脚	月 卩	月 土 厶 卩	jiǎo jué
脞	月 土	月 人 人 土	cuǒ
脟	月 寸	月 丿 ⺍ 寸	liè
脩	亻 月	亻 丨 夂 月	xiū
脬	月 子	月 丿 ⺍ 子	pāo
脯	月 甫	月 甫	fǔ pú
脱	月 儿	月 丷 口 儿	tuō
脲	月 水	月 尸 水	niào
脶	月 内	月 口 内	luó
脸	月 一	月 人 一 ⺍ 一	liǎn
脾	月 十	月 丿 丨 乛 一 一 丿 十	pí
脿	月 𧘇	月 龶 𧘇	biāo
腆	月 八	月 丨 乛 一 丨 丨 一 八	tiǎn
腈	月 月	月 龶 月	jīng
腊	月 日	月 艹 一 日	xī
腋	月 ㄟ	月 亠 亻 丿 乛 丶 ㄟ	yè
腌	月 电	月 大 电	yān ā
腐	广 人	广 亻 寸 内 人	fǔ
腑	月 寸	月 广 亻 寸	fǔ
腒	月 口	月 尸 十 口	jū
腓	月 非	月 非	féi
腔	月 工	月 宀 八 工	qiāng
腕	月 乛	月 宀 夕 乛 乛	wàn
腘	月 玉	月 囗 玉	guó
腙	月 小	月 宀 二 小	zōng
腚	月 人	月 宀 一 丨 一 人	dìng
腠	月 天	月 寿上 ㄟ 天	còu
腥	月 生	月 日 生	xīng
腧	月 刂	月 人 一 月 刂	shù
腨	月 而	月 山 而	shuàn
腩	月 干	月 十 冂 丷 干	nǎn
腭	月 亏	月 口 口 亏	è
腮	月 心	月 田 心	sāi
腯	月 目	月 丿 丿 十 目	tú
腰	月 女	月 西 女	yāo
腱	月 廴	月 聿 廴	jiàn
腴	月 臾	月 臾	yú
腹	月 夂	月 丿 一 日 夂	fù
腺	月 水	月 白 水	xiàn
腻	月 人	月 弋 二 冂 人	nì
腼	月 面	月 面	miǎn
腽	月 皿	月 日 皿	wà
腾	月 马	月 龹 马	téng
腿	月 辶	月 艮 辶	tuǐ
膀	月 方	月 亠 丷 冖 方	bǎng pāng páng bàng
膂	方 月	方 丿 一 丿 乛 丿 ㄟ 月	lǚ
膈	月 丨	月 一 口 冂 丷 一 丨	gé
膊	月 寸	月 甫 寸	bó bo
膏	亠 月	亠 口 冖 口 月	gāo gào
膑	月 八	月 宀 丘 八	bìn
膖	月 辶	月 夂 丰 辶	pāng
膘	月 小	月 西 二 小	biāo
膙	月 虫	月 弓 口 虫	jiǎng
膛	月 土	月 ⺌ 冖 口 土	táng
膜	月 大	月 艹 日 大	mó
膝	月 氺	月 木 人 氺	xī
膥	末 人	末 成 内 人	cūn
膦	月 丨	月 米 夕 一 乛 丨	lìn
膨	月 丿	月 士 口 丷 一 丿 丿 丿	péng
膬	月 毛	月 毛 毛 毛	cuì
膳	月 口	月 羊 丶 丿 一 口	shàn
膺	广 月	广 亻 亻 亠 龶 月	yīng
膻	月 一	月 亠 囗 口 日 一	shān dàn
臀	尸 月	尸 艹 一 八 几 又 月	tún
臂	尸 月	尸 口 立 十 月	bì bei
臃	月 龶	月 亠 乡 亻 亠 龶	yōng
臆	月 心	月 立 日 心	yì
臊	月 木	月 口 口 口 木	sāo sào
臌	月 又	月 士 口 丷 一 十 又	gǔ
臑	月 而	月 雨 而	nào
臜	月 人	月 ⺧ 儿 ⺧ 儿 冂 人	zā
臣	匚 丨	匚 丨 乛 一 丨	chén
臧	戊 臣	戊 乛 一 丿 臣	zāng zàng cáng
自	丿 目	丿 目	zì
臬	自 木	自 木	niè
臭	自 犬	自 犬	chòu xiù
至	一 土	一 厶 土	zhì
致	一 攵	一 厶 土 攵	zhì
臻	一 禾	一 厶 土 寿上 ㄟ 禾	zhēn
臼	丿 一	丿 丨 一 乛 一 一	jiù
臾	丿 ㄟ	丿 丨 一 乛 一 一 丿 ㄟ	yú
舀	丿 臼	丿 ⺍ 臼	yǎo
舁	臼 廾	臼 廾	yú
舂	寿上 臼	寿上 ㄟ 臼	chōng
舄	臼 灬	臼 勹 灬	xì
舅	臼 力	臼 田 力	jiù
舆	丿 八	丿 丨 一 一 车 乛 一 一 一 八	yú
舌	千 口	千 口	shé
舍	人 口	人 干 口	shè shě
舐	千 氏	千 口 氏	shì
舒	人 丨	人 干 口 龴 乛 丨	shū
舔	千 ⺗	千 口 天 ⺗	tiǎn
舛	夕 丨	夕 一 乛 丨	chuǎn
舜	丿 丨	丿 ⺍ 冖 夕 一 乛 丨	shùn
舞	丿 丨	丿 一 一 丨 丨 丨 丨 一 夕 一 乛 丨	wǔ
舟	丿 丶	丿 丿 乛 丶 一 丶	zhōu
舠	舟 刀	舟 刀	dāo
舢	舟 山	舟 山	shān
舣	舟 义	舟 义	yǐ
舥	舟 巴	舟 巴	pā
航	舟 几	舟 亠 几	háng
舫	舟 方	舟 方	fǎng
般	舟 又	舟 几 又	bān bō pán
舭	舟 匕	舟 比左 匕	bǐ
舯	舟 中	舟 中	zhōng
舰	舟 见下	舟 冂 见下	jiàn
舱	舟 乛	舟 人 乛 乛	cāng
舲	舟 龴	舟 人 丶 龴	líng
舳	舟 由	舟 由	zhú
舴	舟 乍	舟 乍	zé
舵	舟 匕	舟 宀 匕	duò
舶	舟 白	舟 白	bó
舷	舟 幺	舟 亠 幺	xián
舸	舟 口	舟 丁 口	gě
船	舟 口	舟 几 口	chuán
舻	舟 尸	舟 丨 一 尸	lú
舾	舟 西	舟 西	xī
艄	舟 月	舟 ⺌ 月	shāo
艅	舟 余下	舟 人 余下	yú
艇	舟 廴	舟 壬 廴	tǐng
艉	舟 毛	舟 尸 毛	wěi
艋	舟 皿	舟 子 皿	měng
艎	舟 王	舟 白 王	huáng
艏	舟 自	舟 丷 一 自	shǒu
艘	舟 又	舟 丿 丨 一 乛 一 一 丨 又	sōu
艚	舟 日	舟 一 丨 乛 一 丨 丨 一 日	cáo
艟	舟 里	舟 立 里	chōng
艨	舟 ㄟ	舟 艹 冖 二 丿 乛 丿 丿 丿 ㄟ	méng
艮	彐 ㄟ	彐 乛 丿 ㄟ	gèn
良	丶 艮	丶 艮	liáng
艰	又 艮	又 艮	jiān
色	⺈ 巴	⺈ 巴	sè shǎi
艳	丰 巴	丰 ⺈ 巴	yàn
艴	弗 巴	弗 ⺈ 巴	fú
艺	艹 乛	艹 乛	yì
艽	艹 九	艹 九	jiāo
艾	艹 乂	艹 乂	ài yì
艿	艹 乃	艹 乃	nǎi
节	艹 卩	艹 卩	jié jiē
芃	艹 凡	艹 凡	péng
芄	艹 丸	艹 丸	wán
芈	丨 丨	丨 一 丨 一 一 一 丨	mǐ
芊	艹 千	艹 千	qiān
芋	艹 于	艹 于	yù
芍	艹 勺	艹 勺	sháo
芎	艹 弓	艹 弓	xiōng
芏	艹 土	艹 土	dù
芑	艹 己	艹 己	qǐ
芒	艹 亡	艹 亡	máng
芗	艹 乡	艹 乡	xiāng
芘	艹 匕	艹 比左 匕	bì pí
芙	艹 夫	艹 夫	fú
芜	艹 无	艹 无	wú
芝	艹 之	艹 之	zhī
芟	艹 又	艹 几 又	shān
芠	艹 文	艹 文	wén
芡	艹 人	艹 ⺈ 人	qiàn
芣	艹 不	艹 不	fú
芤	艹 乛	艹 子 乛	kōu
芥	艹 丨	艹 人 丿 丨	jiè
芦	艹 户	艹 户	lú
芨	艹 及	艹 及	jī
芩	艹 乛	艹 人 丶 乛	qín
芪	艹 氏	艹 氏	qí
芫	艹 儿	艹 二 儿	yuán yán
芬	艹 刀	艹 八 刀	fēn
芭	艹 巴	艹 巴	bā
芮	艹 内	艹 内	ruì
芯	艹 心	艹 心	xīn xìn
芰	艹 又	艹 十 又	jì
花	艹 匕	艹 亻 匕	huā
芳	艹 方	艹 方	fāng
芴	艹 勿	艹 勿	wù
芶	艹 厶	艹 勹 厶	gǒu
芷	艹 止	艹 止	zhǐ
芸	艹 厶	艹 二 厶	yún
芹	艹 斤	艹 斤	qín
芼	艹 毛	艹 毛	máo mào
芽	艹 牙	艹 牙	yá
芾	艹 丨	艹 一 丨 乛 丨	fèi fú
苁	艹 人	艹 人 人	cōng
苄	艹 卞	艹 卞	biàn
苇	艹 韦	艹 韦	wěi
苈	艹 力	艹 厂 力	lì
苉	艹 儿	艹 匚 儿	pǐ
苊	艹 乛	艹 厂 乛 乛	è
苋	艹 见下	艹 冂 见下	xiàn
苌	艹 长	艹 长	cháng
苍	艹 乛	艹 人 乛 乛	cāng
苎	艹 一	艹 宀 一	zhù
苏	艹 办	艹 办	sū sù
苑	艹 乛	艹 夕 乛 乛	yuàn
苒	艹 冉	艹 冉	rǎn
苓	艹 龴	艹 人 丶 龴	líng
苔	艹 口	艹 厶 口	tái tāi
苕	艹 口	艹 刀 口	tiáo sháo
苗	艹 田	艹 田	miáo
苘	艹 口	艹 冂 口	qǐng
苛	艹 口	艹 丁 口	kē hē
苜	艹 目	艹 目	mù
苞	艹 巳	艹 勹 巳	bāo
苟	艹 口	艹 勹 口	gǒu
苠	艹 民	艹 民	mín
苡	艹 人	艹 乛 丶 人	yǐ
苣	艹 巨	艹 巨	jù qǔ
苤	艹 丕	艹 丕	piě
若	艹 口	艹 𠂇 口	ruò rě
苦	艹 口	艹 十 口	kǔ
苧	艹 丁	艹 宀 丁	zhù níng
苫	艹 口	艹 丨 一 口	shān shàn
苯	艹 本	艹 本	běn
英	艹 央	艹 央	yīng
苴	艹 且	艹 且	jū
苶	艹 小	艹 人 小	nié
苷	艹 甘	艹 甘	gān
苹	艹 平	艹 平	píng
苻	艹 寸	艹 亻 寸	fú
苾	艹 必	艹 必	bì
茀	艹 弗	艹 弗	fú
茁	艹 出	艹 出	zhuó
茂	艹 戊	艹 戊	mào
范	艹 乛	艹 氵 乛 乛	fàn
茄	艹 口	艹 力 口	jiā qié
茅	艹 丿	艹 龴 乛 丨 丿	máo
茆	艹 卩	艹 丿 乛 丿 卩	máo
茈	艹 匕	艹 止 匕	zǐ
茉	艹 末	艹 末	mò
茋	艹 氐	艹 氐	zhǐ
茌	艹 士	艹 亻 士	chí
茎	艹 工	艹 乛 丶 工	jīng
茏	艹 龙	艹 龙	lóng
茑	艹 鸟	艹 鸟	niǎo
茓	艹 八	艹 宀 八	xué
茔	艹 土	艹 冖 土	yíng
茕	艹 十	艹 冖 乛 十	qióng
茗	艹 口	艹 夕 口	míng
茚	艹 卩	艹 丿 乛 一 卩	yìn
茛	艹 艮	艹 艮	gèn
茜	艹 西	艹 西	qiàn
茝	艹 丨	艹 匚 丨 口 丨	chǎi
茧	艹 虫	艹 虫	jiǎn
茨	艹 人	艹 冫 ⺈ 人	cí
茫	艹 亡	艹 氵 亡	máng
茬	艹 土	艹 𠂇 丨 土	chá
茭	艹 乂	艹 亠 八 乂	jiāo
茯	艹 犬	艹 亻 犬	fú
茱	艹 朱	艹 朱	zhū
茳	艹 工	艹 氵 工	jiāng
茴	艹 口	艹 囗 口	huí
茵	艹 大	艹 囗 大	yīn
茶	艹 朩	艹 人 朩	chá
茸	艹 耳	艹 耳	róng
茹	艹 口	艹 女 口	rú
茺	艹 儿	艹 亠 厶 儿	chōng
茼	艹 口	艹 冂 一 口	tóng
茽	艹 中	艹 亻 中	zhòng
荀	艹 日	艹 勹 日	xún
荁	艹 一	艹 一 日 一	huán
荃	艹 王	艹 人 王	quán
荄	艹 人	艹 亠 乛 丿 人	gāi
荆	艹 刂	艹 开 刂	jīng
荇	艹 亍	艹 彳 亍	xìng
草	艹 十	艹 日 十	cǎo
荌	艹 女	艹 宀 女	àn
荏	艹 壬	艹 亻 壬	rěn
荐	艹 子	艹 𠂇 丨 子	jiàn
荑	艹 夷	艹 夷	yí
荒	艹 乛	艹 亡 丿 丨 乛	huāng
荓	艹 开	艹 丷 开	píng
荔	艹 力	艹 力 力 力	lì
荖	艹 匕	艹 耂 匕	lǎo
荙	艹 辶	艹 大 辶	dá
荚	艹 夹	艹 夹	jiá
荛	艹 兀	艹 一 乛 丿 兀	ráo
荜	艹 十	艹 比左 匕 十	bì
荞	艹 丨	艹 夭 丿 丨	qiáo
荟	艹 厶	艹 人 二 厶	huì
荠	艹 丨	艹 文 丿 丨	jì
荡	艹 丿	艹 氵 乛 丿 丿	dàng
荣	艹 木	艹 冖 木	róng
荤	艹 车	艹 冖 车	hūn
荥	艹 水	艹 冖 水	xíng
荦	艹 牛	艹 冖 牛	luò
荧	艹 火	艹 冖 火	yíng
荨	艹 寸	艹 彐 寸	qián xún tán
荩	艹 丶	艹 尺 丶 丶	jìn
荪	艹 小	艹 子 小	sūn
荫	艹 月	艹 阝 月	yīn
荬	艹 大	艹 乛 丶 丶 大	mǎi
荭	艹 工	艹 纟 工	hóng
荮	艹 寸	艹 纟 寸	zhòu
药	艹 勺	艹 纟 勺	yào
荷	艹 口	艹 亻 丁 口	hé hè
荸	艹 子	艹 十 冖 子	bí
荻	艹 火	艹 犭 火	dí
荼	艹 余下	艹 人 余下	tú
荽	艹 女	艹 丿 ⺍ 女	suī
莀	艹 乀	艹 厂 二 乛 丿 乀	chén
莅	艹 立	艹 亻 立	lì
莆	艹 甫	艹 甫	pú
莉	艹 刂	艹 禾 刂	lì
莎	艹 少	艹 氵 少	suō shā
莒	艹 口	艹 口 口	jǔ
莓	艹 母	艹 丿 一 母	méi
莘	艹 十	艹 立 十	shēn xīn
莙	艹 口	艹 尹 口	jūn
莛	艹 廴	艹 壬 廴	tíng
莜	艹 攵	艹 亻 丨 攵	yóu
莝	艹 土	艹 人 人 土	cuò
莞	艹 儿	艹 宀 二 儿	guān guǎn wǎn
莠	艹 乃	艹 禾 乃	yǒu
莨	艹 良	艹 良	làng liáng
莩	艹 子	艹 丿 ⺍ 子	fú piǎo
莪	艹 我	艹 我	é
莫	艹 大	艹 日 大	mò mù
莯	艹 木	艹 氵 木	mù
莰	艹 人	艹 土 ⺈ 人	kǎn
莱	艹 来	艹 来	lái
莲	艹 辶	艹 车 辶	lián
莳	艹 寸	艹 日 寸	shì shí
莴	艹 内	艹 口 内	wō
莶	艹 一	艹 人 一 ⺍ 一	xiān
获	艹 犬	艹 犭 犬	huò
莸	艹 尤	艹 犭 尤	yóu
莹	艹 玉	艹 冖 玉	yíng
莺	艹 鸟	艹 冖 鸟	yīng
莼	艹 屯	艹 纟 屯	chún
莽	艹 廾	艹 犬 廾	mǎng
莿	艹 刂	艹 一 丨 乛 丨 丿 ㄟ 刂	cì
菀	艹 乛	艹 宀 夕 乛 乛	wǎn yù
菁	艹 月	艹 龶 月	jīng
菂	艹 勺	艹 白 勺	dì
菅	艹 㠯	艹 宀 㠯	jiān
菇	艹 口	艹 女 十 口	gū
菈	艹 立	艹 扌 立	lā
菉	艹 氺	艹 彐 氺	lù
菊	艹 米	艹 勹 米	jú
菌	艹 禾	艹 囗 禾	jūn jùn
菍	艹 心	艹 人 丶 乛 心	niè
菏	艹 口	艹 氵 丁 口	hé
菓	艹 果	艹 果	guǒ
菔	艹 又	艹 月 卩 又	fú
菖	艹 日	艹 日 日	chāng
菘	艹 厶	艹 木 八 厶	sōng
菜	艹 木	艹 丿 ⺍ 木	cài
菝	艹 丶	艹 扌 𠂇 又 丶	bá
菟	艹 丶	艹 ⺈ 丨 乛 一 丿 乛 丶	tù tú
菠	艹 又	艹 氵 乛 丿 丨 又	bō
菡	艹 凵	艹 了 冫 丿 丶 凵	hàn
菥	艹 斤	艹 木 斤	xī
菩	艹 口	艹 立 口	pú
菪	艹 石	艹 宀 石	dàng
菰	艹 瓜	艹 子 瓜	gū
菱	艹 夂	艹 土 八 夂	líng
菲	艹 非	艹 非	fēi fěi
菴	艹 电	艹 大 电	ān
菹	艹 且	艹 氵 且	zū
菼	艹 火	艹 火 火	tǎn
菽	艹 又	艹 上 小 又	shū
萁	艹 八	艹 其上 八	qí
萃	艹 十	艹 亠 人 人 十	cuì
萄	艹 缶	艹 勹 缶	táo
萆	艹 十	艹 丿 丨 乛 一 一 丿 十	bì
萋	艹 女	艹 一 乛 一 一 丨 女	qī
萌	艹 月	艹 日 月	méng
萍	艹 平	艹 氵 平	píng
萎	艹 女	艹 禾 女	wěi
萏	艹 臼	艹 ⺈ 臼	dàn
萑	艹 龶	艹 亻 亠 龶	huán
萘	艹 小	艹 大 二 小	nài
萚	艹 丨	艹 扌 又 一 一 丨	tuò
萜	艹 口	艹 巾 丨 一 口	tiē
萝	艹 夕	艹 罒 夕	luó
萣	艹 人	艹 宀 一 丨 一 人	dìng
萤	艹 虫	艹 冖 虫	yíng
营	艹 口	艹 冖 口 口	yíng
萦	艹 小	艹 冖 幺 小	yíng
萧	艹 肃	艹 肃	xiāo
萨	艹 产	艹 阝 产	sà
萩	艹 火	艹 禾 火	qiū
萱	艹 一	艹 宀 一 日 一	xuān
萳	艹 干	艹 十 冂 丷 干	nǎn
萸	艹 臾	艹 臾	yú
萹	艹 艹	艹 户 冂 艹	biān
萼	艹 亏	艹 口 口 亏	è
落	艹 口	艹 氵 夂 口	là luò lào
葆	艹 木	艹 亻 口 木	bǎo
葎	艹 聿	艹 彳 聿	lǜ
葑	艹 寸	艹 土 土 寸	fēng
葖	艹 犬	艹 宀 八 犬	tū
著	艹 日	艹 耂 日	zhù zhuó
葙	艹 目	艹 木 目	xiāng
葚	艹 乛	艹 其上 八 乛	shèn rèn
葛	艹 乛	艹 日 勹 人 乛	gé gě
葜	艹 大	艹 丰 刀 大	qiā
葡	艹 甫	艹 勹 甫	pú
董	艹 重	艹 重	dǒng
葩	艹 巴	艹 白 巴	pā
葫	艹 月	艹 十 口 月	hú
葬	艹 廾	艹 歹 匕 廾	zàng
葭	艹 又	艹 乛 一 丨 一 一 乛 一 又	jiā
葰	艹 夂	艹 亻 厶 八 夂	jùn
葱	艹 心	艹 匆 心	cōng
葳	艹 女	艹 戌 女	wēi
葴	艹 口	艹 戌 口	zhēn
葵	艹 天	艹 乛 丶 丿 丿 ㄟ 天	kuí
葶	艹 丁	艹 亠 口 冖 丁	tíng
葸	艹 心	艹 田 心	xǐ
葺	艹 耳	艹 口 耳	qì
蒂	艹 巾	艹 亠 丷 冖 巾	dì
蒄	艹 寸	艹 冖 二 儿 寸	guān
蒇	艹 人	艹 戊 冂 人	chǎn
蒈	艹 白	艹 比左 匕 白	kǎi
蒉	艹 人	艹 中 一 冂 人	kuì
蒋	艹 寸	艹 冫 丨 夕 寸	jiǎng
蒌	艹 女	艹 米 女	lóu
蒎	艹 ㄟ	艹 氵 丿 丿 丿 乛 丿 ㄟ	pài
蒐	艹 鬼	艹 鬼	sōu
蒗	艹 良	艹 氵 良	làng
蒙	艹 ㄟ	艹 冖 二 丿 乛 丿 丿 丿 ㄟ	mēng méng měng
蒜	艹 小	艹 二 小 二 小	suàn
蒟	艹 口	艹 立 勹 口	jǔ
蒡	艹 方	艹 亠 丷 冖 方	bàng
蒦	艹 又	艹 亻 亠 龶 又	huò
蒨	艹 月	艹 亻 龶 月	qiàn
蒯	艹 刂	艹 月 月 刂	kuǎi
蒱	艹 甫	艹 扌 甫	pú
蒲	艹 甫	艹 氵 甫	pú
蒴	艹 月	艹 丷 一 乛 丨 丿 月	shuò
蒸	艹 灬	艹 了 乛 丿 ㄟ 一 灬	zhēng
蒹	艹 ㄟ	艹 丷 一 乛 一 一 丨 丨 丿 ㄟ	jiān
蒺	艹 矢	艹 疒 矢	jí
蒻	艹 冫	艹 弓 冫 弓 冫	ruò
蒽	艹 心	艹 囗 大 心	ēn
蒿	艹 口	艹 亠 口 冂 口	hāo
蓁	艹 禾	艹 寿上 ㄟ 禾	zhēn
蓂	艹 八	艹 冖 日 亠 八	míng
蓄	艹 田	艹 亠 幺 田	xù
蓇	艹 骨	艹 骨	gū
蓉	艹 口	艹 宀 八 人 口	róng
蓊	艹 习	艹 八 厶 习 习	wěng
蓍	艹 日	艹 耂 匕 日	shī
蓏	艹 瓜	艹 瓜 瓜	luǒ
蓐	艹 寸	艹 厂 二 乛 丿 ㄟ 寸	rù
蓑	艹 𧘇	艹 亠 丨 乛 一 一 𧘇	suō
蓓	艹 口	艹 亻 立 口	bèi
蓖	艹 匕	艹 丿 囗 乂 比左 匕	bì
蓝	艹 皿	艹 丨 丨 丿 一 丶 皿	lán lan
蓟	艹 刂	艹 鱼 刂	jì
蓠	艹 丶	艹 亠 乂 凵 丨 乛 乛 丶	lí
蓢	艹 月	艹 丶 即左 月	lǎng
蓣	艹 人	艹 龴 乛 丨 一 丿 冂 人	yù
蓥	艹 金	艹 冖 金	yíng
蓦	艹 马	艹 日 大 马	mò
蓬	艹 辶	艹 夂 丰 辶	péng
蓰	艹 人	艹 彳 止 丨 一 人	xǐ
蓼	艹 丿	艹 习 习 人 丿 丿 丿	liǎo lù
蓿	艹 百	艹 宀 亻 百	xu
蔀	艹 阝	艹 立 口 阝	bù
蔃	艹 虫	艹 弓 口 虫	qiáng
蔈	艹 小	艹 西 二 小	biāo
蔊	艹 干	艹 火 日 干	hàn
蔌	艹 人	艹 束 ⺈ 人	sù
蔑	艹 戍	艹 罒 戍	miè
蔓	艹 又	艹 日 罒 又	wàn mán màn
蔗	艹 灬	艹 广 廿 灬	zhè
蔚	艹 寸	艹 尸 二 小 寸	wèi
蔟	艹 矢	艹 方 丿 一 矢	cù
蔡	艹 小	艹 丿 乛 丶 丶 二 小	cài
蔫	艹 灬	艹 正 一 乛 灬	niān
蔬	艹 乛	艹 乛 止 亠 厶 丿 丨 乛	shū
蔷	艹 口	艹 十 丶 丿 一 囗 口	qiáng
蔸	艹 儿	艹 白 丿 乛 乛 一 儿	dōu
蔹	艹 攵	艹 人 一 ⺍ 一 攵	liǎn
蔺	艹 龶	艹 门 亻 亠 龶	lìn
蔻	艹 又	艹 宀 二 儿 丨 一 又	kòu
蔼	艹 乛	艹 讠 日 勹 人 乛	ǎi
蔽	艹 攵	艹 丶 丿 丨 乛 丨 丿 丶 攵	bì
蕃	艹 田	艹 丿 米 田	fán bō
蕈	艹 十	艹 西 日 十	xùn
蕉	艹 灬	艹 亻 亠 龶 灬	jiāo
蕊	艹 心	艹 心 心 心	ruǐ
蕖	艹 木	艹 氵 巨 木	qú
蕗	艹 口	艹 ⻊ 夂 口	lù
蕙	艹 心	艹 一 丨 乛 一 一 丨 一 丶 心	huì
蕞	艹 又	艹 日 耳 又	zuì
蕤	艹 生	艹 豕 生	ruí
蕥	艹 龶	艹 牙 亻 亠 龶	yǎ
蕨	艹 人	艹 厂 丷 一 乛 丨 丿 ⺈ 人	jué
蕰	艹 皿	艹 氵 日 皿	yùn
蕲	艹 斤	艹 丷 丨 乛 一 一 一 丨 斤	qí
蕴	艹 皿	艹 纟 日 皿	yùn
蕹	艹 龶	艹 亠 乡 亻 亠 龶	wèng
蕺	艹 一	艹 口 戈 丨 丨 一 一 一	jí
蕻	艹 八	艹 一 丨 一 二 厶 艹 一 八	hòng
蕾	艹 田	艹 雨 田	lěi
薁	艹 大	艹 丿 冂 米 大	yù
薄	艹 寸	艹 氵 甫 寸	báo bó bò
薅	艹 寸	艹 女 厂 二 乛 丿 ㄟ 寸	hāo
薇	艹 攵	艹 彳 山 一 几 攵	wēi
薏	艹 心	艹 立 日 心	yì
薙	艹 龶	艹 矢 亻 亠 龶	tì
薛	艹 十	艹 丿 㠯 立 十	xuē
薜	艹 十	艹 尸 口 立 十	bì
薢	艹 牛	艹 ⺈ 用 刀 牛	xiè
薤	艹 韭	艹 歹 韭	xiè
薨	艹 匕	艹 罒 冖 歹 匕	hōng
薪	艹 斤	艹 立 朩 斤	xīn
薮	艹 攵	艹 米 女 攵	sǒu
薯	艹 日	艹 罒 耂 日	shǔ
薰	艹 灬	艹 丿 一 丨 乛 丶 丿 一 丨 一 一 灬	xūn
薳	艹 辶	艹 土 口 𧘇 辶	wěi
薷	艹 而	艹 雨 而	rú
薸	艹 小	艹 氵 西 二 小	piáo
薹	艹 土	艹 士 口 冖 一 厶 土	tái
薿	艹 人	艹 匕 矢 龴 乛 丨 一 人	nǐ
藁	艹 木	艹 亠 口 冂 口 木	gǎo
藉	艹 日	艹 耒 艹 一 日	jiè jí
藏	艹 臣	艹 戊 乛 一 丿 臣	cáng zàng
藐	艹 儿	艹 豸 白 儿	miǎo
藓	艹 羊	艹 鱼 羊	xiǎn
藕	艹 禺	艹 耒 禺	ǒu
藜	艹 氺	艹 禾 勹 丿 人 氺	lí
藟	艹 田	艹 田 田 田	lěi
藠	艹 白	艹 白 白 白	jiào
藤	艹 氺	艹 月 龹 氺	téng
藦	艹 手	艹 广 木 木 手	mò
藨	艹 灬	艹 广 乛 丨 丨 一 比左 匕 灬	biāo
藩	艹 田	艹 氵 丿 米 田	fān
藻	艹 木	艹 氵 口 口 口 木	zǎo
藿	艹 龶	艹 雨 亻 亠 龶	huò
蘅	艹 亍	艹 彳 ⺈ 田 大 亍	héng
蘑	艹 石	艹 广 木 木 石	mó
蘖	艹 木	艹 丿 㠯 立 十 木	niè
蘘	艹 𧘇	艹 亠 口 口 一 一 丨 丨 一 𧘇	ráng
蘧	艹 辶	艹 虍 豕 辶	qú
蘩	艹 小	艹 丿 一 母 攵 幺 小	fán
蘸	艹 灬	艹 酉 亻 亠 龶 灬	zhàn
蘼	艹 非	艹 广 木 木 非	mí
虎	虍 几	虍 几	hǔ
虏	虍 力	虍 力	lǔ
虐	虍 一	虍 一 乛 一	nüè
虑	虍 心	虍 心	lǜ
虒	丿 几	丿 丿 虍 几	sī
虓	九 几	九 虍 几	xiāo
虔	虍 文	虍 文	qián
虚	虍 业	虍 业	xū
虞	虍 天	虍 口 天	yú
虢	丿 几	丿 ⺍ 寸 虍 几	guó
虤	虍 几	虍 几 虍 几	yán
虫	中 丶	中 一 丶	chóng
虬	虫 乛	虫 乛	qiú
虮	虫 几	虫 几	jǐ
虱	乛 虫	乛 丿 虫	shī
虷	虫 干	虫 干	hán
虸	虫 子	虫 子	zǐ
虹	虫 工	虫 工	hóng jiàng
虺	兀 虫	兀 虫	huǐ
虻	虫 亡	虫 亡	méng
虼	虫 乞	虫 乞	gè
虽	口 虫	口 虫	suī
虾	虫 下	虫 下	xiā há
虿	万 虫	万 虫	chài
蚀	饣 虫	饣 虫	shí
蚁	虫 义	虫 义	yǐ
蚂	虫 马	虫 马	mǎ mā mà
蚄	虫 方	虫 方	fāng
蚆	虫 巴	虫 巴	bā
蚊	虫 文	虫 文	wén
蚋	虫 内	虫 内	ruì
蚌	虫 丰	虫 丰	bàng bèng
蚍	虫 匕	虫 比左 匕	pí
蚓	虫 弓 丨	虫 丨	yǐn
蚕	天 虫	天 虫	cán
蚜	虫 牙	虫 牙	yá
蚝	虫 毛	虫 毛	háo
蚣	虫 厶	虫 八 厶	gōng
蚤	叉 虫	叉 虫	zǎo
蚧	虫 丨	虫 人 丿 丨	jiè
蚨	虫 夫	虫 夫	fú
蚩	乛 虫	乛 丨 丨 一 虫	chī
蚪	虫 十	虫 丶 丶 十	dǒu
蚬	虫 见下	虫 冂 见下	xiǎn
蚯	虫 丘	虫 丘	qiū
蚰	虫 由	虫 由	yóu
蚱	虫 乍	虫 乍	zhà
蚲	虫 平	虫 平	píng
蚴	虫 力	虫 幺 力	yòu
蚵	虫 可	虫 可	kē
蚶	虫 甘	虫 甘	hān
蚺	虫 冉	虫 冉	rán
蛀	虫 主	虫 主	zhù
蛃	虫 丙	虫 丙	bīng
蛄	虫 口	虫 十 口	gū
蛆	虫 且	虫 且	qū
蛇	虫 匕	虫 宀 匕	shé yí
蛉	虫 龴	虫 人 丶 龴	líng
蛊	虫 皿	虫 皿	gǔ
蛋	乛 虫	乛 丨 一 人 虫	dàn
蛎	虫 万	虫 厂 万	lì
蛏	虫 土	虫 又 土	chēng
蛐	虫 曲	虫 曲	qū
蛑	虫 牛	虫 厶 牛	móu
蛔	虫 口	虫 囗 口	huí
蛘	虫 羊	虫 羊	yáng
蛙	虫 土	虫 土 土	wā
蛛	虫 朱	虫 朱	zhū
蛞	虫 口	虫 千 口	kuò
蛟	虫 乂	虫 亠 八 乂	jiāo
蛤	虫 口	虫 人 一 口	gé há
蛩	工 虫	工 凡 虫	qióng
蛭	虫 土	虫 一 厶 土	zhì
蛮	亠 虫	亠 丨 丨 丿 丶 虫	mán
蛯	虫 匕	虫 耂 匕	lǎo
蛰	扌 虫	扌 丸 虫	zhé
蛱	虫 夹	虫 夹	jiá
蛲	虫 兀	虫 一 乛 丿 兀	náo
蛳	虫 巾	虫 丨 丿 一 巾	sī
蛴	虫 丨	虫 文 丿 丨	qí
蛸	虫 月	虫 ⺌ 月	xiāo
蛹	虫 用	虫 龴 用	yǒng
蛾	虫 我	虫 我	é yǐ
蜀	罒 虫	罒 勹 虫	shǔ
蜂	虫 丰	虫 夂 丰	fēng
蜃	厂 虫	厂 二 乛 丿 ㄟ 虫	shèn
蜇	扌 虫	扌 斤 虫	zhé
蜈	虫 天	虫 口 天	wú
蜉	虫 子	虫 丿 ⺍ 子	fú
蜊	虫 刂	虫 禾 刂	lì
蜍	虫 余下	虫 人 余下	chú
蜎	虫 月	虫 口 月	yuān
蜐	虫 力	虫 土 厶 力	jié
蜒	虫 廴	虫 丿 丨 一 乛 廴	yán
蜓	虫 廴	虫 壬 廴	tíng
蜕	虫 儿	虫 丷 口 儿	tuì
蜗	虫 内	虫 口 内	wō
蜘	虫 口	虫 矢 口	zhī
蜚	非 虫	非 虫	fēi
蜜	宀 虫	宀 必 虫	mì
蜞	虫 八	虫 其上 八	qí
蜡	虫 日	虫 艹 一 日	là
蜢	虫 皿	虫 子 皿	měng
蜣	虫 羌	虫 羌	qiāng
蜥	虫 斤	虫 木 斤	xī
蜩	虫 口	虫 冂 土 口	tiáo
蜮	虫 一	虫 戈 口 一	yù
蜱	虫 十	虫 丿 丨 乛 一 一 丿 十	pí
蜴	虫 勿	虫 日 勿	yì
蜷	虫 乛	虫 龹 乛 乛	quán
蜻	虫 月	虫 龶 月	qīng
蜾	虫 果	虫 果	guǒ
蜿	虫 乛	虫 宀 夕 乛 乛	wān
蝇	虫 电	虫 口 电	yíng
蝈	虫 玉	虫 囗 玉	guō
蝉	虫 丨	虫 丷 丨 乛 一 一 一 丨	chán
蝌	虫 十	虫 禾 丶 丶 十	kē
蝎	虫 乛	虫 日 勹 人 乛	xiē
蝓	虫 刂	虫 人 一 月 刂	yú
蝗	虫 王	虫 白 王	huáng
蝘	虫 女	虫 匚 日 女	yǎn
蝙	虫 艹	虫 户 冂 艹	biān
蝠	虫 田	虫 一 口 田	fú
蝣	虫 子	虫 方 丿 一 子	yóu
蝤	虫 酉	虫 丷 酉	qiú
蝥	龴 虫	龴 乛 丨 丿 攵 虫	máo
蝮	虫 夂	虫 丿 一 日 夂	fù
蝰	虫 土	虫 大 土 土	kuí
蝲	虫 刂	虫 束 刂	là
蝴	虫 月	虫 十 口 月	hú
蝶	虫 木	虫 世 木	dié
蝻	虫 干	虫 十 冂 丷 干	nǎn
蝼	虫 女	虫 米 女	lóu
蝽	虫 日	虫 寿上 ㄟ 日	chūn
蝾	虫 木	虫 艹 冖 木	róng
螂	虫 阝	虫 丶 即左 阝	láng
螃	虫 方	虫 亠 丷 冖 方	páng
螅	虫 心	虫 自 心	xī
螈	虫 小	虫 厂 白 小	yuán
螋	虫 又	虫 丿 丨 一 乛 一 一 丨 又	sǒu
融	一 虫	一 口 冂 丷 一 丨 虫	róng
螓	虫 禾	虫 寿上 乀 禾	qín
螗	虫 口	虫 广 乛 一 一 丨 口	táng
螟	虫 八	虫 冖 日 亠 八	míng
螠	虫 皿	虫 丷 一 八 皿	yì
螣	月 虫	月 龹 虫	téng
螨	虫 两	虫 艹 两	mǎn
螫	土 虫	土 丿 丨 丿 丶 攵 虫	shì
螬	虫 日	虫 一 丨 乛 一 丨 丨 一 日	cáo
螭	虫 丶	虫 亠 乂 凵 丨 乛 乛 丶	chī
螯	龶 虫	龶 乛 丿 攵 虫	áo
螱	尸 虫	尸 二 小 寸 虫	wèi
螳	虫 土	虫 ⺌ 冖 口 土	táng
螵	虫 小	虫 西 二 小	piāo
螺	虫 小	虫 田 幺 小	luó
螽	夂 虫	夂 丶 丶 虫 虫	zhōng
蟀	虫 十	虫 亠 幺 冫 丿 丶 十	shuài
蟆	虫 大	虫 艹 日 大	má mò
蟊	龴 虫	龴 乛 丨 丿 虫 虫	máo
蟋	虫 心	虫 丿 米 心	xī
蟏	虫 肃	虫 艹 肃	xiāo
蟑	虫 十	虫 立 日 十	zhāng
蟒	虫 廾	虫 艹 犬 廾	mǎng
蟛	虫 丿	虫 士 口 丷 一 丿 丿 丿	péng
蟠	虫 田	虫 丿 米 田	pán
蟥	虫 八	虫 艹 一 由 八	huáng
蟪	虫 心	虫 一 丨 乛 一 一 丨 一 丶 心	huì
蟫	虫 十	虫 西 日 十	yín
蟮	虫 口	虫 羊 丶 丿 一 口	shàn
蟳	虫 寸	虫 彐 工 口 寸	xún
蟹	⺈ 虫	⺈ 用 刀 牛 虫	xiè
蟾	虫 口	虫 ⺈ 厂 八 亠 一 一 口	chán
蠃	亡 凡	亡 口 月 虫 凡	luǒ
蠊	虫 ㄟ	虫 广 丷 一 乛 一 一 丨 丨 丿 ㄟ	lián
蠋	虫 虫	虫 罒 勹 虫	zhú
蠓	虫 ㄟ	虫 艹 冖 二 丿 乛 丿 丿 丿 ㄟ	měng
蠕	虫 而	虫 雨 而	rú
蠖	虫 又	虫 艹 亻 亠 龶 又	huò
蠡	乛 虫	乛 乛 豕 虫 虫	lǐ lí
蠢	寿上 虫	寿上 ㄟ 日 虫 虫	chǔn
蠲	丷 虫	丷 一 八 皿 罒 勹 虫	juān
蠹	一 虫	一 丨 乛 一 丨 冖 石 虫 虫	dù
蠼	虫 又	虫 目 目 亻 亠 龶 又	qú
血	丿 皿	丿 皿	xuè xiě
衃	血 不	血 不	pēi
衄	血 丑	血 丑	nǜ
衅	血 半	血 半	xìn
行	彳 亍	彳 亍	háng xíng hàng héng
衍	彳 亍	彳 氵 亍	yǎn
衎	彳 亍	彳 干 亍	kàn
衒	彳 亍	彳 亠 幺 亍	xuàn
衔	彳 亍	彳 钅 亍	xián
街	彳 亍	彳 土 土 亍	jiē
衙	彳 亍	彳 五 口 亍	yá
衠	彳 亍	彳 十 具上 八 亍	zhūn
衡	彳 亍	彳 ⺈ 田 大 亍	héng
衢	彳 亍	彳 目 目 亻 亠 龶 亍	qú
衣	亠 𧘇	亠 𧘇	yī
补	衤 卜	衤 卜	bǔ
表	龶 𧘇	龶 𧘇	biǎo
衩	衤 叉	衤 叉	chà
衫	衤 丿	衤 丿 丿 丿	shān
衬	衤 寸	衤 寸	chèn
衮	亠 𧘇	亠 八 厶 𧘇	gǔn
衰	亠 𧘇	亠 丨 乛 一 一 𧘇	shuāi
衲	衤 内	衤 内	nà
衷	亠 𧘇	亠 中 𧘇	zhōng
衽	衤 壬	衤 壬	rèn
衾	人 𧘇	人 丶 乛 亠 𧘇	qīn
衿	衤 乛	衤 人 丶 乛	jīn
袁	土 𧘇	土 口 𧘇	yuán
袂	衤 夬guài	衤 夬	mèi
袄	衤 夭	衤 夭	ǎo
袅	丿 𧘇	丿 乛 丶 乛 亠 𧘇	niǎo
袆	衤 韦	衤 韦	huī
袈	力 𧘇	力 口 亠 𧘇	jiā
袋	亻 𧘇	亻 弋 亠 𧘇	dài
袍	衤 巳	衤 勹 巳	páo
袒	衤 一	衤 日 一	tǎn
袖	衤 由	衤 由	xiù
袗	衤 丿	衤 人 丿 丿 丿	zhěn
袜	衤 末	衤 末	wà
袢	衤 半	衤 半	pàn
袤	亠 𧘇	亠 龴 乛 丨 丿 𧘇	mào
袪	衤 厶	衤 土 厶	qū
被	衤 又	衤 乛 丿 丨 又	bèi
袭	龙 𧘇	龙 亠 𧘇	xí
袯	衤 丶	衤 乛 丿 又 丶	bó
袱	衤 犬	衤 亻 犬	fú
袷	衤 口	衤 人 一 口	jiá jié qiā
袼	衤 口	衤 夂 口	gē
裁	十 𧘇	十 戈 亠 𧘇	cái
裂	歹 𧘇	歹 刂 亠 𧘇	liè liě
装	冫 𧘇	冫 丨 士 亠 𧘇	zhuāng
裆	衤 彐	衤 ⺌ 彐	dāng
裈	衤 车	衤 冖 车	kūn
裉	衤 艮	衤 艮	kèn
裎	衤 王	衤 口 王	chéng chěng
裒	亠 𧘇	亠 臼 𧘇	póu
裔	亠 口	亠 𧘇 冂 八 口	yì
裕	衤 口	衤 八 人 口	yù
裘	求 𧘇	求 亠 𧘇	qiú
裙	衤 口	衤 尹 口	qún
裛	亠 𧘇	亠 口 巴 𧘇	yì
裟	氵 𧘇	氵 少 亠 𧘇	shā
裢	衤 辶	衤 车 辶	lián
裣	衤 一	衤 人 一 ⺍ 一	liǎn
裤	衤 车	衤 广 车	kù
裥	衤 日	衤 门 日	jiǎn
裨	衤 十	衤 丿 丨 乛 一 一 丿 十	bì pí
裯	衤 口	衤 冂 土 口	chóu
裰	衤 又	衤 又 又 又 又	duō
裱	衤 𧘇	衤 龶 𧘇	biǎo
裳	⺌ 𧘇	⺌ 冖 口 亠 𧘇	cháng shang
裴	非 𧘇	非 亠 𧘇	péi
裸	衤 果	衤 果	luǒ
裹	亠 𧘇	亠 果 𧘇	guǒ
裼	衤 勿	衤 日 勿	xī tì
裾	衤 口	衤 尸 十 口	jū
褂	衤 卜	衤 土 土 卜	guà
褊	衤 艹	衤 户 冂 艹	biǎn
褐	衤 乛	衤 日 勹 人 乛	hè
褒	亠 𧘇	亠 亻 口 木 𧘇	bǎo
褓	衤 木	衤 亻 口 木	bǎo
褕	衤 刂	衤 人 一 月 刂	yú
褙	衤 月	衤 丨 一 一 匕 月	bèi
褚	衤 日	衤 耂 日	chǔ zhǔ
褛	衤 女	衤 米 女	lǚ
褟	衤 习	衤 日 习 习	tā
褡	衤 口	衤 艹 人 一 口	dā
褥	衤 寸	衤 厂 二 乛 丿 ㄟ 寸	rù
褪	衤 辶	衤 艮 辶	tuì tùn
褫	衤 几	衤 丿 丿 虍 几	chǐ
褯	衤 巾	衤 广 廿 巾	jiè
褰	宀 𧘇	宀 一 一 丨 丨 一 八 亠 𧘇	qiān
褴	衤 皿	衤 丨 丨 丿 一 丶 皿	lán
褶	衤 白	衤 习 习 白	zhě
襁	衤 虫	衤 弓 口 虫	qiǎng
襄	亠 𧘇	亠 口 口 一 一 丨 丨 一 𧘇	xiāng
襕	衤 柬	衤 门 柬	lán
襚	衤 辶	衤 丷 豕 辶	suì
襜	衤 口	衤 ⺈ 厂 八 亠 一 一 口	chān
襞	尸 𧘇	尸 口 立 十 亠 𧘇	bì
襟	衤 小	衤 木 木 二 小	jīn
襦	衤 而	衤 雨 而	rú
襫	衤 百	衤 大 百 百	shì
襻	衤 手	衤 木 乂 乂 木 大 手	pàn
西	一 一	一 丨 乛 丿 乛 一	xī
要	西 女	西 女	yào yāo
覃	西 十	西 日 十	tán qín
覆	西 夂	西 彳 丿 一 日 夂	fù
见	冂 见下	冂 见下	jiàn xiàn
观	又 见下	又 冂 见下	guān guàn
觃	冂 子	冂 见下 子	yàn
规	夫 见下	夫 冂 见下	guī
觅	丿 见下	丿 ⺍ 冂 见下	mì
视	礻 见下	礻 冂 见下	shì
觇	丨 见下	丨 一 口 冂 见下	chān
览	丨 见下	丨 丨 丿 一 丶 冂 见下	lǎn
觉	⺍ 见下	⺍ 冖 冂 见下	jué jiào
觊	山 见下	山 己 冂 见下	jì
觋	工 见下	工 人 人 冂 见下	xí
觌	十 见下	十 乛 丶 丶 大 冂 见下	dí
觎	人 见下	人 一 月 刂 冂 见下	yú
觏	一 见下	一 一 丨 丨 一 冉 冂 见下	gòu
觐	廿 见下	廿 丨 乛 一 一 一 丨 一 冂 见下	jìn
觑	虍 见下	虍 业 冂 见下	qù qū
角	⺈ 用	⺈ 用	jiǎo jué
觖	⺈ 夬guài	⺈ 用 夬	jué
觚	⺈ 瓜	⺈ 用 瓜	gū
觜	止 用	止 匕 ⺈ 用	zī zuǐ
觞	⺈ 丿	⺈ 用 丿 一 乛 丿 丿	shāng
觟	⺈ 土	⺈ 用 土 土	huà
解	⺈ 牛	⺈ 用 刀 牛	jiě jiè xiè
觥	⺈ 兀	⺈ 用 ⺌ 兀	gōng
触	⺈ 虫	⺈ 用 虫	chù
觫	⺈ 束	⺈ 用 束	sù
觭	⺈ 口	⺈ 用 大 丁 口	jī
觯	⺈ 丨	⺈ 用 丷 丨 乛 一 一 一 丨	zhì
觱	戌 用	戌 口 ⺈ 用	bì
觳	士 又	士 冖 一 ⺈ 用 几 又	hú
觿	⺈ 口	⺈ 用 山 亻 亠 龶 冂 八 口	xī
言	亠 口	亠 一 一 口	yán
訄	九 口	九 亠 一 一 口	qiú
訇	勹 口	勹 亠 一 一 口	hōng
訚	门 口	门 亠 一 一 口	yín
訾	止 口	止 匕 亠 一 一 口	zī
詈	罒 口	罒 亠 一 一 口	lì
詟	龙 口	龙 亠 一 一 口	zhé
詹	⺈ 口	⺈ 厂 八 亠 一 一 口	zhān
誉	⺍ 口	⺍ 一 八 亠 一 一 口	yù
誊	龹 口	龹 亠 一 一 口	téng
誓	扌 口	扌 斤 亠 一 一 口	shì
謇	宀 口	宀 一 一 丨 丨 一 八 亠 一 一 口	jiǎn
警	艹 口	艹 勹 口 攵 亠 一 一 口	jǐng
譬	尸 口	尸 口 立 十 亠 一 一 口	pì
计	讠 十	讠 十	jì
订	讠 丁	讠 丁	dìng
讣	讠 卜	讠 卜	fù
认	讠 人	讠 人	rèn
讥	讠 几	讠 几	jī
讦	讠 干	讠 干	jié
讧	讠 工	讠 工	hòng
讨	讠 寸	讠 寸	tǎo
让	讠 上	讠 上	ràng
讪	讠 山	讠 山	shàn
讫	讠 乞	讠 乞	qì
训	讠 川	讠 川	xùn
议	讠 义	讠 义	yì
讯	讠 十	讠 乛 十	xùn
记	讠 己	讠 己	jì
讱	讠 刃	讠 刃	rèn
讲	讠 井	讠 井	jiǎng
讳	讠 韦	讠 韦	huì
讴	讠 乂	讠 匚 乂	ōu
讵	讠 巨	讠 巨	jù
讶	讠 牙	讠 牙	yà
讷	讠 内	讠 内	nè
许	讠 午	讠 午	xǔ hǔ
讹	讠 匕	讠 亻 匕	é
论	讠 匕	讠 人 匕	lùn lún
讻	讠 凵	讠 乂 凵	xiōng
讼	讠 厶	讠 八 厶	sòng
讽	讠 乂	讠 几 乂	fěng
设	讠 又	讠 几 又	shè
访	讠 方	讠 方	fǎng
诀	讠 夬guài	讠 夬	jué
证	讠 正	讠 正	zhèng
诂	讠 口	讠 十 口	gǔ
诃	讠 口	讠 丁 口	hē
评	讠 平	讠 平	píng
诅	讠 且	讠 且	zǔ
识	讠 八	讠 口 八	shí zhì
诇	讠 口	讠 冂 口	xiòng
诈	讠 乍	讠 乍	zhà
诉	讠 斥	讠 斥	sù
诊	讠 丿	讠 人 丿 丿 丿	zhěn
诋	讠 氐	讠 氐	dǐ
诌	讠 彐	讠 ⺈ 彐	zhōu
词	讠 口	讠 乛 一 口	cí
诎	讠 出	讠 出	qū
诏	讠 口	讠 刀 口	zhào
诐	讠 又	讠 乛 丿 丨 又	bì
译	讠 丨	讠 又 一 一 丨	yì
诒	讠 口	讠 厶 口	yí
诓	讠 王	讠 匚 王	kuāng
诔	讠 耒	讠 耒	lěi
试	讠 工	讠 弋 工	shì
诖	讠 土	讠 土 土	guà
诗	讠 寸	讠 土 寸	shī
诘	讠 口	讠 士 口	jié jí
诙	讠 火	讠 𠂇 火	huì
诚	讠 成	讠 成	chéng
诛	讠 朱	讠 朱	zhū
诜	讠 儿	讠 ⺧ 儿	shēn
话	讠 口	讠 千 口	huà
诞	讠 廴	讠 丿 丨 一 乛 廴	dàn
诟	讠 口	讠 丿 丿 一 口	gòu
诠	讠 王	讠 人 王	quán
诡	讠 乛	讠 ⺈ 厂 乛 乛	guǐ
询	讠 日	讠 勹 日	xún
诣	讠 日	讠 匕 日	yì
诤	讠 丨	讠 ⺈ 乛 一 一 丨	zhèng
该	讠 人	讠 亠 乛 丿 人	gāi
详	讠 羊	讠 羊	xiáng yáng
诧	讠 七	讠 宀 丿 七	chà
诨	讠 车	讠 冖 车	hùn
诩	讠 习	讠 习 习	xǔ
诫	讠 廾	讠 戈 廾	jiè
诬	讠 人	讠 工 人 人	wū
语	讠 口	讠 五 口	yǔ yù
诮	讠 月	讠 ⺌ 月	qiào
误	讠 天	讠 口 天	wù
诰	讠 口	讠 ⺧ 口	gào
诱	讠 乃	讠 禾 乃	yòu
诲	讠 母	讠 丿 一 母	huì
诳	讠 王	讠 犭 王	kuáng
说	讠 儿	讠 丷 口 儿	shuō shuì yuè
诵	讠 用	讠 龴 用	sòng
诶	讠 矢	讠 厶 矢	ēi éi ěi èi xī
请	讠 月	讠 龶 月	qǐng
诸	讠 日	讠 耂 日	zhū
诹	讠 又	讠 耳 又	zōu
诺	讠 口	讠 艹 𠂇 口	nuò
读	讠 大	讠 十 乛 丶 丶 大	dú dòu
诼	讠 ㄟ	讠 一 丿 乛 丿 丿 丶 丿 ㄟ	zhuó
诽	讠 非	讠 非	fěi
课	讠 果	讠 果	kè
诿	讠 女	讠 禾 女	wěi
谀	讠 臾	讠 臾	yú
谁	讠 龶	讠 亻 亠 龶	shuí shéi
谂	讠 心	讠 人 丶 乛 心	shěn
调	讠 口	讠 冂 土 口	diào tiáo zhōu
谄	讠 臼	讠 ⺈ 臼	chǎn
谅	讠 小	讠 亠 口 小	liàng
谆	讠 子	讠 亠 口 子	zhūn
谇	讠 十	讠 亠 人 人 十	suì
谈	讠 火	讠 火 火	tán
谊	讠 且	讠 宀 且	yì
谋	讠 木	讠 甘 木	móu
谌	讠 乛	讠 其上 八 乛	chén
谍	讠 木	讠 世 木	dié
谎	讠 乛	讠 艹 亡 丿 丨 乛	huǎng
谏	讠 柬	讠 柬	jiàn
谐	讠 白	讠 比左 匕 白	xié
谑	讠 一	讠 虍 一 乛 一	xuè
谒	讠 乛	讠 日 勹 人 乛	yè
谓	讠 月	讠 田 月	wèi
谔	讠 亏	讠 口 口 亏	è
谕	讠 刂	讠 人 一 月 刂	yù
谖	讠 又	讠 丿 ⺍ 一 𠂇 又	xuān
谗	讠 丶	讠 ⺈ 丨 乛 一 丿 乛 丶 丶	chán
谙	讠 日	讠 立 日	ān
谚	讠 丿	讠 产 丿 丿 丿	yàn
谛	讠 巾	讠 亠 丷 冖 巾	dì
谜	讠 辶	讠 米 辶	mí
谝	讠 艹	讠 户 冂 艹	piǎn
谞	讠 月	讠 乛 丨 一 人 月	xū
谟	讠 大	讠 艹 日 大	mó
谠	讠 儿	讠 ⺌ 冖 口 儿	dǎng
谡	讠 夂	讠 田 八 夂	sù
谢	讠 寸	讠 身 寸	xiè
谣	讠 缶	讠 丿 ⺍ 缶	yáo
谤	讠 方	讠 亠 丷 冖 方	bàng
谥	讠 皿	讠 丷 一 八 皿	shì
谦	讠 ㄟ	讠 丷 一 乛 一 一 丨 丨 丿 ㄟ	qiān
谧	讠 皿	讠 必 皿	mì
谨	讠 一	讠 廿 丨 乛 一 一 一 丨 一	jǐn
谩	讠 又	讠 日 罒 又	mán
谪	讠 口	讠 亠 丷 冂 十 口	zhé
谫	讠 刀	讠 丷 一 月 刂 刀	jiǎn
谬	讠 丿	讠 习 习 人 丿 丿 丿	miù
谭	讠 十	讠 西 日 十	tán
谮	讠 日	讠 一 乛 丿 乛 一 乛 丿 乛 日	zèn
谯	讠 灬	讠 亻 亠 龶 灬	qiáo
谰	讠 柬	讠 门 柬	lán
谱	讠 日	讠 丷 亚 日	pǔ
谲	讠 口	讠 龴 乛 丨 丿 冂 八 口	jué
谳	讠 犬	讠 十 冂 丷 干 犬	yàn
谴	讠 辶	讠 中 一 㠯 辶	qiǎn
谵	讠 口	讠 ⺈ 厂 八 亠 一 一 口	zhān
谶	讠 韭	讠 人 人 戈 韭	chèn
谷	八 口	八 人 口	gǔ yù
谼	八 八	八 人 口 艹 一 八	hóng
谿	丿 口	丿 ⺍ 幺 大 八 人 口	xī
豁	宀 口	宀 丰 口 八 人 口	huō huó huò
豆	一 一	一 口 丷 一	dòu
豇	一 工	一 口 丷 一 工	jiāng
豉	一 又	一 口 丷 一 十 又	chǐ
豌	一 乛	一 口 丷 一 宀 夕 乛 乛	wān
豕	一 ㄟ	一 丿 乛 丿 丿 丿 ㄟ	shǐ
豖	一 乀	一 丿 乛 丿 丿 丶 丿 乀	chù
豚	月 豕	月 豕	tún
象	⺈ ㄟ	⺈ 丨 乛 一 丿 乛 丿 丿 丿 ㄟ	xiàng
豢	龹 豕	龹 豕	huàn
豨	豕 巾	豕 乂 𠂇 巾	xī
豪	亠 豕	亠 口 冖 豕	háo
豫	龴 ㄟ	龴 乛 丨 ⺈ 丨 乛 一 丿 乛 丿 丿 丿 ㄟ	yù
豮	豕 人	豕 十 艹 冂 人	fén
豳	山 豕	山 豕 豕	bīn
豸	丿 丿	丿 丶 丶 丿 乛 丿 丿	zhì
豹	豸 勺	豸 勺	bào
豺	豸 才	豸 才	chái
貂	豸 口	豸 刀 口	diāo
貅	豸 木	豸 亻 木	xiū
貆	豸 一	豸 一 日 一	huán huān
貉	豸 口	豸 夂 口	hé háo mò
貊	豸 百	豸 百	mò
貌	豸 儿	豸 白 儿	mào
貔	豸 匕	豸 丿 囗 乂 比左 匕	pí
貘	豸 大	豸 艹 日 大	mò
贝	冂 人	冂 人	bèi
贞	丨 人	丨 一 冂 人	zhēn
负	⺈ 人	⺈ 冂 人	fù
贠	厶 人	厶 冂 人	yùn
贡	工 人	工 冂 人	gòng
财	冂 才	冂 人 才	cái
责	龶 人	龶 冂 人	zé
贤	丨 人	丨 丨 又 冂 人	xián
败	冂 攵	冂 人 攵	bài
账	冂 长	冂 人 长	zhàng
货	亻 人	亻 匕 冂 人	huò
质	丿 人	丿 丿 十 冂 人	zhì
贩	冂 又	冂 人 丿 丿 又	fàn
贪	人 人	人 丶 乛 冂 人	tān
贫	八 人	八 刀 冂 人	pín
贬	冂 乏	冂 人 乏	biǎn
购	冂 厶	冂 人 勹 厶	gòu
贮	冂 一	冂 人 宀 一	zhù
贯	毌guàn 人	毌 冂 人	guàn
贰	弋 人	弋 二 冂 人	èr
贱	冂 戋	冂 人 戋	jiàn
贲	十 人	十 艹 冂 人	bì
贳	世 人	世 冂 人	shì
贴	冂 口	冂 人 丨 一 口	tiē
贵	中 人	中 一 冂 人	guì
贶	冂 儿	冂 人 口 儿	kuàng
贷	亻 人	亻 弋 冂 人	dài
贸	丿 人	丿 乛 丶 刀 冂 人	mào
费	弗 人	弗 冂 人	fèi
贺	力 人	力 口 冂 人	hè
贻	冂 口	冂 人 厶 口	yí
贼	冂 𠂇	冂 人 戈 𠂇	zéi
贽	扌 人	扌 丸 冂 人	zhì
贾	西 人	西 冂 人	jiǎ
贿	冂 月	冂 人 𠂇 月	huì
赀	止 人	止 匕 冂 人	zī
赁	亻 人	亻 壬 冂 人	lìn
赂	冂 口	冂 人 夂 口	lù
赃	冂 土	冂 人 广 土	zāng
资	冫 人	冫 ⺈ 人 冂 人	zī
赅	冂 人	冂 人 亠 乛 丿 人	gāi
赆	冂 丶	冂 人 尺 丶 丶	jìn
赇	冂 求	冂 人 求	qiú
赈	冂 ㄟ	冂 人 厂 二 乛 丿 ㄟ	zhèn
赉	来 人	来 冂 人	lài
赊	冂 小	冂 人 人 二 小	shē
赋	冂 止	冂 人 一 弋 止	fù
赌	冂 日	冂 人 耂 日	dǔ
赍	十 人	十 人 人 冖 冂 人	jī
赎	冂 大	冂 人 十 乛 丶 丶 大	shú
赏	⺌ 人	⺌ 冖 口 冂 人	shǎng
赐	冂 勿	冂 人 日 勿	cì
赑	冂 人	冂 人 冂 人 冂 人	bì
赒	冂 口	冂 人 冂 土 口	zhōu
赓	广 人	广 乛 一 一 丿 ㄟ 冂 人	gēng
赔	冂 口	冂 人 立 口	péi
赕	冂 火	冂 人 火 火	dǎn
赖	束 人	束 ⺈ 冂 人	lài
赗	冂 目	冂 人 冂 一 一 目	fèng
赘	龶 人	龶 乛 丿 攵 冂 人	zhuì
赙	冂 寸	冂 人 甫 寸	fù
赚	冂 ㄟ	冂 人 丷 一 乛 一 一 丨 丨 丿 ㄟ	zhuàn
赛	宀 人	宀 一 一 丨 丨 一 八 冂 人	sài
赜	匚 人	匚 丨 口 丨 龶 冂 人	zé
赝	厂 人	厂 亻 亻 亠 龶 冂 人	yàn
赞	⺧ 人	⺧ 儿 ⺧ 儿 冂 人	zàn
赟	文 人	文 一 弋 止 冂 人	yūn
赠	冂 日	冂 人 丷 囗 ⺌ 日	zèng
赡	冂 口	冂 人 ⺈ 厂 八 亠 一 一 口	shàn
赢	亡 凡	亡 口 月 冂 人 凡	yíng
赣	立 人	立 日 十 夂 工 冂 人	gàn
赤	土 丶	土 丿 丨 丿 丶	chì
赦	土 攵	土 丿 丨 丿 丶 攵	shè
赧	土 又	土 丿 丨 丿 丶 卩 又	nǎn
赪	土 人	土 丿 丨 丿 丶 丨 一 冂 人	chēng
赫	土 丶	土 丿 丨 丿 丶 土 丿 丨 丿 丶	hè
赭	土 日	土 丿 丨 丿 丶 耂 日	zhě
走	土 人	土 丨 一 人	zǒu
赳	土 丨	土 丨 一 人 乛 丨	jiū
赴	土 卜	土 丨 一 人 卜	fù
赵	土 乂	土 丨 一 人 乂	zhào
赶	土 干	土 丨 一 人 干	gǎn
起	土 己	土 丨 一 人 己	qǐ
趁	土 丿	土 丨 一 人 人 丿 丿 丿	chèn
趄	土 且	土 丨 一 人 且	qiè jū qie
超	土 口	土 丨 一 人 刀 口	chāo
越	土 乛	土 丨 一 人 戈 乛	yuè
趋	土 彐	土 丨 一 人 ⺈ 彐	qū cù
趑	土 人	土 丨 一 人 冫 ⺈ 人	zī
趔	土 刂	土 丨 一 人 歹 刂	liè
趟	土 口	土 丨 一 人 ⺌ 冂 口	tàng tāng
趣	土 又	土 丨 一 人 耳 又	qù cù
趯	土 龶	土 丨 一 人 习 习 亻 亠 龶	tì
趱	土 人	土 丨 一 人 ⺧ 儿 ⺧ 儿 冂 人	zǎn
足	口 人	口 丨 一 人	zú
趴	⻊ 八	⻊ 八	pā
趵	⻊ 勺	⻊ 勺	bào bō
趸	万 人	万 口 丨 一 人	dǔn
趺	⻊ 夫	⻊ 夫	fū
趼	⻊ 开	⻊ 开	jiǎn
趾	⻊ 止	⻊ 止	zhǐ
趿	⻊ 及	⻊ 及	tā
跂	⻊ 又	⻊ 十 又	qí qǐ
跃	⻊ 夭	⻊ 夭	yuè
跄	⻊ 乛	⻊ 人 乛 乛	qiāng qiàng
跆	⻊ 口	⻊ 厶 口	tái
跋	⻊ 丶	⻊ 𠂇 又 丶	bá
跌	⻊ 失	⻊ 失	diē
跍	⻊ 口	⻊ 十 口	kū
跎	⻊ 匕	⻊ 宀 匕	tuó
跏	⻊ 口	⻊ 力 口	jiā
跐	⻊ 匕	⻊ 止 匕	cī cǐ
跑	⻊ 巳	⻊ 勹 巳	pǎo páo
跖	⻊ 石	⻊ 石	zhí
跗	⻊ 寸	⻊ 亻 寸	fū
跘	⻊ 半	⻊ 半	bàn pán
跚	⻊ 册	⻊ 册	shān
跛	⻊ 又	⻊ 乛 丿 丨 又	bǒ
距	⻊ 巨	⻊ 巨	jù
跞	⻊ 乐	⻊ 乐	lì luò
跟	⻊ 艮	⻊ 艮	gēn
跣	⻊ 儿	⻊ ⺧ 儿	xiǎn
跤	⻊ 乂	⻊ 亠 八 乂	jiāo
跨	⻊ 亏	⻊ 大 亏	kuà
跩	⻊ 曳	⻊ 曳	zhuǎi
跪	⻊ 乛	⻊ ⺈ 厂 乛 乛	guì
跫	工 人	工 凡 口 丨 一 人	qióng
跬	⻊ 土	⻊ 土 土	kuǐ
路	⻊ 口	⻊ 夂 口	lù
跱	⻊ 寸	⻊ 土 寸	zhì
跳	⻊ 丶	⻊ 儿 冫 丿 丶	tiào táo
践	⻊ 戋	⻊ 戋	jiàn
跶	⻊ 辶	⻊ 大 辶	dá
跷	⻊ 兀	⻊ 一 乛 丿 兀	qiāo
跸	⻊ 十	⻊  比左 匕 十	bì
跹	⻊ 辶	⻊ 千 辶	xiān
跺	⻊ 木	⻊ 几 木	duò
跻	⻊ 丨	⻊ 文 丿 丨	jī
跽	⻊ 心	⻊ 己 心	jì
踅	扌 人	扌 斤 口 丨 一 人	xué
踉	⻊ 良	⻊ 良	liáng liàng
踊	⻊ 用	⻊ 龴 用	yǒng
踌	⻊ 寸	⻊  寿上 寸	chóu
踎	⻊ 口	⻊ 不 口	móu
踏	⻊ 日	⻊ 水 日	tà
踒	⻊ 女	⻊ 禾 女	wō
踔	⻊ 十	⻊ 丨 一 日 十	chuō
踝	⻊ 果	⻊ 果	huái
踞	⻊ 口	⻊ 尸 十 口	jù
踟	⻊ 口	⻊ 矢 口	chí
踢	⻊ 勿	⻊ 日 勿	tī
踣	⻊ 口	⻊ 立 口	bó
踦	⻊ 口	⻊ 大 丁 口	qī
踩	⻊ 木	⻊ 丿 ⺍ 木	cǎi
踪	⻊ 小	⻊ 宀 二 小	zōng
踬	⻊ 人	⻊ 丿 丿 十 冂 人	zhì
踮	⻊ 口	⻊ 广 丨 一 口	diǎn
踯	⻊ 阝	⻊ 丷 天 阝	zhí
踱	⻊ 又	⻊ 广 廿 又	duó
踵	⻊ 重	⻊ 重	zhǒng
踶	⻊ 人	⻊ 日 一 丨 一 人	dì
踹	⻊ 而	⻊ 山 而	chuài
踺	⻊ 廴	⻊ 聿 廴	jiàn
踽	⻊ 禹	⻊ 禹	jǔ
蹀	⻊ 木	⻊ 世 木	dié
蹁	⻊ 艹	⻊ 户 冂 艹	pián
蹂	⻊ 木	⻊ 龴 乛 丨 丿 木	róu
蹄	⻊ 巾	⻊ 亠 丷 冖 巾	tí
蹅	⻊ 一	⻊ 木 日 一	chǎ
蹇	宀 人	宀 一 一 丨 丨 一 八 口 丨 一 人	jiǎn
蹈	⻊ 臼	⻊ 丿 ⺍ 臼	dǎo
蹉	⻊ 工	⻊ ⺶ 工	cuō
蹊	⻊ 大	⻊ 丿 ⺍ 幺 大	xī qī
蹋	⻊ 习	⻊ 日 习 习	tà
蹐	⻊ 月	⻊ 冫 丿 丶 人 月	jí
蹑	⻊ 又	⻊ 耳 又 又	niè
蹒	⻊ 两	⻊ 艹 两	pán
蹙	戊 人	戊 上 小 口 丨 一 人	cù
蹚	⻊ 土	⻊ ⺌ 冖 口 土	tāng
蹜	⻊ 百	⻊ 宀 亻 百	sù
蹢	⻊ 口	⻊ 亠 丷 冂 十 口	dí
蹦	⻊ 月	⻊ 山 月 月	bèng
蹩	丶 人	丶 丿 丨 乛 丨 丿 丶 攵 口 丨 一 人	bié
蹬	⻊ 一	⻊ 乛 丶 丿 丿 ㄟ 一 口 丷 一	dēng
蹭	⻊ 日	⻊ 丷 囗 ⺌ 日	cèng
蹯	⻊ 田	⻊ 丿 米 田	fán
蹰	⻊ 寸	⻊ 厂 一 口 丷 一 寸	chú
蹲	⻊ 寸	⻊ 丷 酉 寸	dūn
蹴	⻊ 尤	⻊ 亠 口 小 尤	cù
蹶	⻊ 人	⻊ 厂 丷 一 乛 丨 丿 ⺈ 人	jué
蹼	⻊ ㄟ	⻊ 业 ⺶ ㄟ	pǔ
蹽	⻊ 小	⻊ 大 丶 丿 日 小	liāo
蹾	⻊ 攵	⻊ 亠 口 子 攵	dūn
蹿	⻊ 串	⻊ 宀 八 串	cuān
躁	⻊ 木	⻊ 口 口 口 木	zào
躅	⻊ 虫	⻊ 罒 勹 虫	zhú
躇	⻊ 日	⻊ 艹 耂 日	chú
躏	⻊ 龶	⻊ 艹 门 亻 亠 龶	lìn
躐	⻊ 乛	⻊ 乛 乛 乛 囗 乂 乛 丶 丶 乛 丶 丶 乛	liè
躔	⻊ 土	⻊ 广 里 八 土	chán
躜	⻊ 人	⻊ ⺧ 儿 ⺧ 儿 冂 人	zuān
躝	⻊ 柬	⻊ 门 柬	lán
躞	⻊ 又	⻊ 火 亠 一 一 口 火 又	xiè
身	丿 丿	丿 丨 乛 一 一 一 丿	shēn
躬	身 弓	身 弓	gōng
躯	身 乂	身 匚 乂	qū
躲	身 木	身 几 木	duǒ
躺	身 口	身 ⺌ 冂 口	tǎng
躾	身 大	身 ⺷ 大	měi
车	一 丨	一 乛 一 丨	chē jū
轧	车 乛	车 乛	yà zhá gá
轨	车 九	车 九	guǐ
轩	车 干	车 干	xuān
轪	车 大	车 大	dài
轫	车 刃	车 刃	rèn
转	车 专	车 专	zhuǎn zhuàn zhuǎi
轭	车 乛	车 厂 乛 乛	è
轮	车 匕	车 人 匕	lún
软	车 人	车 ⺈ 人	ruǎn
轰	车 又	车 又 又	hōng
轱	车 口	车 十 口	gū
轲	车 口	车 丁 口	kē
轳	车 尸	车 丨 一 尸	lu
轴	车 由	车 由	zhóu zhòu
轵	车 八	车 口 八	zhǐ
轶	车 失	车 失	yì
轷	车 乎	车 乎	hū
轸	车 丿	车 人 丿 丿 丿	zhěn
轹	车 乐	车 乐	lì
轺	车 口	车 刀 口	yáo
轻	车 工	车 乛 丶 工	qīng
轼	车 工	车 弋 工	shì
载	十 车	十 戈 车	zǎi zài
轾	车 土	车 一 厶 土	zhì
轿	车 丨	车 夭 丿 丨	jiào
辀	车 舟	车 舟	zhōu
辁	车 王	车 人 王	quán
辂	车 口	车 夂 口	lù
较	车 乂	车 亠 八 乂	jiào
辄	车 乛	车 耳 乛	zhé
辅	车 甫	车 甫	fǔ
辆	车 两	车 两	liàng
辇	夫 车	夫 夫 车	niǎn
辈	非 车	非 车	bèi
辉	⺌ 车	⺌ 兀 冖 车	huī
辊	车 匕	车 日 比左 匕	gǔn
辋	车 亡	车 冂 丷 一 亡	wǎng
辌	车 小	车 亠 口 小	liáng
辍	车 又	车 又 又 又 又	chuò
辎	车 田	车 乛 乛 乛 田	zī
辏	车 天	车 寿上 ㄟ 天	còu
辐	车 田	车 一 口 田	fú
辑	车 耳	车 口 耳	jí
辒	车 皿	车 日 皿	wēn
输	车 刂	车 人 一 月 刂	shū
辔	纟 口	纟 车 纟 口	pèi
辕	车 𧘇	车 土 口 𧘇	yuán
辖	车 口	车 宀 丰 口	xiá
辗	车 ㄟ	车 尸 艹 一 乛 丿 ㄟ	zhǎn niǎn
辘	车 匕	车 广 乛 丨 丨 一 比左 匕	lù
辙	车 攵	车 亠 厶 月 攵	zhé
辚	车 丨	车 米 夕 一 乛 丨	lín
辛	立 十	立 十	xīn
辜	十 十	十 口 立 十	gū
辞	千 十	千 口 立 十	cí
辟	尸 十	尸 口 立 十	bì pì
辣	立 束	立 𠂇 束	là
辨	立 十	立 𠂇 丶 丿 立 十	biàn
辩	立 十	立 𠂇 讠 立 十	biàn
辫	立 十	立 𠂇 纟 立 十	biàn
辰	厂 ㄟ	厂 二 乛 丿 ㄟ	chén
辱	厂 寸	厂 二 乛 丿 ㄟ 寸	rǔ
辷	辶 一	辶 一	yī
边	辶 力	辶 力	biān
込	辶 入	辶 入	yū
辽	辶 了	辶 了	liáo
达	辶 大	辶 大	dá
辿	辶 山	辶 山	chān
迁	辶 千	辶 千	qiān
迂	辶 于	辶 于	yū
迄	辶 乞	辶 乞	qì
迅	辶 十	辶 乛 十	xùn
过	辶 寸	辶 寸	guò guo guō
迈	辶 万	辶 万	mài
迎	辶 卩	辶 丿 乛 卩	yíng
运	辶 厶	辶 二 厶	yùn
近	辶 斤	辶 斤	jìn
迓	辶 牙	辶 牙	yà
返	辶 又	辶 丿 丿 又	fǎn
迕	辶 午	辶 午	wǔ
还	辶 不	辶 不	huán hái
这	辶 文	辶 文	zhè zhèi
进	辶 井	辶 井	jìn
远	辶 儿	辶 二 儿	yuǎn yuàn
违	辶 韦	辶 韦	wéi
连	辶 车	辶 车	lián
迟	辶 尺	辶 尺	chí
迢	辶 口	辶 刀 口	tiáo
迤	辶 也	辶 丿 一 也	yǐ yí
迥	辶 口	辶 冂 口	jiǒng
迦	辶 口	辶 力 口	jiā
迨	辶 口	辶 厶 口	dài
迩	辶 小	辶 ⺈ 小	ěr
迪	辶 由	辶 由	dí
迫	辶 白	辶 白	pò pǎi
迭	辶 失	辶 失	dié
迮	辶 乍	辶 乍	zé
述	辶 术	辶 术	shù
迳	辶 工	辶 乛 丶 工	jìng
迷	辶 米	辶 米	mí
迸	辶 开	辶 丷 开	bèng
迹	辶 丶	辶 亠 丿 丨 丿 丶	jì
迺	辶 西	辶 西	nǎi
追	辶 㠯	辶 丿 㠯	zhuī
退	辶 艮	辶 艮	tuì
送	辶 天	辶 丷 天	sòng
适	辶 口	辶 千 口	shì
逃	辶 丶	辶 儿 冫 丿 丶	táo
逄	辶 丨	辶 夂 一 乛 丨	páng
逅	辶 口	辶 丿 丿 一 口	hòu
逆	辶 丿	辶 丷 一 乛 丨 丿	nì
选	辶 儿	辶 ⺧ 儿	xuǎn
逊	辶 小	辶 子 小	xùn
逋	辶 甫	辶 甫	bū
逍	辶 月	辶 ⺌ 月	xiāo
透	辶 乃	辶 禾 乃	tòu
逐	辶 豕	辶 豕	zhú
逑	辶 求	辶 求	qiú
递	辶 丿	辶 丷 乛 一 乛 丨 丿	dì
途	辶 余下	辶 人 余下	tú
逖	辶 火	辶 犭 火	tì
逗	辶 一	辶 一 口 丷 一	dòu
通	辶 用	辶 龴 用	tōng
逛	辶 王	辶 犭 王	guàng
逝	辶 斤	辶 扌 斤	shì
逞	辶 王	辶 口 王	chěng
速	辶 束	辶 束	sù
造	辶 口	辶 ⺧ 口	zào
逡	辶 夂	辶 厶 八 夂	qūn
逢	辶 丰	辶 夂 丰	féng
逦	辶 丽	辶 丽	lǐ
逭	辶 㠯	辶 宀 㠯	huàn
逮	辶 ㄟ	辶 乛 一 一 丨 冫 丿 ㄟ	dài dǎi
逯	辶 氺	辶 彐 氺	lù
逴	辶 十	辶 丨 一 日 十	chuō
逵	辶 土	辶 土 八 土	kuí
逶	辶 女	辶 禾 女	wēi
逸	辶 丶	辶 ⺈ 丨 乛 一 丿 乛 丶	yì
逻	辶 夕	辶 罒 夕	luó
逼	辶 田	辶 一 口 田	bī
逾	辶 刂	辶 人 一 月 刂	yú
遁	辶 目	辶 丿 丿 十 目	dùn
遂	辶 豕	辶 丷 豕	suì suí
遄	辶 而	辶 山 而	chuán
遆	辶 巾	辶 亠 丷 冖 巾	tí
遇	辶 禺	辶 禺	yù
遍	辶 艹	辶 户 冂 艹	biàn
遏	辶 乛	辶 日 勹 人 乛	è
遐	辶 又	辶 乛 一 丨 一 一 乛 一 又	xiá
遑	辶 王	辶 白 王	huáng
遒	辶 酉	辶 丷 酉	qiú
道	辶 自	辶 丷 一 自	dào
遗	辶 人	辶 中 一 冂 人	yí
遘	辶 冉	辶 一 一 丨 丨 一 冉	gòu
遛	辶 田	辶 丿 乛 丶 刀 田	liù
遝	辶 丶	辶 罒 丨 丿 丿 丶 丶	tà
遢	辶 习	辶 日 习 习	tà
遣	辶 㠯	辶 中 一 㠯	qiǎn
遥	辶 缶	辶 丿 ⺍ 缶	yáo
遨	辶 攵	辶 龶 乛 丿 攵	áo
遭	辶 日	辶 一 丨 乛 一 丨 丨 一 日	zāo
遮	辶 灬	辶 广 廿 灬	zhē
遴	辶 丨	辶 米 夕 一 乛 丨	lín
遵	辶 寸	辶 丷 酉 寸	zūn
遹	辶 口	辶 龴 乛 丨 丿 冂 八 口	yù
遽	辶 豕	辶 虍 豕	jù
避	辶 十	辶 尸 口 立 十	bì
邀	辶 攵	辶 白 方 攵	yāo
邂	辶 牛	辶 ⺈ 用 刀 牛	xiè
邃	辶 豕	辶 宀 八 丷 豕	suì
邈	辶 儿	辶 豸 白 儿	miǎo
邋	辶 乛	辶 乛 乛 乛 囗 乂 乛 丶 丶 乛 丶 丶 乛	lā
邑	口 巴	口 巴	yì
邓	又 阝	又 阝	dèng
邕	乛 巴	乛 乛 乛 口 巴	yōng
邗	干 阝	干 阝	hán
邘	于 阝	于 阝	yú
邙	亡 阝	亡 阝	máng
邛	工 阝	工 阝	qióng
邝	广 阝	广 阝	kuàng
邠	八 阝	八 刀 阝	bīn
邡	方 阝	方 阝	fāng
邢	开 阝	开 阝	xíng
那	乛 阝	乛 一 一 丿 阝	nà nǎ nèi nā
邦	寿上 阝	寿上 阝	bāng
邨	屯 阝	屯 阝	cūn
邪	牙 阝	牙 阝	xié yá yé yú xú
邬	乌 阝	乌 阝	wū
邮	由 阝	由 阝	yóu
邯	甘 阝	甘 阝	hán
邰	厶 阝	厶 口 阝	tái
邱	丘 阝	丘 阝	qiū
邲	必 阝	必 阝	bì
邳	丕 阝	丕 阝	pī
邴	丙 阝	丙 阝	bǐng
邵	刀 阝	刀 口 阝	shào
邶	丨 阝	丨 一 一 匕 阝	bèi
邸	氐 阝	氐 阝	dǐ
邹	⺈ 阝	⺈ 彐 阝	zōu
邺	业 阝	业 阝	yè
邻	人 阝	人 丶 龴 阝	lín
邽	土 阝	土 土 阝	guī
邾	朱 阝	朱 阝	zhū
邿	土 阝	土 寸 阝	shī
郁	𠂇 阝	𠂇 月 阝	yù
郃	人 阝	人 一 口 阝	hé
郄	乂 阝	乂 𠂇 厶 阝	qiè
郅	一 阝	一 厶 土 阝	zhì
郇	勹 阝	勹 日 阝	xún huán
郈	丿 阝	丿 丿 一 口 阝	hòu
郊	亠 阝	亠 八 乂 阝	jiāo
郎	丶 阝	丶 即左 阝	láng
郏	夹 阝	夹 阝	jiá
郐	人 阝	人 二 厶 阝	kuài
郑	丷 阝	丷 天 阝	zhèng
郓	冖 阝	冖 车 阝	yùn
郗	乂 阝	乂 𠂇 巾 阝	xī
郚	五 阝	五 口 阝	wú
郛	丿 阝	丿 ⺍ 子 阝	fú
郜	⺧ 阝	⺧ 口 阝	gào
郝	土 阝	土 丿 丨 丿 丶 阝	hǎo
郡	尹 阝	尹 口 阝	jùn
郢	口 阝	口 王 阝	yǐng
郤	八 阝	八 人 口 阝	xì
郦	丽 阝	丽 阝	lì zhí
郧	口 阝	口 冂 人 阝	yún
部	立 阝	立 口 阝	bù
郪	一 阝	一 乛 一 一 丨 女 阝	qī
郫	丿 阝	丿 丨 乛 一 一 丿 十 阝	pí
郬	龶 阝	龶 月 阝 小	qīng
郭	亠 阝	亠 口 子 阝	guō
郯	火 阝	火 火 阝	tán
郴	木 阝	木 木 阝	chēn
郸	丷 阝	丷 丨 乛 一 一 一 丨 阝	dān
都	耂 阝	耂 日 阝	dū dōu
郾	匚 阝	匚 日 女 阝	yǎn
郿	乛 阝	乛 丨 一 丿 目 阝	méi
鄀	艹 阝	艹 𠂇 口 阝	ruò
鄂	口 阝	口 口 亏 阝	è
鄃	人 阝	人 一 月 刂 阝	shū
鄄	西 阝	西 土 阝	juàn
鄅	禹 阝	禹 阝	yǔ
鄌	广 阝	广 乛 一 一 丨 口 阝	táng
鄑	亚 阝	亚 日 阝	zī
鄗	亠 阝	亠 口 冂 口 阝	hào
鄘	广 阝	广 乛 一 一 丨 乛 一 一 丨 阝	yōng
鄙	口 阝	口 十 囗 口 阝	bǐ
鄚	艹 阝	艹 日 大 阝	mào
鄜	广 阝	广 乛 丨 丨 一 比左 匕 阝	fū
鄞	廿 阝	廿 丨 乛 一 一 一 丨 一 阝	yín
鄠	雨 阝	雨 亏 阝	hù
鄢	正 阝	正 一 乛 灬 阝	yān
鄣	立 阝	立 日 十 阝	zhāng
鄫	丷 阝	丷 囗 ⺌ 日 阝	zēng
鄯	羊 阝	羊 丶 丿 一 口 阝	shàn
鄱	丿 阝	丿 米 田 阝	pó
鄹	耳 阝	耳 又 亻 丿 丿 丿 ㄟ 阝	zōu
酂	⺧ 阝	⺧ 儿 ⺧ 儿 冂 人 阝	zàn
酃	雨 阝	雨 口 口 口 阝	líng
酅	山 阝	山 亻 亠 龶 冂 八 口 阝	xī
酆	山 阝	山 丰 丰 一 口 丷 一 阝	fēng
酉	西 一	西 一	yǒu
酊	酉 丁	酉 丁	dīng
酋	丷 酉	丷 酉	qiú
酌	酉 勺	酉 勺	zhuó
配	酉 己	酉 己	pèi
酎	酉 寸	酉 寸	zhòu
酏	酉 也	酉 也	yǐ
酐	酉 干	酉 干	gān
酒	氵 酉	氵 酉	jiǔ
酗	酉 凵	酉 乂 凵	xù
酚	酉 刀	酉 八 刀	fēn
酝	酉 厶	酉 二 厶	yùn
酞	酉 太	酉 太	tài
酡	酉 匕	酉 宀 匕	tuó
酢	酉 乍	酉 乍	zuò
酣	酉 甘	酉 甘	hān
酤	酉 口	酉 十 口	gū
酥	酉 禾	酉 禾	sū
酦	酉 丶	酉 乛 丿 又 丶	pō
酩	酉 口	酉 夕 口	mǐng
酪	酉 口	酉 夂 口	lào
酬	酉 州	酉 州	chóu
酮	酉 口	酉 冂 一 口	tóng
酯	酉 日	酉 匕 日	zhǐ
酰	酉 儿	酉 ⺧ 儿	xiān
酱	冫 酉	冫 丨 夕 酉	jiàng
酲	酉 王	酉 口 王	chéng
酴	酉 余下	酉 人 余下	tú
酵	酉 子	酉 耂 子	jiào
酶	酉 母	酉 丿 一 母	méi
酷	酉 口	酉 ⺧ 口	kù
酸	酉 夂	酉 厶 八 夂	suān
酹	酉 寸	酉 丿 ⺍ 寸	lèi
酺	酉 甫	酉 甫	pú
酽	酉 严	酉 严	yàn
酾	酉 丽	酉 丽	shī shāi
酿	酉 良	酉 良	niàng
醅	酉 口	酉 立 口	pēi
醇	酉 子	酉 亠 口 子	chún
醉	酉 十	酉 亠 人 人 十	zuì
醋	酉 日	酉 艹 一 日	cù
醌	酉 匕	酉 日 比左 匕	kūn
醍	酉 人	酉 日 一 丨 一 人	tí tǐ
醐	酉 月	酉 十 口 月	hú
醑	酉 月	酉 乛 丨 一 人 月	xǔ
醒	酉 生	酉 日 生	xǐng
醚	酉 辶	酉 米 辶	mí
醛	酉 王	酉 艹 人 王	quán
醢	酉 皿	酉 𠂇 口 皿	hǎi
醨	酉 丶	酉 亠 乂 凵 丨 乛 乛 丶	lí
醪	酉 丿	酉 习 习 人 丿 丿 丿	láo
醭	酉 ㄟ	酉 业 ⺶ ㄟ	bú
醮	酉 灬	酉 亻 亠 龶 灬	jiào
醯	酉 皿	酉 亠 厶 丿 丨 乛 皿	xī
醴	酉 一	酉 曲 一 口 丷 一	lǐ
醵	酉 豕	酉 虍 豕	jù
醺	酉 灬	酉 丿 一 丨 乛 丶 丿 一 丨 一 一 灬	xūn
醾	酉 米	酉 广 木 木 米	mí
釆	丿 米	丿 米	biàn
采	丿 木	丿 ⺍ 木	cǎi cài
釉	丿 由	丿 米 由	yòu
释	丿 丨	丿 米 又 一 一 丨	shì
里	丨 一	丨 乛 一 一 丨 一 一	lǐ
重	丿 一	丿 一 丨 乛 一 一 丨 一 一	zhòng chóng
野	里 丨	里 龴 乛 丨	yě
量	日 里	日 一 里	liáng liàng liang
釐	未 里	未 攵 厂 里	lí xǐ xī
金	人 一	人 干 丶 丿 一	jīn
釜	八 一	八 乂 干 丶 丿 一	fǔ
鉴	丨 金	丨 丨 丿 一 丶 金	jiàn
銎	工 金	工 凡 金	qióng
銮	亠 金	亠 丨 丨 丿 丶 金	luán
鋆	土 金	土 勹 冫 金	yún
鋈	氵 金	氵 夭 金	wù
錾	车 金	车 斤 金	zàn
鍪	龴 金	龴 乛 丨 丿 攵 金	móu
鎏	氵 金	氵 亠 厶 丿 丨 乛 金	liú
鏊	龶 金	龶 乛 丿 攵 金	ào
鏖	广 金	广 乛 丨 丨 一 比左 匕 金	áo
鐾	尸 金	尸 口 立 十 金	bèi
鑫	金 金	金 金 金	xīn
钆	钅 乛	钅 乛	gá
钇	钅 乛	钅 乛	yǐ
针	钅 十	钅 十	zhēn
钉	钅 丁	钅 丁	dīng dìng
钊	钅 刂	钅 刂	zhāo
钋	钅 卜	钅 卜	pō
钌	钅 了	钅 了	liǎo liào
钍	钅 土	钅 土	tǔ
钎	钅 千	钅 千	qiān
钏	钅 川	钅 川	chuàn
钐	钅 丿	钅 丿 丿 丿	shān shàn
钒	钅 凡	钅 凡	fán
钓	钅 勺	钅 勺	diào
钔	钅 门	钅 门	mén
钕	钅 女	钅 女	nǚ
钖	钅 丿	钅 乛 丿 丿	yáng
钗	钅 叉	钅 叉	chāi
钘	钅 开	钅 开	xíng
钙	钅 丐	钅 丐	gài
钚	钅 不	钅 不	bù
钛	钅 太	钅 太	tài
钜	钅 巨	钅 巨	jù
钝	钅 屯	钅 屯	dùn
钞	钅 少	钅 少	chāo
钟	钅 中	钅 中	zhōng
钠	钅 内	钅 内	nà
钡	钅 人	钅 冂 人	bèi
钢	钅 乂	钅 冂 乂	gāng gàng
钣	钅 又	钅 丿 丿 又	bǎn
钤	钅 乛	钅 人 丶 乛	qián
钥	钅 月	钅 月	yuè yào
钦	钅 人	钅 ⺈ 人	qīn
钧	钅 冫	钅 勹 冫	jūn
钨	钅 乌	钅 乌	wū
钩	钅 厶	钅 勹 厶	gōu
钪	钅 几	钅 亠 几	kàng
钫	钅 方	钅 方	fāng
钬	钅 火	钅 火	huǒ
钭	钅 十	钅 丶 丶 十	dǒu
钮	钅 丑	钅 丑	niǔ
钯	钅 巴	钅 巴	bǎ pá
钰	钅 玉	钅 玉	yù
钱	钅 戋	钅 戋	qián
钲	钅 正	钅 正	zhēng zhèng
钳	钅 甘	钅 甘	qián
钴	钅 口	钅 十 口	gǔ
钵	钅 本	钅 本	bō
钷	钅 口	钅 匚 口	pǒ
钹	钅 丶	钅 𠂇 又 丶	bó
钺	钅 乛	钅 戈 乛	yuè
钻	钅 口	钅 丨 一 口	zuān zuàn
钼	钅 目	钅 目	mù
钽	钅 一	钅 日 一	tǎn
钾	钅 甲	钅 甲	jiǎ
钿	钅 田	钅 田	diàn tián
铀	钅 由	钅 由	yóu
铁	钅 失	钅 失	tiě
铂	钅 白	钅 白	bó
铃	钅 龴	钅 人 丶 龴	líng
铄	钅 乐	钅 乐	shuò
铅	钅 口	钅 几 口	qiān yán
铆	钅 卩	钅 丿 乛 丿 卩	mǎo
铈	钅 巾	钅 亠 巾	shì
铉	钅 幺	钅 亠 幺	xuàn
铊	钅 匕	钅 宀 匕	tā tuó
铋	钅 必	钅 必	bì
铌	钅 匕	钅 尸 匕	ní
铍	钅 又	钅 乛 丿 丨 又	pí pī
铎	钅 丨	钅 又 一 一 丨	duó
铏	钅 刂	钅 开 刂	xíng
铐	钅 乛	钅 耂 一 乛	kào
铑	钅 匕	钅 耂 匕	lǎo
铒	钅 耳	钅 耳	ěr
铕	钅 月	钅 𠂇 月	yǒu
铖	钅 成	钅 成	chéng
铗	钅 夹	钅 夹	jiá
铘	钅 阝	钅 牙 阝	yé
铙	钅 兀	钅 一 乛 丿 兀	náo
铚	钅 土	钅 一 厶 土	zhì
铛	钅 彐	钅 ⺌ 彐	dāng chēng
铜	钅 口	钅 冂 一 口	tóng
铝	钅 口	钅 口 口	lǚ
铞	钅 巾	钅 口 巾	diào
铟	钅 大	钅 囗 大	yīn
铠	钅 己	钅 山 己	kǎi
铡	钅 刂	钅 冂 人 刂	zhá
铢	钅 朱	钅 朱	zhū
铣	钅 儿	钅 ⺧ 儿	xiǎn xǐ
铤	钅 廴	钅 壬 廴	tǐng dìng
铥	钅 厶	钅 丿 土 厶	diū
铧	钅 十	钅 亻 匕 十	huá
铨	钅 王	钅 人 王	quán
铩	钅 朩	钅 乂 朩	shā
铪	钅 口	钅 人 一 口	hā
铫	钅 丶	钅 儿 冫 丿 丶	diào yáo
铬	钅 口	钅 夂 口	gè
铭	钅 口	钅 夕 口	míng
铮	钅 丨	钅 ⺈ 乛 一 一 丨	zhēng
铯	钅 巴	钅 ⺈ 巴	sè
铰	钅 乂	钅 亠 八 乂	jiǎo
铱	钅 𧘇	钅 亠 𧘇	yī
铲	钅 产	钅 产	chǎn
铳	钅 儿	钅 亠 厶 儿	chòng
铴	钅 丿	钅 氵 乛 丿 丿	tàng tāng
铵	钅 女	钅 宀 女	ǎn
银	钅 艮	钅 艮	yín
铷	钅 口	钅 女 口	rú
铸	钅 寸	钅 寿上 寸	zhù
铹	钅 力	钅 艹 冖 力	láo
铺	钅 甫	钅 甫	pū pù
铻	钅 口	钅 五 口	wú
铼	钅 来	钅 来	lái
铽	钅 心	钅 弋 心	tè
链	钅 辶	钅 车 辶	liàn
铿	钅 土	钅 丨 丨 又 土	kēng
销	钅 月	钅 ⺌ 月	xiāo
锁	钅 人	钅 ⺌ 冂 人	suǒ
锂	钅 里	钅 里	lǐ
锃	钅 王	钅 口 王	zèng
锄	钅 力	钅 且 力	chú
锅	钅 内	钅 口 内	guō
锆	钅 口	钅 ⺧ 口	gào
锇	钅 我	钅 我	é
锈	钅 乃	钅 禾 乃	xiù
锉	钅 土	钅 人 人 土	cuò
锊	钅 寸	钅 丿 ⺍ 寸	lüè
锋	钅 丰	钅 夂 丰	fēng
锌	钅 十	钅 立 十	xīn
锍	钅 乛	钅 亠 厶 丿 丨 乛	liǔ
锎	钅 开	钅 门 开	kāi
锏	钅 日	钅 门 日	jiǎn
锐	钅 儿	钅 丷 口 儿	ruì
锑	钅 丿	钅 丷 乛 一 乛 丨 丿	tī
锒	钅 良	钅 良	láng
锓	钅 又	钅 彐 冖 又	qǐn
锔	钅 口	钅 尸 乛 口	jū
锕	钅 口	钅 阝 丁 口	ā
锖	钅 月	钅 龶 月	qiāng
锗	钅 日	钅 耂 日	zhě
锘	钅 口	钅 艹 𠂇 口	nuò
错	钅 日	钅 艹 一 日	cuò
锚	钅 田	钅 艹 田	máo
锛	钅 廾	钅 大 十 廾	bēn
锜	钅 口	钅 大 丁 口	qí
锝	钅 寸	钅 日 一 寸	dé
锞	钅 果	钅 果	kè
锟	钅 匕	钅 日 比左 匕	kūn
锡	钅 勿	钅 日 勿	xī
锢	钅 口	钅 囗 十 口	gù
锣	钅 夕	钅 罒 夕	luó
锤	钅 垂	钅 垂	chuí
锥	钅 龶	钅 亻 亠 龶	zhuī
锦	钅 巾	钅 白 巾	jǐn
锧	钅 人	钅 丿 丿 十 冂 人	zhì
锨	钅 人	钅 斤 ⺈ 人	xiān
锩	钅 乛	钅 龹 乛 乛	juǎn
锪	钅 心	钅 勿 心	huò
锫	钅 口	钅 立 口	péi
锬	钅 火	钅 火 火	tán
锭	钅 人	钅 宀 一 丨 一 人	dìng
键	钅 廴	钅 聿 廴	jiàn
锯	钅 口	钅 尸 十 口	jù
锰	钅 皿	钅 子 皿	měng
锱	钅 田	钅 乛 乛 乛 田	zī
锲	钅 大	钅 丰 刀 大	qiè
锳	钅 央	钅 艹 央	yāng
锴	钅 白	钅 比左 匕 白	kǎi
锵	钅 寸	钅 冫 丨 夕 寸	qiāng
锶	钅 心	钅 田 心	sī
锷	钅 亏	钅 口 口 亏	è
锸	钅 臼	钅 千 臼	chā
锹	钅 火	钅 禾 火	qiāo
锺	钅 重	钅 重	zhōng
锻	钅 又	钅 丿 丨 一 一 一 几 又	duàn
锼	钅 又	钅 丿 丨 一 乛 一 一 丨 又	sōu
锽	钅 王	钅 白 王	huáng
锾	钅 又	钅 丿 ⺍ 一 𠂇 又	huán
锿	钅 𧘇	钅 亠 口 𧘇	āi
镀	钅 又	钅 广 廿 又	dù
镁	钅 大	钅 ⺷ 大	měi
镂	钅 女	钅 米 女	lòu
镃	钅 幺	钅 丷 一 幺 幺	zī
镄	钅 人	钅 弗 冂 人	fèi
镅	钅 目	钅 乛 丨 一 丿 目	méi
镆	钅 大	钅 艹 日 大	mò
镇	钅 八	钅 十 具上 八	zhèn
镈	钅 寸	钅 甫 寸	bó
镉	钅 丨	钅 一 口 冂 丷 一 丨	gé lì
镊	钅 又	钅 耳 又 又	niè
镋	钅 儿	钅 ⺌ 冖 口 儿	tǎng
镌	钅 乃	钅 亻 亠 龶 乃	juān
镍	钅 木	钅 自 木	niè
镎	钅 手	钅 人 一 口 手	ná
镏	钅 田	钅 丿 乛 丶 刀 田	liú liù
镐	钅 口	钅 亠 口 冂 口	gǎo
镑	钅 方	钅 亠 丷 冖 方	bàng
镒	钅 皿	钅 丷 一 八 皿	yì
镓	钅 豕	钅 宀 豕	jiā
镔	钅 八	钅 宀 丘 八	bīn
镕	钅 口	钅 宀 八 人 口	róng
镖	钅 小	钅 西 二 小	biāo
镗	钅 土	钅 ⺌ 冖 口 土	tāng
镘	钅 又	钅 日 罒 又	màn
镚	钅 月	钅 山 月 月	bèng
镛	钅 丨	钅 广 乛 一 一 丨 乛 一 一 丨	yōng
镜	钅 儿	钅 立 日 儿	jìng
镝	钅 口	钅 亠 丷 冂 十 口	dí
镞	钅 矢	钅 方 丿 一 矢	zú
镠	钅 丿	钅 习 习 人 丿 丿 丿	liú
镡	钅 十	钅 西 日 十	xín
镢	钅 人	钅 厂 丷 一 乛 丨 丿 ⺈ 人	jué
镣	钅 小	钅 大 丶 丿 日 小	liào
镤	钅 ㄟ	钅 业 ⺶ ㄟ	pú
镥	钅 日	钅 鱼 日	lǔ
镦	钅 攵	钅 亠 口 子 攵	duī dūn
镧	钅 柬	钅 门 柬	lán
镨	钅 日	钅 丷 亚 日	pǔ
镩	钅 串	钅 宀 八 串	cuān
镪	钅 虫	钅 弓 口 虫	qiǎng qiāng
镫	钅 一	钅 乛 丶 丿 丿 ㄟ 一 口 丷 一	dèng
镬	钅 又	钅 艹 亻 亠 龶 又	huò
镭	钅 田	钅 雨 田	léi
镮	钅 𧘇	钅 罒 一 口 𧘇	huán
镯	钅 虫	钅 罒 勹 虫	zhuó
镰	钅 ㄟ	钅 广 丷 一 乛 一 一 丨 丨 丿 ㄟ	lián
镱	钅 心	钅 立 日 心	yì
镲	钅 小	钅 宀 丿 乛 丶 丶 二 小	chǎ
镳	钅 灬	钅 广 乛 丨 丨 一 比左 匕 灬	biāo
镴	钅 乛	钅 乛 乛 乛 囗 乂 乛 丶 丶 乛 丶 丶 乛	là
镵	钅 丶	钅 ⺈ 口 比左 匕 ⺈ 丨 乛 一 丿 乛 丶	chán
镶	钅 𧘇	钅 亠 口 口 一 一 丨 丨 一 𧘇	xiāng
长	丿 ㄟ	丿 一 乛 ㄟ	cháng zhǎng
閪	门 西	门 西	hāi
门	丶 乛	丶 丨 乛	mén
闩	门 一	门 一	shuān
闪	门 人	门 人	shǎn
闫	门 三	门 三	yán
闭	门 才	门 才	bì
问	门 口	门 口	wèn
闯	门 马	门 马	chuǎng
闰	门 王	门 王	rùn
闱	门 韦	门 韦	wéi
闲	门 木	门 木	xián
闳	门 厶	门 𠂇 厶	hóng
间	门 日	门 日	jiān jiàn
闵	门 文	门 文	mǐn
闶	门 几	门 亠 几	kàng kāng
闷	门 心	门 心	mèn mēn
闸	门 甲	门 甲	zhá
闹	门 巾	门 亠 巾	nào
闺	门 土	门 土 土	guī
闻	门 耳	门 耳	wén
闼	门 辶	门 大 辶	tà
闽	门 虫	门 虫	mǐn
闾	门 口	门 口 口	lǘ
闿	门 己	门 山 己	kǎi
阀	门 戈	门 亻 戈	fá
阁	门 口	门 夂 口	gé
阂	门 人	门 亠 乛 丿 人	hé
阃	门 木	门 囗 木	kǔn
阄	门 乛	门 ⺈ 丨 乛 一 一 乛	jiū
阅	门 儿	门 丷 口 儿	yuè
阆	门 良	门 良	làng
阇	门 日	门 耂 日	dū
阈	门 一	门 戈 口 一	yù
阉	门 电	门 大 电	yān
阊	门 日	门 日 日	chāng
阋	门 儿	门 臼 儿	xì
阌	门 又	门 丿 ⺍ 冖 又	wén
阍	门 日	门 氏 日	hūn
阎	门 臼	门 ⺈ 臼	yán
阏	门 丶	门 方 人 丶 丶	è yān
阐	门 丨	门 丷 丨 乛 一 一 一 丨	chǎn
阑	门 柬	门 柬	lán
阒	门 犬	门 目 犬	qù
阔	门 口	门 氵 千 口	kuò
阕	门 天	门 乛 丶 丿 丿 ㄟ 天	què
阖	门 皿	门 土 厶 皿	hé
阗	门 八	门 十 具上 八	tián
阘	门 习	门 日 习 习	tà
阙	门 人	门 丷 一 乛 丨 丿 ⺈ 人	què
阚	门 攵	门 乛 耳 攵	kàn
阜	丿 十	丿 㠯 十	fù
队	阝 人	阝 人	duì
阡	阝 千	阝 千	qiān
阪	阝 又	阝 丿 丿 又	bǎn
阮	阝 儿	阝 二 儿	ruǎn
阱	阝 井	阝 井	jǐng
防	阝 方	阝 方	fáng
阳	阝 日	阝 日	yáng
阴	阝 月	阝 月	yīn
阵	阝 车	阝 车	zhèn
阶	阝 丨	阝 人 丿 丨	jiē
阻	阝 且	阝 且	zǔ
阼	阝 乍	阝 乍	zuò
阽	阝 口	阝 丨 一 口	diàn
阿	阝 口	阝 丁 口	ā ē
陀	阝 匕	阝 宀 匕	tuó
陂	阝 又	阝 乛 丿 丨 又	bēi pí pō
附	阝 寸	阝 亻 寸	fù
际	阝 小	阝 二 小	jì
陆	阝 击	阝 击	lù
陇	阝 龙	阝 龙	lǒng
陈	阝 东	阝 东	chén
陉	阝 工	阝 乛 丶 工	xíng
陋	阝 乛	阝 丙 乛	lòu
陌	阝 百	阝 百	mò
降	阝 丨	阝 夂 一 乛 丨	jiàng xiáng
陎	阝 朱	阝 朱	shū
限	阝 艮	阝 艮	xiàn
陑	阝 而	阝 而	ér
陔	阝 人	阝 亠 乛 丿 人	gāi
陕	阝 夹	阝 夹	shǎn
陛	阝 土	阝 比左 匕 土	bì
陞	阝 土	阝 升 土	shēng
陟	阝 丿	阝 止 丨 丿 丿	zhì
陡	阝 人	阝 土 丨 一 人	dǒu
院	阝 儿	阝 宀 二 儿	yuàn
除	阝 余下	阝 人 余下	chú
陧	阝 土	阝 日 土	niè
陨	阝 人	阝 口 冂 人	yǔn
险	阝 一	阝 人 一 ⺍ 一	xiǎn
陪	阝 口	阝 立 口	péi
陬	阝 又	阝 耳 又	zōu
陲	阝 垂	阝 垂	chuí
陴	阝 十	阝 丿 丨 乛 一 一 丿 十	pī
陵	阝 夂	阝 土 八 夂	líng
陶	阝 缶	阝 勹 缶	táo
陷	阝 臼	阝 ⺈ 臼	xiàn
隃	阝 刂	阝 人 一 月 刂	shù
隅	阝 禺	阝 禺	yú
隆	阝 生	阝 夂 一 生	lóng
隈	阝 ㄟ	阝 田 一 乛 丿 ㄟ	wēi
隋	阝 月	阝 𠂇 工 月	suí
隍	阝 王	阝 白 王	huáng
随	阝 辶	阝 𠂇 月 辶	suí
隐	阝 心	阝 ⺈ 彐 心	yǐn yìn
隔	阝 丨	阝 一 口 冂 丷 一 丨	gé
隗	阝 鬼	阝 鬼	wěi kuí
隘	阝 皿	阝 丷 一 八 皿	ài
隙	阝 小	阝 小 日 小	xì
障	阝 十	阝 立 日 十	zhàng
隧	阝 辶	阝 丷 豕 辶	suì
隩	阝 大	阝 丿 冂 米 大	ào yù
隰	阝 灬	阝 日 幺 幺 灬	xí
隳	阝 ⺗	阝 𠂇 工 月 人 ⺗	huī duò
隶	乛 ㄟ	乛 一 一 丨 冫 丿 ㄟ	lì dài
隹	亻 龶	亻 亠 龶	zhuī cuī wéi
隺	丶 龶	丶 乛 丿 丨 亠 龶	hè
隼	亻 十	亻 亠 龶 十	sǔn
隽	亻 乃	亻 亠 龶 乃	jùn juàn
难	又 龶	又 亻 亠 龶	nán nàn
雀	少 龶	少 丨 亠 龶	què qiāo qiǎo
雁	厂 龶	厂 亻 亻 亠 龶	yàn
雄	𠂇 龶	𠂇 厶 亻 亠 龶	xióng
雅	牙 龶	牙 亻 亠 龶	yǎ
集	亻 木	亻 亠 龶 木	jí
雇	户 龶	户 亻 亠 龶	gù
雉	矢 龶	矢 亻 亠 龶	zhì
雊	勹 龶	勹 口 亻 亠 龶	gòu
雌	止 龶	止 匕 亻 亠 龶	cí
雍	亠 龶	亠 乡 亻 亠 龶	yōng
雎	且 龶	且 亻 亠 龶	jū
雏	⺈ 龶	⺈ 彐 亻 亠 龶	chú
雒	夂 龶	夂 口 亻 亠 龶	luò
雕	冂 龶	冂 土 口 亻 亠 龶	diāo
雠	亻 龶	亻 亠 龶 讠 亻 亠 龶	chóu
雨	一 丶	一 丨 乛 丨 丶 丶 丶 丶	yǔ yù
雩	雨 亏	雨 亏	yú
雪	雨 彐	雨 彐	xuě
雫	雨 下	雨 下	nǎ
雯	雨 文	雨 文	wén
雱	雨 方	雨 方	pāng
雳	雨 力	雨 厂 力	lì
零	雨 龴	雨 人 丶 龴	líng
雷	雨 田	雨 田	léi
雹	雨 巳	雨 勹 巳	báo
雾	雨 力	雨 夂 力	wù
需	雨 而	雨 而	xū
霁	雨 丨	雨 文 丿 丨	jì
霄	雨 月	雨 ⺌ 月	xiāo
霅	雨 口	雨 亠 一 一 口	zhá
霆	雨 廴	雨 壬 廴	tíng
震	雨 ㄟ	雨 厂 二 乛 丿 ㄟ	zhèn
霈	雨 丨	雨 氵 一 丨 乛 丨	pèi
霉	雨 母	雨 丿 一 母	méi
霋	雨 女	雨 一 乛 一 一 丨 女	qī
霍	雨 龶	雨 亻 亠 龶	huò
霎	雨 女	雨 立 女	shà
霏	雨 非	雨 非	fēi
霓	雨 儿	雨 臼 儿	ní
霖	雨 木	雨 木 木	lín
霜	雨 目	雨 木 目	shuāng
霞	雨 又	雨 乛 一 丨 一 一 乛 一 又	xiá
霨	雨 寸	雨 尸 二 小 寸	wèi
霪	雨 壬	雨 氵 丿 ⺍ 壬	yín
霭	雨 乛	雨 讠 日 勹 人 乛	ǎi
霰	雨 攵	雨 艹 一 月 攵	xiàn
露	雨 口	雨  ⻊ 夂 口	lù lòu
霸	雨 月	雨 革 月	bà
霹	雨 十	雨 尸 口 立 十	pī
霾	雨 里	雨 豸 里	mái
青	龶 月	龶 月	qīng
靓	龶 见下	龶 月 冂 见下	jìng liàng
靖	立 月	立 龶 月	jìng
靘	龶 巴	龶 月 ⺈ 巴	qìng
静	龶 丨	龶 月 ⺈ 乛 一 一 丨	jìng
靛	龶 人	龶 月 宀 一 丨 一 人	diàn
非	丨 一	丨 一 一 一 丨 一 一 一	fēi
靠	⺧ 非	⺧ 口 非	kào
靡	广 非	广 木 木 非	mí mǐ
面	一 一	一 丿 囗 丨 丨 一 一	miàn
靥	厂 面	厂 犬 面	yè
革	廿 丨	廿 丨 乛 一 一 丨	gé jí
靬	革 干	革 干	jiān
靰	革 兀	革 兀	wù
靳	革 斤	革 斤	jìn
靴	革 匕	革 亻 匕	xuē
靶	革 巴	革 巴	bǎ
靸	革 及	革 及	sǎ
靺	革 末	革 末	mò
靼	革 一	革 日 一	dá
靽	革 半	革 半	bàn
靿	革 力	革 幺 力	yào
鞁	革 又	革 乛 丿 丨 又	bèi
鞅	革 央	革 央	yāng yàng
鞋	革 土	革 土 土	xié
鞍	革 女	革 宀 女	ān
鞑	革 辶	革 大 辶	dá
鞒	革 丨	革 夭 丿 丨	qiáo
鞔	革 乛	革 ⺈ 丨 乛 一 丿 乛	mán
鞘	革 月	革 ⺌ 月	qiào shāo
鞠	革 米	革 勹 米	jū
鞡	革 立	革 扌 立	la
鞣	革 木	革 龴 乛 丨 丿 木	róu
鞧	革 酉	革 丷 酉	qiū
鞨	革 乛	革 日 勹 人 乛	hé
鞫	革 口	革 勹 亠 一 一 口	jú
鞬	革 廴	革 聿 廴	jiàn jiān
鞭	革 更	革 亻 更	biān
鞮	革 人	革 日 一 丨 一 人	dī
鞯	革 子	革 艹 𠂇 丨 子	jiān
鞲	革 冉	革 一 一 丨 丨 一 冉	gōu
鞳	革 口	革 艹 人 一 口	tà
鞴	革 用	革 艹 一 丿 用	bèi
韂	革 口	革 ⺈ 厂 八 亠 一 一 口	chàn
韦	一 丨	一 一 乛 丨	wéi
韧	韦 刃	韦 刃	rèn
韨	韦 丶	韦 𠂇 又 丶	fú
韩	十 韦	十 日 十 韦	hán
韪	日 韦	日 一 丨 一 人 韦	wěi
韫	韦 皿	韦 日 皿	yùn
韬	韦 臼	韦 丿 ⺍ 臼	tāo
韭	非 一	非 一	jiǔ
音	立 日	立 日	yīn
韵	立 冫	立 日 勹 冫	yùn
韶	立 口	立 日 刀 口	sháo
页	一 人	一 丿 冂 人	yè
顶	丁 人	丁 一 丿 冂 人	dǐng
顷	比左 人	比左 一 丿 冂 人	qǐng
顸	干 人	干 一 丿 冂 人	hān
项	工 人	工 一 丿 冂 人	xiàng
顺	川 人	川 一 丿 冂 人	shùn
须	丿 人	丿 丿 丿 一 丿 冂 人	xū
顼	王 人	王 一 丿 冂 人	xù
顽	二 人	二 儿 一 丿 冂 人	wán
顾	厂 人	厂 乛 乛 一 丿 冂 人	gù
顿	屯 人	屯 一 丿 冂 人	dùn
颀	斤 人	斤 一 丿 冂 人	qí
颁	八 人	八 刀 一 丿 冂 人	bān
颂	八 人	八 厶 一 丿 冂 人	sòng
颃	亠 人	亠 几 一 丿 冂 人	háng
预	龴 人	龴 乛 丨 一 丿 冂 人	yù
颅	丨 人	丨 一 尸 一 丿 冂 人	lú
领	人 人	人 丶 龴 一 丿 冂 人	lǐng
颇	乛 人	乛 丿 丨 又 一 丿 冂 人	pō
颈	乛 人	乛 丶 工 一 丿 冂 人	jǐng gěng
颉	士 人	士 口 一 丿 冂 人	jié xié
颊	夹 人	夹 一 丿 冂 人	jiá
颋	壬 人	壬 廴 一 丿 冂 人	tǐng
颌	人 人	人 一 口 一 丿 冂 人	hé gé
颍	匕 人	匕 水 一 丿 冂 人	yǐng
颎	匕 人	匕 火 一 丿 冂 人	jiǒng
颏	亠 人	亠 乛 丿 人 一 丿 冂 人	kē
颐	匚 人	匚 丨 口 丨 一 丿 冂 人	yí
频	止 人	止 丨 丿 丿 一 丿 冂 人	pín bīn
颓	禾 人	禾 几 一 丿 冂 人	tuí
颔	人 人	人 丶 乛 口 一 丿 冂 人	hàn
颖	匕 人	匕 禾 一 丿 冂 人	yǐng
颗	果 人	果 一 丿 冂 人	kē
题	日 人	日 一 丨 一 人 一 丿 冂 人	tí
颙	禺 人	禺 一 丿 冂 人	yóng
颚	口 人	口 口 亏 一 丿 冂 人	è
颛	山 人	山 而 一 丿 冂 人	zhuān
颜	产 人	产 丿 丿 丿 一 丿 冂 人	yán
额	宀 人	宀 夂 口 一 丿 冂 人	é
颞	耳 人	耳 又 又 一 丿 冂 人	niè
颟	艹 人	艹 两 一 丿 冂 人	mān
颠	十 人	十 具上 八 一 丿 冂 人	diān
颡	又 人	又 又 又 木 一 丿 冂 人	sǎng
颢	日 人	日 亠 口 小 一 丿 冂 人	hào
颤	亠 人	亠 囗 口 日 一 一 丿 冂 人	chàn zhàn
颥	雨 人	雨 而 一 丿 冂 人	rú
颦	止 十	止 丨 丿 丿 一 丿 冂 人 丿 丨 乛 一 一 丿 十	pín
颧	艹 人	艹 口 口 亻 亠 龶 一 丿 冂 人	quán
颪	下 虫	下 几 丿 虫	guā
风	几 乂	几 乂	fēng fěng
飏	几 丿	几 乂 乛 丿 丿	yáng
飐	几 口	几 乂 丨 一 口	zhǎn
飑	几 巳	几 乂 勹 巳	biāo
飒	立 乂	立 几 乂	sà
飓	几 八	几 乂 具上 八	jù
飔	几 心	几 乂 田 心	sī
飕	几 又	几 乂 丿 丨 一 乛 一 一 丨 又	sōu
飗	几 田	几 乂 丿 乛 丶 刀 田	liú
飘	西 乂	西 二 小 几 乂	piāo
飙	犬 乂	犬 犬 犬 几 乂	biāo
飞	乛 丶	乛 丿 丶	fēi
食	人 良	人 良	shí sì yì
飧	夕 良	夕 人 良	sūn
飨	乡 良	乡 人 良	xiǎng
餍	厂 良	厂 犬 人 良	yàn
餐	丨 良	丨 一 夕 又 人 良	cān
餮	歹 良	歹 人 丿 丿 丿 人 良	tiè
饔	亠 良	亠 乡 亻 亠 龶 人 良	yōng
饕	口 良	口 一 乛 虍 几 人 良	tāo
饥	饣 几	饣 几	jī
饧	饣 丿	饣 乛 丿 丿	xíng
饨	饣 屯	饣 屯	tún
饩	饣 气	饣 气	xì
饪	饣 壬	饣 壬	rèn
饫	饣 夭	饣 夭	yù
饬	饣 力	饣 丿 一 力	chì
饭	饣 又	饣 丿 丿 又	fàn
饮	饣 人	饣 ⺈ 人	yǐn
饯	饣 戋	饣 戋	jiàn
饰	饣 巾	饣 丿 一 巾	shì
饱	饣 巳	饣 勹 巳	bǎo
饲	饣 口	饣 乛 一 口	sì
饳	饣 出	饣 出	duò
饴	饣 口	饣 厶 口	yí
饵	饣 耳	饣 耳	ěr
饶	饣 兀	饣 一 乛 丿 兀	ráo
饷	饣 口	饣 丿 冂 口	xiǎng
饸	饣 口	饣 人 一 口	hé
饹	饣 口	饣 夂 口	le
饺	饣 乂	饣 亠 八 乂	jiǎo
饻	饣 𧘇	饣 亠 𧘇	xī
饼	饣 开	饣 丷 开	bǐng
饽	饣 子	饣 十 冖 子	bō
饿	饣 我	饣 我	è
馁	饣 女	饣 丿 ⺍ 女	něi
馃	饣 果	饣 果	guǒ
馄	饣 匕	饣 日 比左 匕	hún
馅	饣 臼	饣 ⺈ 臼	xiàn
馆	饣 㠯	饣 宀 㠯	guǎn
馇	饣 一	饣 木 日 一	chā
馈	饣 人	饣 中 一 冂 人	kuì
馉	饣 骨	饣 骨	gǔ
馊	饣 又	饣 丿 丨 一 乛 一 一 丨 又	sōu
馋	饣 丶	饣 ⺈ 丨 乛 一 丿 乛 丶 丶	chán
馌	饣 皿	饣 土 厶 皿	yè
馍	饣 大	饣 艹 日 大	mó
馏	饣 田	饣 丿 乛 丶 刀 田	liù liú
馐	饣 丑	饣 ⺶ 丑	xiū
馑	饣 一	饣 廿 丨 乛 一 一 一 丨 一	jǐn
馒	饣 又	饣 日 罒 又	mán
馓	饣 攵	饣 艹 一 月 攵	sǎn
馔	饣 八	饣 巳 巳 艹 一 八	zhuàn
馕	饣 𧘇	饣 一 丨 乛 一 丨 冖 口 口 一 一 丨 丨 一 𧘇	náng nǎng
首	丷 自	丷 一 自	shǒu
馗	九 自	九 丷 一 自	kuí
馘	丷 一	丷 一 自 戈 口 一	guó
香	禾 日	禾 日	xiāng
馝	禾 必	禾 日 必	bì
馞	禾 子	禾 日 十 冖 子	bó
馥	禾 夂	禾 日 丿 一 日 夂	fù
馧	禾 皿	禾 日 日 皿	yūn
馨	士 日	士 乛 丨 一 丿 几 又 禾 日	xīn
馫	禾 日	禾 日 禾 日 禾 日	xīn
马	乛 一	乛 乛 一	mǎ
驭	马 又	马 又	yù
驮	马 大	马 大	tuó
驯	马 川	马 川	xùn
驰	马 也	马 也	chí
驱	马 乂	马 匚 乂	qū
驲	马 日	马 日	rì
驳	马 乂	马 乂 乂	bó
驴	马 户	马 户	lǘ
驵	马 且	马 且	zǎng
驶	马 史	马 史	shǐ
驷	马 儿	马 囗 儿	sì
驸	马 寸	马 亻 寸	fù
驹	马 口	马 勹 口	jū
驺	马 彐	马 ⺈ 彐	zōu
驻	马 主	马 主	zhù
驼	马 匕	马 宀 匕	tuó
驽	女 马	女 又 马	nú
驾	力 马	力 口 马	jià
驿	马 丨	马 又 一 一 丨	yì
骀	马 口	马 厶 口	tái
骁	马 兀	马 一 乛 丿 兀	xiāo
骂	口 马	口 口 马	mà
骃	马 大	马 囗 大	yīn
骄	马 丨	马 夭 丿 丨	jiāo
骅	马 十	马 亻 匕 十	huá
骆	马 口	马 夂 口	luò
骇	马 人	马 亠 乛 丿 人	hài
骈	马 开	马 丷 开	pián
骉	马 马	马 马 马	biāo
骊	马 丽	马 丽	lí
骋	马 乛	马 由 一 乛	chěng
验	马 一	马 人 一 ⺍ 一	yàn
骍	马 十	马 立 十	xīng
骎	马 又	马 亻 彐 冖 又	qīn
骏	马 夂	马 厶 八 夂	jùn
骐	马 八	马 其上 八	qí
骑	马 口	马 大 丁 口	qí
骒	马 果	马 果	kè
骓	马 龶	马 亻 亠 龶	zhuī
骕	马 肃	马 肃	sù
骖	马 丿	马 厶 大 丿 丿 丿	cān
骗	马 艹	马 户 冂 艹	piàn
骘	阝 马	阝 止 丨 丿 丿 马	zhì
骙	马 天	马 乛 丶 丿 丿 ㄟ 天	kuí
骚	马 虫	马 叉 虫	sāo sǎo
骛	龴 马	龴 乛 丨 丿 攵 马	wù
骜	龶 马	龶 乛 丿 攵 马	áo
骝	马 田	马 丿 乛 丶 刀 田	liú
骞	宀 马	宀 一 一 丨 丨 一 八 马	qiān
骟	马 习	马 户 习 习	shàn
骠	马 小	马 西 二 小	piào biāo
骡	马 小	马 田 幺 小	luó
骢	马 心	马 丿 囗 夂 心	cōng
骣	马 子	马 尸 子 子 子	chǎn zhàn
骤	马 ㄟ	马 耳 又 亻 丿 丿 丿 ㄟ	zhòu
骥	马 八	马 丨 一 一 匕 田 艹 一 八	jì
骦	马 目	马 雨 木 目	shuāng
骧	马 𧘇	马 亠 口 口 一 一 丨 丨 一 𧘇	xiāng
骨	丨 月	丨 乛 乛 冖 月	gǔ gū
骭	骨 干	骨 干	gàn
骰	骨 又	骨 几 又	tóu
骱	骨 丨	骨 人 丿 丨	jiè
骶	骨 氐	骨 氐	dǐ
骷	骨 口	骨 十 口	kū
骸	骨 人	骨 亠 乛 丿 人	hái
骺	骨 口	骨 丿 丿 一 口	hóu
骼	骨 口	骨 夂 口	gé
髀	骨 十	骨 丿 丨 乛 一 一 丿 十	bì
髁	骨 果	骨 果	kē
髂	骨 口	骨 宀 夂 口	qià
髃	骨 禺	骨 禺	ǒu
髅	骨 女	骨 米 女	lóu
髈	骨 方	骨 亠 丷 冖 方	pāng páng bǎng bàng
髋	骨 见下	骨 宀 艹 冂 见下	kuān
髌	骨 八	骨 宀 丘 八	bìn
髎	骨 丿	骨 习 习 人 丿 丿 丿	liáo
髑	骨 虫	骨 罒 勹 虫	dū
髓	骨 辶	骨 𠂇 工 月 辶	suǐ
高	亠 口	亠 口 冂 口	gāo
髟	一 丿	一 丨 一 一 一 厶 丿 丿 丿	biāo
髡	一 兀	一 丨 一 二 厶 丿 丿 丿 兀	kūn
髢	一 也	一 丨 一 二 厶 丿 丿 丿 也	dí
髦	一 毛	一 丨 一 二 厶 丿 丿 丿 毛	máo
髫	一 口	一 丨 一 二 厶 丿 丿 丿 刀 口	tiáo
髭	一 匕	一 丨 一 二 厶 丿 丿 丿 止 匕	zī
髯	一 冉	一 丨 一 二 厶 丿 丿 丿 冉	rán
髹	一 木	一 丨 一 二 厶 丿 丿 丿 亻 木	xiū
髻	一 口	一 丨 一 二 厶 丿 丿 丿 士 口	jì
髽	一 土	一 丨 一 二 厶 丿 丿 丿 人 人 土	zhuā
鬃	一 小	一 丨 一 二 厶 丿 丿 丿 宀 二 小	zōng
鬈	一 乛	一 丨 一 二 厶 丿 丿 丿 龹 乛 乛	quán
鬏	一 火	一 丨 一 二 厶 丿 丿 丿 禾 火	jiū
鬒	一 八	一 丨 一 二 厶 丿 丿 丿 十 具上 八	zhěn
鬓	一 八	一 丨 一 二 厶 丿 丿 丿 宀 丘 八	bìn
鬘	一 又	一 丨 一 二 厶 丿 丿 丿 日 罒 又	mán
鬟	一 𧘇	一 丨 一 二 厶 丿 丿 丿 罒 一 口 𧘇	huán
鬣	一 乛	一 丨 一 二 厶 丿 丿 丿 乛 乛 乛 囗 乂 乛 丶 丶 乛 丶 丶 乛	liè
鬯	乂 匕	乂 丶 丶 丶 丶 凵 匕	chàng
鬲	一 丨	一 口 冂 丷 一 丨	gé
鬶	夫 丨	夫 冂 见下 一 口 冂 丷 一 丨	guī
鬷	一 夂	一 口 冂 丷 一 丨 乂 凵 八 夂	zōng
鬻	弓 丨	弓 米 弓 一 口 冂 丷 一 丨	yù
鬼	丿 厶	丿 丨 乛 一 一 丿 乛 厶	guǐ
魁	鬼 十	鬼 丶 丶 十	kuí
魂	二 鬼	二 厶 鬼	hún
魃	鬼 丶	鬼 𠂇 又 丶	bá
魄	白 鬼	白 鬼	pò
魅	鬼 未	鬼 未	mèi
魆	鬼 乛	鬼 戈 乛	xū
魇	厂 鬼	厂 犬 鬼	yǎn
魈	鬼 月	鬼 ⺌ 月	xiāo
魉	鬼 两	鬼 两	liǎng
魋	鬼 龶	鬼 亻 亠 龶	tuí
魍	鬼 亡	鬼 冂 丷 一 亡	wǎng
魏	禾 鬼	禾 女 鬼	wèi
魑	鬼 丶	鬼 亠 乂 凵 丨 乛 乛 丶	chī
魔	广 鬼	广 木 木 鬼	mó
鱻	鱼 鱼	鱼 鱼 鱼	xiān
鱼	⺈ 一	⺈ 田 一	yú
鱽	鱼 刀	鱼 刀	dāo
鱾	鱼 己	鱼 己	jǐ
鱿	鱼 尤	鱼 尤	yóu
鲀	鱼 屯	鱼 屯	tún
鲁	鱼 日	鱼 日	lǔ
鲂	鱼 方	鱼 方	fáng
鲃	鱼 巴	鱼 巴	bā bà
鲅	鱼 丶	鱼 𠂇 又 丶	bà
鲆	鱼 平	鱼 平	píng
鲇	鱼 口	鱼 丨 一 口	nián
鲈	鱼 尸	鱼 丨 一 尸	lú
鲉	鱼 由	鱼 由	yóu
鲊	鱼 乍	鱼 乍	zhǎ zhà
鲋	鱼 寸	鱼 亻 寸	fù
鲌	鱼 白	鱼 白	bó bà
鲍	鱼 巳	鱼 勹 巳	bào
鲎	⺍ 鱼	⺍ 冖 鱼	hòu
鲏	鱼 又	鱼 乛 丿 丨 又	pí
鲐	鱼 口	鱼 厶 口	tái
鲑	鱼 土	鱼 土 土	guī xié
鲒	鱼 口	鱼 士 口	jié
鲔	鱼 月	鱼 𠂇 月	wěi
鲕	鱼 而	鱼 而	ér
鲖	鱼 口	鱼 冂 一 口	tóng
鲗	鱼 刂	鱼 冂 人 刂	zéi
鲘	鱼 口	鱼 丿 丿 一 口	hòu
鲙	鱼 厶	鱼 人 二 厶	kuài
鲚	鱼 丨	鱼 文 丿 丨	jì
鲛	鱼 乂	鱼 亠 八 乂	jiāo
鲜	鱼 羊	鱼 羊	xiān xiǎn
鲝	⺶ 鱼	⺶ 鱼	zhǎ
鲞	龹 鱼	龹 鱼	xiǎng
鲟	鱼 寸	鱼 彐 寸	xún
鲠	鱼 更	鱼 更	gěng
鲡	鱼 丽	鱼 丽	lí
鲢	鱼 辶	鱼 车 辶	lián
鲣	鱼 土	鱼 丨 丨 又 土	jiān
鲤	鱼 里	鱼 里	lǐ
鲥	鱼 寸	鱼 日 寸	shí
鲦	鱼 朩	鱼 夂 朩	tiáo
鲧	鱼 小	鱼 丿 幺 小	gǔn
鲨	氵 鱼	氵 少 鱼	shā
鲩	鱼 儿	鱼 宀 二 儿	huàn
鲪	鱼 口	鱼 尹 口	jūn
鲫	鱼 卩	鱼 即左 卩	jì
鲬	鱼 用	鱼 龴 用	yǒng
鲭	鱼 月	鱼 龶 月	qīng
鲮	鱼 夂	鱼 土 八 夂	líng
鲯	鱼 八	鱼 其上 八	qí
鲰	鱼 又	鱼 耳 又	zōu
鲱	鱼 非	鱼 非	fēi
鲲	鱼 匕	鱼 日 比左 匕	kūn
鲳	鱼 日	鱼 日 日	chāng
鲴	鱼 口	鱼 囗 十 口	gù
鲵	鱼 儿	鱼 臼 儿	ní
鲶	鱼 心	鱼 人 丶 乛 心	nián
鲷	鱼 口	鱼 冂 土 口	diāo
鲸	鱼 小	鱼 亠 口 小	jīng
鲹	鱼 丿	鱼 厶 大 丿 丿 丿	shēn
鲺	鱼 虫	鱼 乛 丿 虫	shī
鲻	鱼 田	鱼 乛 乛 乛 田	zī
鲼	鱼 人	鱼 十 艹 冂 人	fèn
鲽	鱼 木	鱼 世 木	dié
鲾	鱼 田	鱼 一 口 田	bī
鲿	鱼 厶	鱼 ⺌ 冖 二 厶	cháng
鳀	鱼 人	鱼 日 一 丨 一 人	tí
鳁	鱼 皿	鱼 日 皿	wēn
鳂	鱼 ㄟ	鱼 田 一 乛 丿 ㄟ	wēi
鳃	鱼 心	鱼 田 心	sāi xǐ
鳄	鱼 亏	鱼 口 口 亏	è
鳅	鱼 火	鱼 禾 火	qiū
鳇	鱼 王	鱼 白 王	huáng
鳈	鱼 水	鱼 白 水	quán
鳉	鱼 寸	鱼 冫 丨 夕 寸	jiāng
鳊	鱼 艹	鱼 户 冂 艹	biān
鳌	龶 鱼	龶 乛 丿 攵 鱼	áo
鳍	鱼 日	鱼 耂 匕 日	qí
鳎	鱼 习	鱼 日 习 习	tǎ
鳏	鱼 丶	鱼 罒 丨 丿 丿 丶 丶	guān
鳐	鱼 缶	鱼 丿 ⺍ 缶	yáo
鳑	鱼 方	鱼 亠 丷 冖 方	páng
鳒	鱼 ㄟ	鱼 丷 一 乛 一 一 丨 丨 丿 ㄟ	jiān
鳓	鱼 力	鱼 革 力	lè
鳔	鱼 小	鱼 西 二 小	biào
鳕	鱼 彐	鱼 雨 彐	xuě
鳖	丶 鱼	丶 丿 丨 乛 丨 丿 丶 攵 鱼	biē
鳗	鱼 又	鱼 日 罒 又	mán
鳘	丿 鱼	丿 一 母 攵 鱼	mǐn
鳙	鱼 丨	鱼 广 乛 一 一 丨 乛 一 一 丨	yōng
鳚	鱼 寸	鱼 尸 二 小 寸	wèi
鳛	鱼 白	鱼 习 习 白	xí
鳜	鱼 人	鱼 厂 丷 一 乛 丨 丿 ⺈ 人	guì
鳝	鱼 口	鱼 羊 丶 丿 一 口	shàn
鳞	鱼 丨	鱼 米 夕 一 乛 丨	lín
鳟	鱼 寸	鱼 丷 酉 寸	zūn
鳠	鱼 又	鱼 艹 亻 亠 龶 又	hù
鳡	鱼 心	鱼 戌 口 心	gǎn
鳢	鱼 一	鱼 曲 一 口 丷 一	lǐ
鳣	鱼 一	鱼 亠 囗 口 日 一	zhān
鳤	鱼 㠯	鱼 ⺮ 宀 㠯	guǎn
鸟	乌 丶	乌 丶	niǎo diǎo
鸠	九 鸟	九 鸟	jiū
鸡	又 鸟	又 鸟	jī
鸢	弋 鸟	弋 鸟	yuān
鸣	口 鸟	口 鸟	míng
鸤	尸 鸟	尸 鸟	shī
鸥	匚 鸟	匚 乂 鸟	ōu
鸦	牙 鸟	牙 鸟	yā
鸧	人 鸟	人 乛 乛 鸟	cāng
鸨	匕 鸟	匕 十 鸟	bǎo
鸩	丶 鸟	丶 乛 丿 乛 鸟	zhèn
鸪	十 鸟	十 口 鸟	gū
鸫	东 鸟	东 鸟	dōng
鸬	丨 鸟	丨 一 尸 鸟	lú
鸭	甲 鸟	甲 鸟	yā
鸮	口 鸟	口 一 乛 鸟	xiāo
鸯	央 鸟	央 鸟	yāng
鸰	人 鸟	人 丶 龴 鸟	líng
鸱	氐 鸟	氐 鸟	chī
鸲	勹 鸟	勹 口 鸟	qú
鸳	夕 鸟	夕 乛 乛 鸟	yuān
鸵	鸟 匕	鸟 宀 匕	tuó
鸶	丝 鸟	丝 鸟	sī
鸷	扌 鸟	扌 丸 鸟	zhì
鸸	而 鸟	而 鸟	ér
鸹	千 鸟	千 口 鸟	guā
鸺	亻 鸟	亻 木 鸟	xiū
鸻	彳 鸟	彳 亍 鸟	héng
鸼	舟 鸟	舟 鸟	zhōu
鸽	人 鸟	人 一 口 鸟	gē
鸾	亠 鸟	亠 丨 丨 丿 丶 鸟	luán
鸿	氵 鸟	氵 工 鸟	hóng
鹀	工 鸟	工 人 人 鸟	wú
鹁	十 鸟	十 冖 子 鸟	bó
鹂	丽 鸟	丽 鸟	lí
鹃	口 鸟	口 月 鸟	juān
鹄	⺧ 鸟	⺧ 口 鸟	hú
鹅	我 鸟	我 鸟	é
鹆	八 鸟	八 人 口 鸟	yù
鹇	门 鸟	门 木 鸟	xián
鹈	丷 鸟	丷 乛 一 乛 丨 丿 鸟	tí
鹉	一 鸟	一 弋 止 鸟	wǔ
鹊	艹 鸟	艹 一 日 鸟	què
鹋	艹 鸟	艹 田 鸟	miáo
鹌	大 鸟	大 电 鸟	ān
鹍	日 鸟	日 比左 匕 鸟	kūn
鹎	丿 鸟	丿 丨 乛 一 一 丿 十 鸟	bēi
鹏	月 鸟	月 月 鸟	péng
鹐	⺈ 鸟	⺈ 臼 鸟	qiān
鹑	亠 鸟	亠 口 子 鸟	chún
鹒	广 鸟	广 乛 一 一 丿 ㄟ 鸟	gēng
鹔	肃 鸟	肃 鸟	sù
鹕	十 鸟	十 口 月 鸟	hú
鹖	日 鸟	日 勹 人 乛 鸟	hé
鹗	口 鸟	口 口 亏 鸟	è
鹘	骨 鸟	骨 鸟	gǔ
鹙	禾 鸟	禾 火 鸟	qiū
鹚	丷 鸟	丷 一 幺 幺 鸟	cí
鹛	乛 鸟	乛 丨 一 丿 目 鸟	méi
鹜	龴 鸟	龴 乛 丨 丿 攵 鸟	wù
鹝	一 鸟	一 口 冂 丷 一 丨 鸟	yì
鹞	丿 鸟	丿 ⺍ 缶 鸟	yào
鹟	八 鸟	八 厶 习 习 鸟	wēng
鹠	丿 鸟	丿 乛 丶 刀 田 鸟	liú
鹡	冫 鸟	冫 丿 丶 人 月 鸟	jī
鹢	丷 鸟	丷 一 八 皿 鸟	yì
鹣	丷 鸟	丷 一 乛 一 一 丨 丨 丿 ㄟ 鸟	jiān
鹤	丶 鸟	丶 乛 丿 丨 亠 龶 鸟	hè
鹦	冂 鸟	冂 人 冂 人 女 鸟	yīng
鹧	广 鸟	广 廿 灬 鸟	zhè
鹨	习 鸟	习 习 人 丿 丿 丿 鸟	liù
鹩	大 鸟	大 丶 丿 日 小 鸟	liáo
鹪	亻 鸟	亻 亠 龶 灬 鸟	jiāo
鹫	亠 鸟	亠 口 小 尤 鸟	jiù
鹬	龴 鸟	龴 乛 丨 丿 冂 八 口 鸟	yù
鹭	⻊ 鸟	⻊ 夂 口 鸟	lù
鹮	罒 鸟	罒 一 口 𧘇 鸟	huán
鹯	亠 鸟	亠 囗 口 日 一 鸟	zhān
鹰	广 鸟	广 亻 亻 亠 龶 鸟	yīng
鹱	鸟 又	鸟 艹 亻 亠 龶 又	hù
鹲	艹 鸟	艹 冖 二 丿 乛 丿 丿 丿 ㄟ 鸟	méng
鹳	艹 鸟	艹 口 口 亻 亠 龶 鸟	guàn
鹴	雨 鸟	雨 木 目 鸟	shuāng
鹾	丨 工	丨 一 囗 乂 ⺶ 工	cuó
鹿	广 匕	广 乛 丨 丨 一 比左 匕	lù
麀	广 匕	广 乛 丨 丨 一 比左 匕 匕	yōu
麂	广 几	广 乛 丨 丨 一 比左 匕 几	jǐ
麃	广 灬	广 乛 丨 丨 一 比左 匕 灬	biāo páo
麇	广 禾	广 乛 丨 丨 一 比左 匕 禾	jūn qún
麈	广 主	广 乛 丨 丨 一 比左 匕 主	zhǔ
麋	广 米	广 乛 丨 丨 一 比左 匕 米	mí
麑	广 儿	广 乛 丨 丨 一 比左 匕 臼 儿	ní
麒	广 八	广 乛 丨 丨 一 比左 匕 其上 八	qí
麓	木 匕	木 木 广 乛 丨 丨 一 比左 匕	lù
麖	广 小	广 乛 丨 丨 一 比左 匕 亠 口 小	jīng
麝	广 寸	广 乛 丨 丨 一 比左 匕 身 寸	shè
麟	广 丨	广 乛 丨 丨 一 比左 匕 米 夕 一 乛 丨	lín
麤	广 匕	广 ... 匕	cū
麦	龶 夂	龶 夂	mài
麸	龶 夫	龶 夂 夫	fū
麹	龶 米	龶 夂 勹 米	qū
麻	广 木	广 木 木	má
麽	广 么	广 木 木 么	mó me
麾	广 毛	广 木 木 毛	huī
黄	艹 八	艹 一 由 八	huáng
黇	艹 口	艹 一 由 八 丨 一 口	tiān
黉	⺍ 八	⺍ 冖 艹 一 由 八	hóng
黍	禾 氺	禾 人 氺	shǔ
黎	禾 氺	禾 勹 丿 人 氺	lí
黏	禾 口	禾 人 氺 丨 一 口	nián
黐	禾 丶	禾 人 氺 亠 乂 凵 丨 乛 乛 丶	chī
黑	丨 灬	丨 乛 丶 丿 一 丨 一 一 灬	hēi
黔	黑 乛	黑 人 丶 乛	qián
默	黑 犬	黑 犬	mò
黛	亻 黑	亻 弋 黑	dài
黜	黑 出	黑 出	chù
黝	黑 力	黑 幺 力	yǒu
黟	黑 夕	黑 夕 夕	yī
黠	黑 口	黑 士 口	xiá
黡	厂 黑	厂 犬 黑	yǎn
黢	黑 夂	黑 厶 八 夂	qū
黥	黑 小	黑 亠 口 小	qíng
黧	禾 黑	禾 勹 丿 黑	lí
黩	黑 大	黑 十 乛 丶 丶 大	dú
黪	黑 丿	黑 厶 大 丿 丿 丿	cǎn
黯	黑 日	黑 立 日	àn
黹	业 丶	业 丶 丿 丨 乛 丨 丿 丶	zhǐ
黻	业 丶	业 丶 丿 丨 乛 丨 丿 丶 𠂇 又 丶	fú
黼	业 甫	业 丶 丿 丨 乛 丨 丿 丶 甫	fǔ
黾	口 电	口 电	mǐn miǎn
鼋	二 电	二 儿 口 电	yuán
鼍	口 电	口 口 田 一 口 电	tuó
鼎	目 乛	目 乛 一 丿 丨 一 丨 乛	dǐng
鼐	乃 乛	乃 目 乛 一 丿 丨 一 丨 乛	nài
鼒	才 乛	才 目 乛 一 丿 丨 一 丨 乛	zī
鼓	士 又	士 口 丷 一 十 又	gǔ
鼗	儿 又	儿 冫 丿 丶 士 口 丷 一 十 又	táo
鼙	士 十	士 口 丷 一 十 又 丿 丨 乛 一 一 丿 十	pí
鼠	臼 乛	臼 乛 丶 丶 乛 丶 丶 乛	shǔ
鼢	臼 刀	臼 乛 丶 丶 乛 丶 丶 乛 八 刀	fén
鼩	臼 口	臼 乛 丶 丶 乛 丶 丶 乛 勹 口	qú
鼫	臼 石	臼 乛 丶 丶 乛 丶 丶 乛 石	shí
鼬	臼 由	臼 乛 丶 丶 乛 丶 丶 乛 由	yòu
鼯	臼 口	臼 乛 丶 丶 乛 丶 丶 乛 五 口	wú
鼱	臼 月	臼 乛 丶 丶 乛 丶 丶 乛 龶 月	jīng
鼷	臼 大	臼 乛 丶 丶 乛 丶 丶 乛 丿 ⺍ 幺 大	xī
鼹	臼 女	臼 乛 丶 丶 乛 丶 丶 乛 日 宀 女	yǎn
鼻	自 丨	自 田 一 丿 丨	bí
鼽	自 九	自 田 一 丿 丨 九	qiú
鼾	自 干	自 田 一 丿 丨 干	hān
齁	自 口	自 田 一 丿 丨 勹 口	hōu
齇	自 且	自 田 一 丿 丨 虍 且	zhā
齉	自 𧘇	自 田 一 丿 丨 一 丨 乛 一 丨 冖 口 口 一 一 丨 丨 一 𧘇	nàng
齐	文 丨	文 丿 丨	qí
齑	文 丨	文 韭 丿 丨	jī
齿	止 凵	止 人 凵	chǐ
龀	止 匕	止 人 凵 匕	chèn
龁	止 乞	止 人 凵 乞	hé
龂	止 斤	止 人 凵 斤	yín
龃	止 且	止 人 凵 且	jǔ
龄	止 龴	止 人 凵 人 丶 龴	líng
龅	止 巳	止 人 凵 勹 巳	bāo
龆	止 口	止 人 凵 刀 口	tiáo
龇	止 匕	止 人 凵 止 匕	zī
龈	止 艮	止 人 凵 艮	yín kěn
龉	止 口	止 人 凵 五 口	yǔ
龊	止 人	止 人 凵 口 丨 一 人	chuò
龋	止 禹	止 人 凵 禹	qǔ
龌	止 土	止 人 凵 尸 一 厶 土	wò
龙	𠂇 丶	𠂇 乛 丿 丶	lóng
龚	龙 八	龙 艹 一 八	gōng
龛	人 龙	人 一 口 龙	kān
龟	⺈ 乛	⺈ 丨 乛 一 一 乛	guī jūn qiū
龠	人 艹	人 一 口 口 口 冂 艹	yuè
龢	人 禾	人 一 口 口 口 冂 艹 禾	hé
鿍	土 丨	土 夂 一 乛 丨	gàng
鿎	石 辶	石 大 辶	tǎ
鿏	钅 夂	钅 龶 夂	mài
鿔	钅 口	钅 丁 口 丁 口	gē
鿫	气 大	气 丿 冂 米 大	ào
鿬	石 田	石 由	tián
鿭	钅 小	钅 ⺈ 小	xǐ
𠅤	亠 心	亠 田 心	xí
𠙶	了 凵	了 凵	ǒu
𠳐	口 阝	口 寿上 阝	bāng
𡎚	土 艹	土 户 冂 艹	piǎn
𡐓	土 ㄟ	土 广 乛 一 一 丨 冫 丿 ㄟ	kāng
𣗋	木 儿	木 ⺌ 冖 口 儿	dǎng
𣲗	氵 韦	氵 韦	wéi
𣲘	氵 无	氵 无	wǔ
𣸣	氵 人	氵 十 艹 冂 人	fén
𤆵	火 巴	火 巴	pā
𤧛	王 巾	王 亠 丷 冖 巾	dì
𤩽	王 犬	王 十 冂 丷 干 犬	huán
𤫉	王 又	王 火 亠 一 一 口 火 又	xiè
𥔲	石 亏	石 口 口 亏	è
𥕢	石 日	石 一 丨 乛 一 丨 丨 一 日	cáo
𥖨	石 木	石 口 口 口 木	zào
𥻗	米 一	米 木 日 一	chá
𦈡	纟 而	纟 雨 而	xū
𦒍	立 习	立 里 习 习	tóng
𦙶	月 口	月 十 口	gǔ
𦝼	月 女	月 米 女	lǘ
𦭜	艹 八	艹 口 八	zhī
𦰡	艹 阝	艹 乛 一 一 丿 阝	nà nuó
𧿹	⻊ 母	⻊ 母	mǔ
𨐈	车 兀	车 ⺌ 兀	guāng
𨙸	十 阝	十 又 阝	qí
𨚕	厶 阝	厶 廾 阝	biàn
𨟠	目 阝	目 目 亻 亠 龶 阝	quān
𨭉	文 金	文 一 弋 止 金	bān
𨱇	钅 求	钅 求	qiú
𨱏	钅 口	钅 艹 人 一 口	dā
𨱑	钅 八	钅 艹 一 由 八	huáng
𨱔	钅 寸	钅 丷 酉 寸	zūn
𨺙	阝 儿	阝 臼 儿	nì
𩽾	鱼 女	鱼 宀 女	ān
𩾃	鱼 乛	鱼 ⺈ 丨 乛 一 丿 乛	miǎn
𩾌	鱼 ㄟ	鱼 广 乛 一 一 丨 冫 丿 ㄟ	kāng
𪟝	龶 力	龶 冂 人 力	jì
𪣻	土 女	土 米 女	lǒu
𪤗	土 丿	土 习 习 人 丿 丿 丿	liào
𪨰	山 曲	山 曲	qǔ
𪨶	山 车	山 大 车	shē
𪩘	山 犬	山 十 冂 丷 干 犬	yǎn
𪾢	目 见下	目 冂 见下	xiàn
𫄧	纟 廴	纟 丿 丨 一 乛 廴	yán
𫄨	纟 巾	纟 乂 𠂇 巾	chī
𫄷	纟 心	纟 立 日 心	yì
𫄸	纟 灬	纟 丿 一 丨 乛 丶 丿 一 丨 一 一 灬	xūn
𫇭	艹 为	艹 为	Wěi
𫌀	衤 人	衤 龶 冂 人	jì
𫍣	讠 口	讠 冂 一 口	tóng
𫍯	讠 口	讠 戌 口	xián
𫍲	讠 又	讠 丿 丨 一 乛 一 一 丨 又	xiǎo
𫍽	讠 𧘇	讠 罒 一 口 𧘇	xuān
𫐄	车 兀	车 兀	yuè
𫐐	车 儿	车 臼 儿	ní
𫐓	车 木	车 龴 乛 丨 丿 木	róu
𫑡	口 阝	口 电 阝	méng
𫓧	钅 夫	钅 夫	fū
𫓯	钅 土	钅 土 土	jī
𫓶	钅 月	钅 口 月	xuān
𫓹	钅 八	钅 其上 八	jī
𫔍	钅 田	钅 丿 米 田	fán
𫔎	钅 口	钅 龴 乛 丨 丿 冂 八 口	jué
𫔶	门 木	门 自 木	niè
𫖮	山 人	山 己 一 丿 冂 人	yǐ
𫖯	儿 人	儿 冫 丿 丶 一 丿 冂 人	fǔ
𫖳	尹 人	尹 口 一 丿 冂 人	yūn
𫗧	饣 束	饣 束	sù
𫗴	饣 一	饣 亠 囗 口 日 一	zhān
𫘜	马 文	马 文	wén
𫘝	马 夬guài	马 夬	jué
𫘦	马 缶	马 勹 缶	táo
𫘧	马 氺	马 彐 氺	lù
𫘨	马 人	马 日 一 丨 一 人	tí
𫘪	马 小	马 厂 白 小	yuán
𫘬	马 大	马 丿 ⺍ 幺 大	xí
𫚕	鱼 巾	鱼 丨 丿 一 巾	shī
𫚖	止 鱼	止 匕 鱼	cǐ
𫚭	鱼 乛	鱼 乛 乛 乛 囗 乂 乛 丶 丶 乛 丶 丶 乛	liè
𫛭	犭 鸟	犭 王 鸟	kuáng
𫞩	王 两	王 艹 两	mén
𫟅	纟 小	纟 亠 口 小	jīng
𫟦	车 辶	车 丷 豕 辶	suì
𫟷	钅 立	钅 立	lì
𫟹	钅 八	钅 艹 一 八	hóng
𫟼	钅 辶	钅 大 辶	dá
𫠆	十 人	十 又 一 丿 冂 人	kuǐ
𫠊	马 幺	马 亠 幺	xuán
𫠜	止 儿	止 人 凵 臼 儿	ní
𫢸	亻 丨	亻 丷 丨 乛 一 一 一 丨	dàn
𫫇	口 心	口 亚 心	ě
𫭟	土 乂	土 匚 乂	qū
𫭢	土 匕	土 人 匕	lǔn
𫭼	土 力	土 艹 冖 力	láo
𫮃	土 丨	土 丷 丨 乛 一 一 一 丨	shàn
𫰛	女 工	女 乛 丶 工	xíng
𫵷	山 力	山 厂 力	lì
𫶇	山 巾	山 带上 冖 巾	dié
𫷷	广 人	广 钅 ⺈ 人	xīn
𫸩	弓 乂	弓 匚 乂	kōu
𬀩	日 韦	日 韦	wěi
𬀪	日 见下	日 冂 见下	xiàn
𬂩	木 夹	木 夹	jiā
𬃊	木 人	木 丿 丿 十 冂 人	zhì
𬇕	氵 万	氵 万	wàn
𬇙	氵 人	氵 冂 人	pèi
𬇹	氵 玉	氵 囗 玉	guó
𬉼	火 乂	火 匚 乂	ōu ǒu
𬊈	火 寸	火 彐 寸	xún
𬊤	火 丨	火 丷 丨 乛 一 一 一 丨	chǎn
𬌗	牙 口	牙 人 一 口	hé
𬍛	王 乐	王 乐	lì
𬍡	氵 玉	氵 乛 丿 丿 玉	dàng
𬍤	王 寸	王 彐 寸	xún
𬒈	⺍ 石	⺍ 冖 石	què
𬒔	石 月	石 止 月	gěng
𬒗	石 见下	石 丨 丨 丿 一 丶 冂 见下	lán
𬕂	⺮ 人	⺮ 工 冂 人	lǒng
𬘓	纟 川	纟 川	xún
𬘘	纟 乛	纟 丶 乛 丿 乛	dǎn
𬘡	纟 大	纟 囗 大	yīn
𬘩	纟 廴	纟 壬 廴	tīng
𬘫	纟 儿	纟 宀 二 儿	huán
𬘬	纟 月	纟 龶 月	qiàn
𬘭	纟 木	纟 木 木	lín chēn
𬘯	纟 子	纟 亠 口 子	zhǔn zhùn
𬙂	纟 八	纟 宀 一 由 八	yǎn
𬙊	纟 土	纟 黑 土	mò
𬙋	纟 𧘇	纟 亠 口 口 一 一 丨 丨 一 𧘇	xiāng
𬜬	艹 口	艹 门 口	màn
𬜯	艹 两	艹 两	liǎng
𬞟	艹 人	艹 止 丨 丿 丿 一 丿 冂 人	pín
𬟁	艹 鸟	艹 一 口 冂 丷 一 丨 鸟	yì
𬟽	虫 东	虫 东	dōng
𬣙	讠 于	讠 于	xū
𬣞	讠 一	讠 宀 一	zhǔ
𬣡	讠 戋	讠 戋	jiàn
𬣳	讠 艮	讠 艮	hěn
𬤇	讠 土	讠 西 土	yīn
𬤊	讠 人	讠 日 一 丨 一 人	shì
𬤝	讠 心	讠 一 丨 乛 一 一 丨 一 丶 心	huì
𬨂	车 氏	车 氏	qí
𬨎	车 酉	车 丷 酉	yóu
𬩽	彐 阝	彐 寸 阝	xún
𬪩	酉 农	酉 农	nóng
𬬩	钅 弋	钅 弋	yì
𬬭	钅 匕	钅 人 匕	lún
𬬮	钅 长	钅 长	chǎng
𬬱	钅 斤	钅 斤	jīn
𬬸	钅 术	钅 术	shù
𬬹	钅 申	钅 申	shén
𬬻	3钅 尸	钅 丨 一 尸	lú
𬬿	钅 口	钅 刀 口	zhāo
𬭁	钅 母	钅 母	mǔ
𬭊	钅 土	钅 木 土	dù
𬭎	钅 厶	钅 宀 𠂇 厶	hóng
𬭚	钅 子	钅 亠 口 子	chún duì
𬭛	钅 又	钅 氵 乛 丿 丨 又	bō
𬭤	钅 矢	钅 亻 乛 一 矢	hóu
𬭩	钅 习	钅 八 厶 习 习	wēng
𬭬	钅 彐	钅 丰 丰 彐	wèi
𬭯	钅 攵	钅 丶 丿 丨 乛 丨 丿 丶 攵	pǐe
𬭳	钅 口	钅 士 口 丷 一 口	xǐ
𬭶	钅 黑	钅 黑	hēi
𬭸	钅 丨	钅 米 夕 一 乛 丨	lín
𬭼	钅 辶	钅 丷 豕 辶	suì
𬮱	门 土	门 西 土	yīn
𬮿	阝 己	阝 山 己	gāi
𬯀	阝 丨	阝 文 丿 丨	jī
𬯎	阝 人	阝 中 一 冂 人	tuí
𬱖	由 人	由 一 丿 冂 人	dí
𬱟	⺈ 人	⺈ 厂 乛 乛 一 丿 冂 人	wěi
𬳵	马 丕	马 丕	pī
𬳶	马 口	马 冂 口	jiōng
𬳽	马 儿	马 ⺧ 儿	shēn
𬳿	马 余下	马 人 余下	tú
𬴂	马 非	马 非	fēi
𬴃	马 石	马 丰 石	huō
𬴊	马 丨	马 米 夕 一 乛 丨	lín
𬶋	鱼 口	鱼 勹 口	jū
𬶍	鱼 匕	鱼 宀 匕	tuó
𬶏	鱼 乛	鱼 ⺈ 厂 乛 乛	wéi
𬶐	鱼 丶	鱼 儿 冫 丿 丶	zhào
𬶟	鱼 刂	鱼 束 刂	là
𬶠	鱼 柬	鱼 柬	liàn
𬶨	即左 鱼	即左 一 乛 丿 乛 鱼	jì
𬶭	鱼 小	鱼 丿 乛 丶 丶 二 小	jì
𬶮	鱼 口	鱼 士 口 丷 一 口	xǐ
𬷕	甫 鸟	甫 鸟	bū
𬸘	匚 鸟	匚 日 女 鸟	yǎn
𬸚	犭 鸟	犭 讠 犬 鸟	yuè
𬸣	宀 鸟	宀 一 一 丨 丨 一 八 鸟	xīan
𬸦	方 鸟	方 丿 一 矢 鸟	zhuó
𬸪	丿 鸟	丿 米 田 鸟	fán
𬹼	止 丨	止 人 凵 人 丿 丨	xiè
𬺈	止 口	止 人 凵 大 丁 口	yǐ
𬺓	止 人	止 人 凵 木 木 乛 丨 一 人	chǔ
𰻝	辶 心	辶 宀 八 幺 亠 一 一 口 幺 长 马 长 月 刂 心	biáng
